shift_id,employee_id,client_id,shift_date,scheduled_start,scheduled_end,scheduled_hours,clock_in,clock_out,actual_hours,status,created_at
1,448,7,2026-07-01,2026-07-01 09:00:00,2026-07-01 17:00:00,8,2026-07-01 09:00:00,2026-07-01 17:00:00,8.0,Completed,2026-06-30
2,446,14,2026-07-01,2026-07-01 15:00:00,2026-07-01 21:00:00,6,2026-07-01 15:00:00,2026-07-01 21:00:00,6.0,Completed,2026-06-30
3,5,3,2026-07-01,2026-07-01 14:00:00,2026-07-02 02:00:00,12,2026-07-01 14:00:00,2026-07-02 02:00:00,12.0,Completed,2026-06-30
4,479,17,2026-07-01,2026-07-01 08:00:00,2026-07-01 12:00:00,4,2026-07-01 08:00:00,2026-07-01 12:00:00,4.0,Completed,2026-06-30
5,530,1,2026-07-01,2026-07-01 06:00:00,2026-07-01 12:00:00,6,2026-07-01 06:00:00,2026-07-01 12:00:00,6.0,Completed,2026-06-30
6,513,5,2026-07-01,2026-07-01 07:00:00,2026-07-01 19:00:00,12,,,0.0,Cancelled - Employee,2026-06-30
7,528,19,2026-07-01,2026-07-01 07:00:00,2026-07-01 19:00:00,12,,,0.0,Cancelled - Client,2026-06-30
8,525,15,2026-07-01,2026-07-01 08:00:00,2026-07-01 14:00:00,6,2026-07-01 08:00:00,2026-07-01 14:00:00,6.0,Completed,2026-06-30
9,22,23,2026-07-01,2026-07-01 08:00:00,2026-07-01 12:00:00,4,2026-07-01 08:00:00,2026-07-01 12:00:00,4.0,Completed,2026-06-30
10,457,25,2026-07-01,2026-07-01 07:00:00,2026-07-01 15:00:00,8,2026-07-01 07:00:00,2026-07-01 15:00:00,8.0,Completed,2026-06-30
11,522,4,2026-07-01,2026-07-01 14:00:00,2026-07-01 20:00:00,6,2026-07-01 14:00:00,2026-07-01 20:00:00,6.0,Completed,2026-06-30
12,25,16,2026-07-01,2026-07-01 14:00:00,2026-07-01 22:00:00,8,2026-07-01 14:00:00,2026-07-01 22:00:00,8.0,Completed,2026-06-30
13,402,17,2026-07-02,2026-07-02 15:00:00,2026-07-02 21:00:00,6,2026-07-02 15:00:00,2026-07-02 21:00:00,6.0,Completed,2026-06-30
14,530,22,2026-07-02,2026-07-02 14:00:00,2026-07-03 02:00:00,12,2026-07-02 14:00:00,2026-07-03 02:00:00,12.0,Completed,2026-06-30
15,5,1,2026-07-02,2026-07-02 06:00:00,2026-07-02 12:00:00,6,2026-07-02 06:00:00,2026-07-02 12:00:00,6.0,Completed,2026-06-30
16,25,15,2026-07-02,2026-07-02 07:00:00,2026-07-02 15:00:00,8,2026-07-02 07:00:00,2026-07-02 15:00:00,8.0,Completed,2026-06-30
17,395,12,2026-07-02,2026-07-02 09:00:00,2026-07-02 17:00:00,8,2026-07-02 09:00:00,2026-07-02 17:00:00,8.0,Completed,2026-06-30
18,13,23,2026-07-02,2026-07-02 08:00:00,2026-07-02 20:00:00,12,2026-07-02 08:00:00,2026-07-02 20:00:00,12.0,Completed,2026-06-30
19,18,26,2026-07-02,2026-07-02 08:00:00,2026-07-02 20:00:00,12,2026-07-02 08:00:00,2026-07-02 20:00:00,12.0,Completed,2026-06-30
20,26,28,2026-07-02,2026-07-02 15:00:00,2026-07-02 23:00:00,8,2026-07-02 15:00:00,2026-07-02 23:00:00,8.0,Completed,2026-06-30
21,381,5,2026-07-02,2026-07-02 22:00:00,2026-07-03 06:00:00,8,2026-07-02 22:00:00,2026-07-03 06:00:00,8.0,Completed,2026-06-30
22,464,16,2026-07-02,2026-07-02 07:00:00,2026-07-02 15:00:00,8,2026-07-02 07:00:00,2026-07-02 15:00:00,8.0,Completed,2026-06-30
23,428,19,2026-07-02,2026-07-02 09:00:00,2026-07-02 15:00:00,6,,,0.0,No-Show,2026-06-30
24,11,3,2026-07-02,2026-07-02 09:00:00,2026-07-02 13:00:00,4,,,0.0,Cancelled - Employee,2026-06-30
25,394,27,2026-07-02,2026-07-02 22:00:00,2026-07-03 10:00:00,12,,,0.0,No-Show,2026-06-30
26,20,3,2026-07-03,2026-07-03 07:00:00,2026-07-03 19:00:00,12,2026-07-03 07:00:00,2026-07-03 19:00:00,12.0,Completed,2026-06-30
27,428,19,2026-07-03,2026-07-03 07:00:00,2026-07-03 11:00:00,4,2026-07-03 07:00:00,2026-07-03 11:00:00,4.0,Completed,2026-06-30
28,517,17,2026-07-03,2026-07-03 14:00:00,2026-07-04 02:00:00,12,,,0.0,No-Show,2026-06-30
29,464,15,2026-07-03,2026-07-03 07:00:00,2026-07-03 13:00:00,6,2026-07-03 07:00:00,2026-07-03 13:00:00,6.0,Completed,2026-06-30
30,509,25,2026-07-03,2026-07-03 06:00:00,2026-07-03 10:00:00,4,2026-07-03 06:00:00,2026-07-03 10:00:00,4.0,Completed,2026-06-30
31,308,9,2026-07-03,2026-07-03 14:00:00,2026-07-04 02:00:00,12,2026-07-03 14:00:00,2026-07-04 02:00:00,12.0,Completed,2026-06-30
32,493,26,2026-07-03,2026-07-03 09:00:00,2026-07-03 21:00:00,12,2026-07-03 09:00:00,2026-07-03 21:00:00,12.0,Completed,2026-06-30
33,522,1,2026-07-03,2026-07-03 09:00:00,2026-07-03 13:00:00,4,,,0.0,Cancelled - Client,2026-06-30
34,13,24,2026-07-03,2026-07-03 22:00:00,2026-07-04 02:00:00,4,2026-07-03 22:00:00,2026-07-04 02:00:00,4.0,Completed,2026-06-30
35,5,5,2026-07-03,2026-07-03 09:00:00,2026-07-03 17:00:00,8,,,0.0,Cancelled - Employee,2026-06-30
36,381,16,2026-07-03,2026-07-03 09:00:00,2026-07-03 17:00:00,8,2026-07-03 09:00:00,2026-07-03 17:00:00,8.0,Completed,2026-06-30
37,13,26,2026-07-04,2026-07-04 09:00:00,2026-07-04 21:00:00,12,2026-07-04 09:00:00,2026-07-04 21:00:00,12.0,Completed,2026-06-30
38,522,5,2026-07-04,2026-07-04 06:00:00,2026-07-04 10:00:00,4,2026-07-04 06:00:00,2026-07-04 10:00:00,4.0,Completed,2026-06-30
39,523,10,2026-07-04,2026-07-04 14:00:00,2026-07-04 20:00:00,6,,,,Scheduled,2026-06-30
40,513,22,2026-07-04,2026-07-04 09:00:00,2026-07-04 13:00:00,4,2026-07-04 09:00:00,2026-07-04 13:00:00,4.0,Completed,2026-06-30
41,466,19,2026-07-04,2026-07-04 14:00:00,2026-07-04 22:00:00,8,2026-07-04 14:00:00,2026-07-04 22:00:00,8.0,Completed,2026-06-30
42,349,28,2026-07-04,2026-07-04 07:00:00,2026-07-04 19:00:00,12,2026-07-04 07:00:00,2026-07-04 19:00:00,12.0,Completed,2026-06-30
43,358,2,2026-07-04,2026-07-04 06:00:00,2026-07-04 12:00:00,6,2026-07-04 06:00:00,2026-07-04 12:00:00,6.0,Completed,2026-06-30
44,25,15,2026-07-04,2026-07-04 08:00:00,2026-07-04 20:00:00,12,2026-07-04 08:00:00,2026-07-04 20:00:00,12.0,Completed,2026-06-30
45,5,29,2026-07-04,2026-07-04 14:00:00,2026-07-04 22:00:00,8,2026-07-04 14:00:00,2026-07-04 22:00:00,8.0,Completed,2026-06-30
46,440,25,2026-07-04,2026-07-04 06:00:00,2026-07-04 18:00:00,12,2026-07-04 06:00:00,2026-07-04 18:00:00,12.0,Completed,2026-06-30
47,525,1,2026-07-04,2026-07-04 22:00:00,2026-07-05 04:00:00,6,2026-07-04 22:00:00,2026-07-05 04:00:00,6.0,Completed,2026-06-30
48,26,17,2026-07-04,2026-07-04 22:00:00,2026-07-05 10:00:00,12,2026-07-04 22:00:00,2026-07-05 10:00:00,12.0,Completed,2026-06-30
49,517,7,2026-07-04,2026-07-04 15:00:00,2026-07-04 21:00:00,6,2026-07-04 15:00:00,2026-07-04 21:00:00,6.0,Completed,2026-06-30
50,11,16,2026-07-04,2026-07-04 22:00:00,2026-07-05 06:00:00,8,2026-07-04 22:00:00,2026-07-05 06:00:00,8.0,Completed,2026-06-30
51,534,6,2026-07-04,2026-07-04 07:00:00,2026-07-04 19:00:00,12,2026-07-04 07:00:00,2026-07-04 19:00:00,12.0,Completed,2026-06-30
52,477,24,2026-07-05,2026-07-05 22:00:00,2026-07-06 04:00:00,6,2026-07-05 22:00:00,2026-07-06 04:00:00,6.0,Completed,2026-06-30
53,20,15,2026-07-05,2026-07-05 06:00:00,2026-07-05 18:00:00,12,2026-07-05 06:00:00,2026-07-05 18:00:00,12.0,Completed,2026-06-30
54,527,17,2026-07-05,2026-07-05 15:00:00,2026-07-05 21:00:00,6,,,0.0,No-Show,2026-06-30
55,308,21,2026-07-05,2026-07-05 08:00:00,2026-07-05 14:00:00,6,2026-07-05 08:00:00,2026-07-05 14:00:00,6.0,Completed,2026-06-30
56,442,4,2026-07-05,2026-07-05 14:00:00,2026-07-06 02:00:00,12,2026-07-05 14:00:00,2026-07-06 02:00:00,12.0,Completed,2026-06-30
57,522,3,2026-07-05,2026-07-05 14:00:00,2026-07-05 20:00:00,6,2026-07-05 14:00:00,2026-07-05 20:00:00,6.0,Completed,2026-06-30
58,517,9,2026-07-05,2026-07-05 07:00:00,2026-07-05 11:00:00,4,,,0.0,Cancelled - Employee,2026-06-30
59,528,10,2026-07-05,2026-07-05 06:00:00,2026-07-05 18:00:00,12,,,0.0,Cancelled - Client,2026-06-30
60,428,19,2026-07-05,2026-07-05 15:00:00,2026-07-05 19:00:00,4,2026-07-05 15:00:00,2026-07-05 19:00:00,4.0,Completed,2026-06-30
61,478,26,2026-07-05,2026-07-05 15:00:00,2026-07-05 23:00:00,8,2026-07-05 15:00:00,2026-07-05 23:00:00,8.0,Completed,2026-06-30
62,381,5,2026-07-05,2026-07-05 08:00:00,2026-07-05 16:00:00,8,2026-07-05 08:00:00,2026-07-05 16:00:00,8.0,Completed,2026-06-30
63,25,16,2026-07-05,2026-07-05 08:00:00,2026-07-05 20:00:00,12,2026-07-05 08:00:00,2026-07-05 20:00:00,12.0,Completed,2026-06-30
64,457,28,2026-07-06,2026-07-06 15:00:00,2026-07-07 03:00:00,12,2026-07-06 15:00:00,2026-07-07 03:00:00,12.0,Completed,2026-06-30
65,461,26,2026-07-06,2026-07-06 09:00:00,2026-07-06 13:00:00,4,,,0.0,No-Show,2026-06-30
66,510,19,2026-07-06,2026-07-06 06:00:00,2026-07-06 14:00:00,8,2026-07-06 06:00:00,2026-07-06 14:00:00,8.0,Completed,2026-06-30
67,448,21,2026-07-06,2026-07-06 07:00:00,2026-07-06 11:00:00,4,2026-07-06 07:00:00,2026-07-06 11:00:00,4.0,Completed,2026-06-30
68,247,32,2026-07-06,2026-07-06 06:00:00,2026-07-06 12:00:00,6,,,0.0,Cancelled - Employee,2026-06-30
69,26,17,2026-07-06,2026-07-06 22:00:00,2026-07-07 04:00:00,6,2026-07-06 22:00:00,2026-07-07 04:00:00,6.0,Completed,2026-06-30
70,358,14,2026-07-06,2026-07-06 08:00:00,2026-07-06 20:00:00,12,2026-07-06 08:00:00,2026-07-06 20:00:00,12.0,Completed,2026-06-30
71,466,30,2026-07-06,2026-07-06 06:00:00,2026-07-06 14:00:00,8,,,0.0,Cancelled - Employee,2026-06-30
72,525,3,2026-07-06,2026-07-06 22:00:00,2026-07-07 02:00:00,4,2026-07-06 22:00:00,2026-07-07 02:00:00,4.0,Completed,2026-06-30
73,419,24,2026-07-06,2026-07-06 08:00:00,2026-07-06 16:00:00,8,2026-07-06 08:00:00,2026-07-06 16:00:00,8.0,Completed,2026-06-30
74,481,4,2026-07-06,2026-07-06 06:00:00,2026-07-06 12:00:00,6,2026-07-06 06:00:00,2026-07-06 12:00:00,6.0,Completed,2026-06-30
75,517,25,2026-07-06,2026-07-06 07:00:00,2026-07-06 19:00:00,12,2026-07-06 07:00:00,2026-07-06 19:00:00,12.0,Completed,2026-06-30
76,530,29,2026-07-06,2026-07-06 08:00:00,2026-07-06 14:00:00,6,,,0.0,No-Show,2026-06-30
77,5,1,2026-07-06,2026-07-06 09:00:00,2026-07-06 17:00:00,8,2026-07-06 09:00:00,2026-07-06 17:00:00,8.0,Completed,2026-06-30
78,17,15,2026-07-06,2026-07-06 07:00:00,2026-07-06 11:00:00,4,2026-07-06 07:00:00,2026-07-06 11:00:00,4.0,Completed,2026-06-30
79,442,16,2026-07-06,2026-07-06 14:00:00,2026-07-06 20:00:00,6,2026-07-06 14:00:00,2026-07-06 20:00:00,6.0,Completed,2026-06-30
80,25,5,2026-07-06,2026-07-06 06:00:00,2026-07-06 10:00:00,4,2026-07-06 06:00:00,2026-07-06 10:00:00,4.0,Completed,2026-06-30
81,464,22,2026-07-06,2026-07-06 14:00:00,2026-07-06 22:00:00,8,2026-07-06 14:00:00,2026-07-06 22:00:00,8.0,Completed,2026-06-30
82,513,1,2026-07-07,2026-07-07 14:00:00,2026-07-07 18:00:00,4,2026-07-07 14:00:00,2026-07-07 18:00:00,4.0,Completed,2026-06-30
83,436,32,2026-07-07,2026-07-07 08:00:00,2026-07-07 14:00:00,6,2026-07-07 08:00:00,2026-07-07 14:00:00,6.0,Completed,2026-06-30
84,532,15,2026-07-07,2026-07-07 22:00:00,2026-07-08 06:00:00,8,2026-07-07 22:00:00,2026-07-08 06:00:00,8.0,Completed,2026-06-30
85,264,26,2026-07-07,2026-07-07 14:00:00,2026-07-07 20:00:00,6,2026-07-07 14:00:00,2026-07-07 20:00:00,6.0,Completed,2026-06-30
86,11,5,2026-07-07,2026-07-07 15:00:00,2026-07-07 23:00:00,8,2026-07-07 15:00:00,2026-07-07 23:00:00,8.0,Completed,2026-06-30
87,477,6,2026-07-07,2026-07-07 08:00:00,2026-07-07 16:00:00,8,,,0.0,Cancelled - Employee,2026-06-30
88,358,30,2026-07-07,2026-07-07 07:00:00,2026-07-07 13:00:00,6,2026-07-07 07:00:00,2026-07-07 13:00:00,6.0,Completed,2026-06-30
89,349,28,2026-07-07,2026-07-07 09:00:00,2026-07-07 21:00:00,12,2026-07-07 09:00:00,2026-07-07 21:00:00,12.0,Completed,2026-06-30
90,527,25,2026-07-07,2026-07-07 22:00:00,2026-07-08 04:00:00,6,2026-07-07 22:00:00,2026-07-08 04:00:00,6.0,Completed,2026-06-30
91,498,19,2026-07-07,2026-07-07 06:00:00,2026-07-07 14:00:00,8,2026-07-07 06:00:00,2026-07-07 14:00:00,8.0,Completed,2026-06-30
92,511,16,2026-07-07,2026-07-07 22:00:00,2026-07-08 10:00:00,12,2026-07-07 22:00:00,2026-07-08 10:00:00,12.0,Completed,2026-06-30
93,522,3,2026-07-07,2026-07-07 22:00:00,2026-07-08 04:00:00,6,2026-07-07 22:00:00,2026-07-08 04:00:00,6.0,Completed,2026-06-30
94,14,2,2026-07-07,2026-07-07 08:00:00,2026-07-07 12:00:00,4,2026-07-07 08:00:00,2026-07-07 12:00:00,4.0,Completed,2026-06-30
95,445,7,2026-07-07,2026-07-07 06:00:00,2026-07-07 18:00:00,12,2026-07-07 06:00:00,2026-07-07 18:00:00,12.0,Completed,2026-06-30
96,26,17,2026-07-07,2026-07-07 15:00:00,2026-07-07 23:00:00,8,,,0.0,Cancelled - Employee,2026-06-30
97,529,6,2026-07-08,2026-07-08 06:00:00,2026-07-08 10:00:00,4,2026-07-08 06:00:00,2026-07-08 10:00:00,4.0,Completed,2026-06-30
98,510,19,2026-07-08,2026-07-08 14:00:00,2026-07-08 20:00:00,6,2026-07-08 14:00:00,2026-07-08 20:00:00,6.0,Completed,2026-06-30
99,435,30,2026-07-08,2026-07-08 14:00:00,2026-07-09 02:00:00,12,2026-07-08 14:00:00,2026-07-09 02:00:00,12.0,Completed,2026-06-30
100,11,27,2026-07-08,2026-07-08 06:00:00,2026-07-08 10:00:00,4,2026-07-08 06:00:00,2026-07-08 10:00:00,4.0,Completed,2026-06-30
101,14,14,2026-07-08,2026-07-08 07:00:00,2026-07-08 11:00:00,4,2026-07-08 07:00:00,2026-07-08 11:00:00,4.0,Completed,2026-06-30
102,381,29,2026-07-08,2026-07-08 07:00:00,2026-07-08 19:00:00,12,,,0.0,Cancelled - Client,2026-06-30
103,442,1,2026-07-08,2026-07-08 08:00:00,2026-07-08 20:00:00,12,,,0.0,Cancelled - Client,2026-06-30
104,522,3,2026-07-08,2026-07-08 22:00:00,2026-07-09 10:00:00,12,2026-07-08 22:00:00,2026-07-09 10:00:00,12.0,Completed,2026-06-30
105,348,26,2026-07-08,2026-07-08 09:00:00,2026-07-08 13:00:00,4,2026-07-08 09:00:00,2026-07-08 13:00:00,4.0,Completed,2026-06-30
106,440,33,2026-07-08,2026-07-08 06:00:00,2026-07-08 14:00:00,8,2026-07-08 06:00:00,2026-07-08 14:00:00,8.0,Completed,2026-06-30
107,524,2,2026-07-08,2026-07-08 07:00:00,2026-07-08 11:00:00,4,2026-07-08 07:00:00,2026-07-08 11:00:00,4.0,Completed,2026-06-30
108,532,15,2026-07-08,2026-07-08 09:00:00,2026-07-08 21:00:00,12,2026-07-08 09:00:00,2026-07-08 21:00:00,12.0,Completed,2026-06-30
109,358,32,2026-07-08,2026-07-08 14:00:00,2026-07-09 02:00:00,12,2026-07-08 14:00:00,2026-07-09 02:00:00,12.0,Completed,2026-06-30
110,517,25,2026-07-08,2026-07-08 07:00:00,2026-07-08 11:00:00,4,,,0.0,Cancelled - Client,2026-06-30
111,513,5,2026-07-08,2026-07-08 15:00:00,2026-07-08 21:00:00,6,2026-07-08 15:00:00,2026-07-08 21:00:00,6.0,Completed,2026-06-30
112,521,17,2026-07-08,2026-07-08 09:00:00,2026-07-08 13:00:00,4,2026-07-08 09:00:00,2026-07-08 13:00:00,4.0,Completed,2026-06-30
113,5,16,2026-07-08,2026-07-08 15:00:00,2026-07-09 03:00:00,12,,,0.0,No-Show,2026-06-30
114,455,30,2026-07-09,2026-07-09 07:00:00,2026-07-09 13:00:00,6,2026-07-09 07:00:00,2026-07-09 13:00:00,6.0,Completed,2026-06-30
115,25,1,2026-07-09,2026-07-09 22:00:00,2026-07-10 02:00:00,4,2026-07-09 22:00:00,2026-07-10 02:00:00,4.0,Completed,2026-06-30
116,472,26,2026-07-09,2026-07-09 14:00:00,2026-07-09 18:00:00,4,2026-07-09 14:00:00,2026-07-09 18:00:00,4.0,Completed,2026-06-30
117,464,16,2026-07-09,2026-07-09 06:00:00,2026-07-09 14:00:00,8,2026-07-09 06:00:00,2026-07-09 14:00:00,8.0,Completed,2026-06-30
118,14,19,2026-07-09,2026-07-09 22:00:00,2026-07-10 02:00:00,4,2026-07-09 22:00:00,2026-07-10 02:00:00,4.0,Completed,2026-06-30
119,532,3,2026-07-09,2026-07-09 15:00:00,2026-07-09 21:00:00,6,2026-07-09 15:00:00,2026-07-09 21:00:00,6.0,Completed,2026-06-30
120,520,4,2026-07-09,2026-07-09 07:00:00,2026-07-09 15:00:00,8,2026-07-09 07:00:00,2026-07-09 15:00:00,8.0,Completed,2026-06-30
121,522,5,2026-07-09,2026-07-09 09:00:00,2026-07-09 17:00:00,8,,,0.0,Cancelled - Client,2026-06-30
122,517,33,2026-07-09,2026-07-09 22:00:00,2026-07-10 02:00:00,4,2026-07-09 22:00:00,2026-07-10 02:00:00,4.0,Completed,2026-06-30
123,524,32,2026-07-09,2026-07-09 14:00:00,2026-07-09 18:00:00,4,2026-07-09 14:00:00,2026-07-09 18:00:00,4.0,Completed,2026-06-30
124,457,17,2026-07-09,2026-07-09 14:00:00,2026-07-09 22:00:00,8,2026-07-09 14:00:00,2026-07-09 22:00:00,8.0,Completed,2026-06-30
125,513,29,2026-07-09,2026-07-09 15:00:00,2026-07-10 03:00:00,12,2026-07-09 15:00:00,2026-07-10 03:00:00,12.0,Completed,2026-06-30
126,381,22,2026-07-09,2026-07-09 06:00:00,2026-07-09 18:00:00,12,2026-07-09 06:00:00,2026-07-09 18:00:00,12.0,Completed,2026-06-30
127,5,15,2026-07-09,2026-07-09 08:00:00,2026-07-09 14:00:00,6,,,0.0,Cancelled - Employee,2026-06-30
128,11,27,2026-07-09,2026-07-09 06:00:00,2026-07-09 12:00:00,6,2026-07-09 06:00:00,2026-07-09 12:00:00,6.0,Completed,2026-06-30
129,520,16,2026-07-10,2026-07-10 09:00:00,2026-07-10 15:00:00,6,2026-07-10 09:00:00,2026-07-10 15:00:00,6.0,Completed,2026-06-30
130,324,34,2026-07-10,2026-07-10 08:00:00,2026-07-10 16:00:00,8,,,,Scheduled,2026-06-30
131,402,17,2026-07-10,2026-07-10 09:00:00,2026-07-10 13:00:00,4,2026-07-10 09:00:00,2026-07-10 13:00:00,4.0,Completed,2026-06-30
132,376,26,2026-07-10,2026-07-10 06:00:00,2026-07-10 12:00:00,6,2026-07-10 06:00:00,2026-07-10 12:00:00,6.0,Completed,2026-06-30
133,530,1,2026-07-10,2026-07-10 15:00:00,2026-07-10 21:00:00,6,2026-07-10 15:00:00,2026-07-10 21:00:00,6.0,Completed,2026-06-30
134,464,5,2026-07-10,2026-07-10 08:00:00,2026-07-10 14:00:00,6,2026-07-10 08:00:00,2026-07-10 14:00:00,6.0,Completed,2026-06-30
135,513,22,2026-07-10,2026-07-10 06:00:00,2026-07-10 12:00:00,6,2026-07-10 06:00:00,2026-07-10 12:00:00,6.0,Completed,2026-06-30
136,455,30,2026-07-10,2026-07-10 22:00:00,2026-07-11 10:00:00,12,2026-07-10 22:00:00,2026-07-11 10:00:00,12.0,Completed,2026-06-30
137,27,10,2026-07-10,2026-07-10 07:00:00,2026-07-10 15:00:00,8,,,0.0,Cancelled - Client,2026-06-30
138,507,15,2026-07-10,2026-07-10 09:00:00,2026-07-10 15:00:00,6,,,0.0,No-Show,2026-06-30
139,498,32,2026-07-10,2026-07-10 09:00:00,2026-07-10 21:00:00,12,2026-07-10 09:00:00,2026-07-10 21:00:00,12.0,Completed,2026-06-30
140,358,19,2026-07-10,2026-07-10 06:00:00,2026-07-10 12:00:00,6,2026-07-10 06:00:00,2026-07-10 12:00:00,6.0,Completed,2026-06-30
141,20,4,2026-07-10,2026-07-10 06:00:00,2026-07-10 14:00:00,8,2026-07-10 06:00:00,2026-07-10 14:00:00,8.0,Completed,2026-06-30
142,479,25,2026-07-10,2026-07-10 15:00:00,2026-07-10 19:00:00,4,2026-07-10 15:00:00,2026-07-10 19:00:00,4.0,Completed,2026-06-30
143,522,3,2026-07-10,2026-07-10 07:00:00,2026-07-10 19:00:00,12,,,0.0,No-Show,2026-06-30
144,25,29,2026-07-10,2026-07-10 09:00:00,2026-07-10 17:00:00,8,2026-07-10 09:00:00,2026-07-10 17:00:00,8.0,Completed,2026-06-30
145,17,1,2026-07-11,2026-07-11 15:00:00,2026-07-11 23:00:00,8,2026-07-11 15:00:00,2026-07-11 23:00:00,8.0,Completed,2026-06-30
146,507,22,2026-07-11,2026-07-11 14:00:00,2026-07-11 20:00:00,6,,,0.0,No-Show,2026-06-30
147,455,35,2026-07-11,2026-07-11 15:00:00,2026-07-11 21:00:00,6,2026-07-11 15:00:00,2026-07-11 21:00:00,6.0,Completed,2026-06-30
148,461,24,2026-07-11,2026-07-11 06:00:00,2026-07-11 18:00:00,12,2026-07-11 06:00:00,2026-07-11 18:00:00,12.0,Completed,2026-06-30
149,464,5,2026-07-11,2026-07-11 14:00:00,2026-07-12 02:00:00,12,2026-07-11 14:00:00,2026-07-12 02:00:00,12.0,Completed,2026-06-30
150,15,26,2026-07-11,2026-07-11 06:00:00,2026-07-11 10:00:00,4,2026-07-11 06:00:00,2026-07-11 10:00:00,4.0,Completed,2026-06-30
151,9,6,2026-07-11,2026-07-11 06:00:00,2026-07-11 12:00:00,6,2026-07-11 06:00:00,2026-07-11 12:00:00,6.0,Completed,2026-06-30
152,27,30,2026-07-11,2026-07-11 14:00:00,2026-07-11 20:00:00,6,,,0.0,No-Show,2026-06-30
153,358,19,2026-07-11,2026-07-11 07:00:00,2026-07-11 13:00:00,6,,,0.0,Cancelled - Client,2026-06-30
154,527,25,2026-07-11,2026-07-11 14:00:00,2026-07-12 02:00:00,12,,,0.0,Cancelled - Client,2026-06-30
155,523,32,2026-07-11,2026-07-11 06:00:00,2026-07-11 12:00:00,6,2026-07-11 06:00:00,2026-07-11 12:00:00,6.0,Completed,2026-06-30
156,5,3,2026-07-11,2026-07-11 06:00:00,2026-07-11 14:00:00,8,2026-07-11 06:00:00,2026-07-11 14:00:00,8.0,Completed,2026-06-30
157,513,16,2026-07-11,2026-07-11 22:00:00,2026-07-12 10:00:00,12,,,0.0,Cancelled - Client,2026-06-30
158,511,15,2026-07-11,2026-07-11 22:00:00,2026-07-12 10:00:00,12,2026-07-11 22:00:00,2026-07-12 10:00:00,12.0,Completed,2026-06-30
159,521,7,2026-07-11,2026-07-11 14:00:00,2026-07-11 20:00:00,6,,,0.0,Cancelled - Client,2026-06-30
160,525,29,2026-07-11,2026-07-11 08:00:00,2026-07-11 14:00:00,6,2026-07-11 08:00:00,2026-07-11 14:00:00,6.0,Completed,2026-06-30
161,20,4,2026-07-11,2026-07-11 15:00:00,2026-07-11 23:00:00,8,2026-07-11 15:00:00,2026-07-11 23:00:00,8.0,Completed,2026-06-30
162,509,17,2026-07-11,2026-07-11 08:00:00,2026-07-11 12:00:00,4,,,,Scheduled,2026-06-30
163,525,5,2026-07-12,2026-07-12 14:00:00,2026-07-12 22:00:00,8,,,0.0,Cancelled - Employee,2026-06-30
164,455,10,2026-07-12,2026-07-12 07:00:00,2026-07-12 13:00:00,6,2026-07-12 07:00:00,2026-07-12 13:00:00,6.0,Completed,2026-06-30
165,528,32,2026-07-12,2026-07-12 06:00:00,2026-07-12 12:00:00,6,2026-07-12 06:00:00,2026-07-12 12:00:00,6.0,Completed,2026-06-30
166,509,25,2026-07-12,2026-07-12 15:00:00,2026-07-12 19:00:00,4,,,0.0,Cancelled - Employee,2026-06-30
167,443,34,2026-07-12,2026-07-12 22:00:00,2026-07-13 04:00:00,6,,,0.0,No-Show,2026-06-30
168,403,26,2026-07-12,2026-07-12 22:00:00,2026-07-13 02:00:00,4,2026-07-12 22:00:00,2026-07-13 02:00:00,4.0,Completed,2026-06-30
169,9,37,2026-07-12,2026-07-12 06:00:00,2026-07-12 14:00:00,8,2026-07-12 06:00:00,2026-07-12 14:00:00,8.0,Completed,2026-06-30
170,381,16,2026-07-12,2026-07-12 15:00:00,2026-07-13 03:00:00,12,2026-07-12 15:00:00,2026-07-13 03:00:00,12.0,Completed,2026-06-30
171,358,30,2026-07-12,2026-07-12 06:00:00,2026-07-12 14:00:00,8,2026-07-12 06:00:00,2026-07-12 14:00:00,8.0,Completed,2026-06-30
172,435,19,2026-07-12,2026-07-12 07:00:00,2026-07-12 19:00:00,12,2026-07-12 07:00:00,2026-07-12 19:00:00,12.0,Completed,2026-06-30
173,247,35,2026-07-12,2026-07-12 22:00:00,2026-07-13 04:00:00,6,2026-07-12 22:00:00,2026-07-13 04:00:00,6.0,Completed,2026-06-30
174,17,1,2026-07-12,2026-07-12 06:00:00,2026-07-12 14:00:00,8,2026-07-12 06:00:00,2026-07-12 14:00:00,8.0,Completed,2026-06-30
175,26,28,2026-07-12,2026-07-12 06:00:00,2026-07-12 12:00:00,6,2026-07-12 06:00:00,2026-07-12 12:00:00,6.0,Completed,2026-06-30
176,15,24,2026-07-12,2026-07-12 14:00:00,2026-07-12 18:00:00,4,,,0.0,Cancelled - Client,2026-06-30
177,521,17,2026-07-12,2026-07-12 09:00:00,2026-07-12 21:00:00,12,2026-07-12 09:00:00,2026-07-12 21:00:00,12.0,Completed,2026-06-30
178,20,15,2026-07-12,2026-07-12 07:00:00,2026-07-12 13:00:00,6,2026-07-12 07:00:00,2026-07-12 13:00:00,6.0,Completed,2026-06-30
179,524,35,2026-07-13,2026-07-13 07:00:00,2026-07-13 19:00:00,12,2026-07-13 07:00:00,2026-07-13 19:00:00,12.0,Completed,2026-06-30
180,527,28,2026-07-13,2026-07-13 07:00:00,2026-07-13 11:00:00,4,2026-07-13 07:00:00,2026-07-13 11:00:00,4.0,Completed,2026-06-30
181,498,32,2026-07-13,2026-07-13 22:00:00,2026-07-14 06:00:00,8,2026-07-13 22:00:00,2026-07-14 06:00:00,8.0,Completed,2026-06-30
182,511,16,2026-07-13,2026-07-13 06:00:00,2026-07-13 10:00:00,4,2026-07-13 06:00:00,2026-07-13 10:00:00,4.0,Completed,2026-06-30
183,11,15,2026-07-13,2026-07-13 22:00:00,2026-07-14 10:00:00,12,,,0.0,Cancelled - Employee,2026-06-30
184,445,25,2026-07-13,2026-07-13 07:00:00,2026-07-13 15:00:00,8,2026-07-13 07:00:00,2026-07-13 15:00:00,8.0,Completed,2026-06-30
185,381,5,2026-07-13,2026-07-13 15:00:00,2026-07-13 23:00:00,8,2026-07-13 15:00:00,2026-07-13 23:00:00,8.0,Completed,2026-06-30
186,416,24,2026-07-13,2026-07-13 14:00:00,2026-07-13 22:00:00,8,2026-07-13 14:00:00,2026-07-13 22:00:00,8.0,Completed,2026-06-30
187,13,26,2026-07-13,2026-07-13 15:00:00,2026-07-14 03:00:00,12,2026-07-13 15:00:00,2026-07-14 03:00:00,12.0,Completed,2026-06-30
188,402,17,2026-07-13,2026-07-13 14:00:00,2026-07-13 22:00:00,8,2026-07-13 14:00:00,2026-07-13 22:00:00,8.0,Completed,2026-06-30
189,522,29,2026-07-13,2026-07-13 14:00:00,2026-07-13 22:00:00,8,2026-07-13 14:00:00,2026-07-13 22:00:00,8.0,Completed,2026-06-30
190,436,30,2026-07-13,2026-07-13 08:00:00,2026-07-13 16:00:00,8,,,,Scheduled,2026-06-30
191,455,19,2026-07-13,2026-07-13 09:00:00,2026-07-13 17:00:00,8,2026-07-13 09:00:00,2026-07-13 17:00:00,8.0,Completed,2026-06-30
192,394,3,2026-07-13,2026-07-13 07:00:00,2026-07-13 11:00:00,4,2026-07-13 07:00:00,2026-07-13 11:00:00,4.0,Completed,2026-06-30
193,520,4,2026-07-13,2026-07-13 08:00:00,2026-07-13 12:00:00,4,2026-07-13 08:00:00,2026-07-13 12:00:00,4.0,Completed,2026-06-30
194,472,26,2026-07-14,2026-07-14 22:00:00,2026-07-15 06:00:00,8,2026-07-14 22:00:00,2026-07-15 06:00:00,8.0,Completed,2026-06-30
195,455,35,2026-07-14,2026-07-14 14:00:00,2026-07-14 18:00:00,4,2026-07-14 14:00:00,2026-07-14 18:00:00,4.0,Completed,2026-06-30
196,522,1,2026-07-14,2026-07-14 07:00:00,2026-07-14 19:00:00,12,2026-07-14 07:00:00,2026-07-14 19:00:00,12.0,Completed,2026-06-30
197,442,3,2026-07-14,2026-07-14 06:00:00,2026-07-14 14:00:00,8,2026-07-14 06:00:00,2026-07-14 14:00:00,8.0,Completed,2026-06-30
198,12,38,2026-07-14,2026-07-14 09:00:00,2026-07-14 15:00:00,6,2026-07-14 09:00:00,2026-07-14 15:00:00,6.0,Completed,2026-06-30
199,17,16,2026-07-14,2026-07-14 22:00:00,2026-07-15 06:00:00,8,2026-07-14 22:00:00,2026-07-15 06:00:00,8.0,Completed,2026-06-30
200,247,2,2026-07-14,2026-07-14 06:00:00,2026-07-14 12:00:00,6,2026-07-14 06:00:00,2026-07-14 12:00:00,6.0,Completed,2026-06-30
201,440,17,2026-07-14,2026-07-14 22:00:00,2026-07-15 04:00:00,6,,,0.0,No-Show,2026-06-30
202,428,32,2026-07-14,2026-07-14 14:00:00,2026-07-14 20:00:00,6,2026-07-14 14:00:00,2026-07-14 20:00:00,6.0,Completed,2026-06-30
203,464,39,2026-07-14,2026-07-14 09:00:00,2026-07-14 13:00:00,4,2026-07-14 09:00:00,2026-07-14 13:00:00,4.0,Completed,2026-06-30
204,29,19,2026-07-14,2026-07-14 07:00:00,2026-07-14 19:00:00,12,2026-07-14 07:00:00,2026-07-14 19:00:00,12.0,Completed,2026-06-30
205,517,28,2026-07-14,2026-07-14 07:00:00,2026-07-14 13:00:00,6,2026-07-14 07:00:00,2026-07-14 13:00:00,6.0,Completed,2026-06-30
206,481,4,2026-07-14,2026-07-14 06:00:00,2026-07-14 14:00:00,8,2026-07-14 06:00:00,2026-07-14 14:00:00,8.0,Completed,2026-06-30
207,511,15,2026-07-14,2026-07-14 06:00:00,2026-07-14 14:00:00,8,2026-07-14 06:00:00,2026-07-14 14:00:00,8.0,Completed,2026-06-30
208,445,25,2026-07-14,2026-07-14 14:00:00,2026-07-14 18:00:00,4,,,0.0,No-Show,2026-06-30
209,466,30,2026-07-14,2026-07-14 06:00:00,2026-07-14 12:00:00,6,2026-07-14 06:00:00,2026-07-14 12:00:00,6.0,Completed,2026-06-30
210,479,25,2026-07-15,2026-07-15 07:00:00,2026-07-15 19:00:00,12,,,0.0,Cancelled - Employee,2026-06-30
211,455,32,2026-07-15,2026-07-15 08:00:00,2026-07-15 20:00:00,12,2026-07-15 08:00:00,2026-07-15 20:00:00,12.0,Completed,2026-06-30
212,247,35,2026-07-15,2026-07-15 22:00:00,2026-07-16 06:00:00,8,2026-07-15 22:00:00,2026-07-16 06:00:00,8.0,Completed,2026-06-30
213,456,26,2026-07-15,2026-07-15 07:00:00,2026-07-15 11:00:00,4,2026-07-15 07:00:00,2026-07-15 11:00:00,4.0,Completed,2026-06-30
214,510,19,2026-07-15,2026-07-15 06:00:00,2026-07-15 12:00:00,6,,,0.0,Cancelled - Client,2026-06-30
215,513,1,2026-07-15,2026-07-15 06:00:00,2026-07-15 18:00:00,12,2026-07-15 06:00:00,2026-07-15 18:00:00,12.0,Completed,2026-06-30
216,442,15,2026-07-15,2026-07-15 09:00:00,2026-07-15 21:00:00,12,2026-07-15 09:00:00,2026-07-15 21:00:00,12.0,Completed,2026-06-30
217,464,5,2026-07-15,2026-07-15 15:00:00,2026-07-16 03:00:00,12,2026-07-15 15:00:00,2026-07-16 03:00:00,12.0,Completed,2026-06-30
218,458,34,2026-07-15,2026-07-15 06:00:00,2026-07-15 14:00:00,8,2026-07-15 06:00:00,2026-07-15 14:00:00,8.0,Completed,2026-06-30
219,338,40,2026-07-15,2026-07-15 09:00:00,2026-07-15 15:00:00,6,2026-07-15 09:00:00,2026-07-15 15:00:00,6.0,Completed,2026-06-30
220,457,17,2026-07-15,2026-07-15 07:00:00,2026-07-15 13:00:00,6,,,0.0,Cancelled - Employee,2026-06-30
221,525,29,2026-07-15,2026-07-15 22:00:00,2026-07-16 10:00:00,12,2026-07-15 22:00:00,2026-07-16 10:00:00,12.0,Completed,2026-06-30
222,348,6,2026-07-15,2026-07-15 22:00:00,2026-07-16 06:00:00,8,2026-07-15 22:00:00,2026-07-16 06:00:00,8.0,Completed,2026-06-30
223,532,3,2026-07-15,2026-07-15 15:00:00,2026-07-15 23:00:00,8,2026-07-15 15:00:00,2026-07-15 23:00:00,8.0,Completed,2026-06-30
224,530,39,2026-07-15,2026-07-15 22:00:00,2026-07-16 04:00:00,6,2026-07-15 22:00:00,2026-07-16 04:00:00,6.0,Completed,2026-06-30
225,20,16,2026-07-15,2026-07-15 08:00:00,2026-07-15 16:00:00,8,2026-07-15 08:00:00,2026-07-15 16:00:00,8.0,Completed,2026-06-30
226,428,30,2026-07-15,2026-07-15 09:00:00,2026-07-15 15:00:00,6,2026-07-15 09:00:00,2026-07-15 15:00:00,6.0,Completed,2026-06-30
227,403,11,2026-07-01,2026-07-01 14:00:00,2026-07-01 18:00:00,4,2026-07-01 14:00:00,2026-07-01 18:00:00,4.0,Completed,2026-07-01
228,520,16,2026-07-01,2026-07-01 06:00:00,2026-07-01 18:00:00,12,2026-07-01 06:00:00,2026-07-01 18:00:00,12.0,Completed,2026-07-01
229,394,15,2026-07-01,2026-07-01 22:00:00,2026-07-02 06:00:00,8,2026-07-01 22:00:00,2026-07-02 06:00:00,8.0,Completed,2026-07-01
230,524,32,2026-07-01,2026-07-01 15:00:00,2026-07-01 23:00:00,8,2026-07-01 15:00:00,2026-07-01 23:00:00,8.0,Completed,2026-07-01
231,14,43,2026-07-01,2026-07-01 08:00:00,2026-07-01 16:00:00,8,2026-07-01 08:00:00,2026-07-01 16:00:00,8.0,Completed,2026-07-01
232,530,39,2026-07-01,2026-07-01 07:00:00,2026-07-01 11:00:00,4,2026-07-01 07:00:00,2026-07-01 11:00:00,4.0,Completed,2026-07-01
233,495,40,2026-07-01,2026-07-01 09:00:00,2026-07-01 13:00:00,4,,,,Scheduled,2026-07-01
234,25,3,2026-07-01,2026-07-01 07:00:00,2026-07-01 11:00:00,4,2026-07-01 07:00:00,2026-07-01 11:00:00,4.0,Completed,2026-07-01
235,332,44,2026-07-01,2026-07-01 14:00:00,2026-07-01 18:00:00,4,2026-07-01 14:00:00,2026-07-01 18:00:00,4.0,Completed,2026-07-01
236,435,30,2026-07-01,2026-07-01 09:00:00,2026-07-01 21:00:00,12,2026-07-01 09:00:00,2026-07-01 21:00:00,12.0,Completed,2026-07-01
237,492,19,2026-07-01,2026-07-01 07:00:00,2026-07-01 15:00:00,8,,,0.0,Cancelled - Client,2026-07-01
238,448,25,2026-07-01,2026-07-01 08:00:00,2026-07-01 12:00:00,4,2026-07-01 08:00:00,2026-07-01 12:00:00,4.0,Completed,2026-07-01
239,513,29,2026-07-01,2026-07-01 14:00:00,2026-07-02 02:00:00,12,2026-07-01 14:00:00,2026-07-02 02:00:00,12.0,Completed,2026-07-01
240,395,12,2026-07-01,2026-07-01 08:00:00,2026-07-01 14:00:00,6,2026-07-01 08:00:00,2026-07-01 14:00:00,6.0,Completed,2026-07-01
241,535,1,2026-07-01,2026-07-01 08:00:00,2026-07-01 14:00:00,6,2026-07-01 08:00:00,2026-07-01 14:00:00,6.0,Completed,2026-07-01
242,509,17,2026-07-01,2026-07-01 08:00:00,2026-07-01 20:00:00,12,2026-07-01 08:00:00,2026-07-01 20:00:00,12.0,Completed,2026-07-01
243,12,26,2026-07-01,2026-07-01 15:00:00,2026-07-01 21:00:00,6,2026-07-01 15:00:00,2026-07-01 21:00:00,6.0,Completed,2026-07-01
244,442,5,2026-07-01,2026-07-01 08:00:00,2026-07-01 14:00:00,6,2026-07-01 08:00:00,2026-07-01 14:00:00,6.0,Completed,2026-07-01
245,523,35,2026-07-01,2026-07-01 14:00:00,2026-07-01 20:00:00,6,2026-07-01 14:00:00,2026-07-01 20:00:00,6.0,Completed,2026-07-01
246,440,7,2026-07-01,2026-07-01 08:00:00,2026-07-01 12:00:00,4,2026-07-01 08:00:00,2026-07-01 12:00:00,4.0,Completed,2026-07-01
247,371,34,2026-07-02,2026-07-02 07:00:00,2026-07-02 19:00:00,12,2026-07-02 07:00:00,2026-07-02 19:00:00,12.0,Completed,2026-07-02
248,445,17,2026-07-02,2026-07-02 09:00:00,2026-07-02 17:00:00,8,2026-07-02 09:00:00,2026-07-02 17:00:00,8.0,Completed,2026-07-02
249,492,19,2026-07-02,2026-07-02 14:00:00,2026-07-02 18:00:00,4,,,0.0,No-Show,2026-07-02
250,535,39,2026-07-02,2026-07-02 07:00:00,2026-07-02 15:00:00,8,2026-07-02 07:00:00,2026-07-02 15:00:00,8.0,Completed,2026-07-02
251,5,15,2026-07-02,2026-07-02 15:00:00,2026-07-02 23:00:00,8,2026-07-02 15:00:00,2026-07-02 23:00:00,8.0,Completed,2026-07-02
252,513,16,2026-07-02,2026-07-02 15:00:00,2026-07-02 19:00:00,4,,,0.0,Cancelled - Employee,2026-07-02
253,443,44,2026-07-02,2026-07-02 06:00:00,2026-07-02 12:00:00,6,2026-07-02 06:00:00,2026-07-02 12:00:00,6.0,Completed,2026-07-02
254,461,26,2026-07-02,2026-07-02 15:00:00,2026-07-02 23:00:00,8,2026-07-02 15:00:00,2026-07-02 23:00:00,8.0,Completed,2026-07-02
255,524,35,2026-07-02,2026-07-02 15:00:00,2026-07-02 23:00:00,8,2026-07-02 15:00:00,2026-07-02 23:00:00,8.0,Completed,2026-07-02
256,464,22,2026-07-02,2026-07-02 14:00:00,2026-07-02 18:00:00,4,2026-07-02 14:00:00,2026-07-02 18:00:00,4.0,Completed,2026-07-02
257,415,6,2026-07-02,2026-07-02 09:00:00,2026-07-02 13:00:00,4,,,0.0,Cancelled - Client,2026-07-02
258,522,1,2026-07-02,2026-07-02 15:00:00,2026-07-03 03:00:00,12,2026-07-02 15:00:00,2026-07-03 03:00:00,12.0,Completed,2026-07-02
259,466,32,2026-07-02,2026-07-02 09:00:00,2026-07-02 15:00:00,6,2026-07-02 09:00:00,2026-07-02 15:00:00,6.0,Completed,2026-07-02
260,481,5,2026-07-02,2026-07-02 14:00:00,2026-07-02 18:00:00,4,,,0.0,Cancelled - Client,2026-07-02
261,509,25,2026-07-02,2026-07-02 14:00:00,2026-07-03 02:00:00,12,2026-07-02 14:00:00,2026-07-03 02:00:00,12.0,Completed,2026-07-02
262,435,30,2026-07-02,2026-07-02 22:00:00,2026-07-03 04:00:00,6,2026-07-02 22:00:00,2026-07-03 04:00:00,6.0,Completed,2026-07-02
263,500,40,2026-07-02,2026-07-02 08:00:00,2026-07-02 12:00:00,4,2026-07-02 08:00:00,2026-07-02 12:00:00,4.0,Completed,2026-07-02
264,446,43,2026-07-02,2026-07-02 14:00:00,2026-07-02 18:00:00,4,,,0.0,Cancelled - Client,2026-07-02
265,438,37,2026-07-02,2026-07-02 15:00:00,2026-07-02 19:00:00,4,,,0.0,Cancelled - Employee,2026-07-02
266,530,3,2026-07-02,2026-07-02 08:00:00,2026-07-02 16:00:00,8,2026-07-02 08:00:00,2026-07-02 16:00:00,8.0,Completed,2026-07-02
267,458,40,2026-07-03,2026-07-03 06:00:00,2026-07-03 12:00:00,6,2026-07-03 06:00:00,2026-07-03 12:00:00,6.0,Completed,2026-07-03
268,27,43,2026-07-03,2026-07-03 09:00:00,2026-07-03 13:00:00,4,2026-07-03 09:00:00,2026-07-03 13:00:00,4.0,Completed,2026-07-03
269,338,45,2026-07-03,2026-07-03 08:00:00,2026-07-03 20:00:00,12,2026-07-03 08:00:00,2026-07-03 20:00:00,12.0,Completed,2026-07-03
270,428,35,2026-07-03,2026-07-03 07:00:00,2026-07-03 15:00:00,8,2026-07-03 07:00:00,2026-07-03 15:00:00,8.0,Completed,2026-07-03
271,498,19,2026-07-03,2026-07-03 15:00:00,2026-07-03 19:00:00,4,,,,Scheduled,2026-07-03
272,492,32,2026-07-03,2026-07-03 08:00:00,2026-07-03 16:00:00,8,2026-07-03 08:00:00,2026-07-03 16:00:00,8.0,Completed,2026-07-03
273,532,15,2026-07-03,2026-07-03 09:00:00,2026-07-03 17:00:00,8,,,0.0,Cancelled - Client,2026-07-03
274,381,3,2026-07-03,2026-07-03 09:00:00,2026-07-03 15:00:00,6,2026-07-03 09:00:00,2026-07-03 15:00:00,6.0,Completed,2026-07-03
275,513,4,2026-07-03,2026-07-03 15:00:00,2026-07-04 03:00:00,12,2026-07-03 15:00:00,2026-07-04 03:00:00,12.0,Completed,2026-07-03
276,535,29,2026-07-03,2026-07-03 09:00:00,2026-07-03 17:00:00,8,2026-07-03 09:00:00,2026-07-03 17:00:00,8.0,Completed,2026-07-03
277,25,1,2026-07-03,2026-07-03 14:00:00,2026-07-03 20:00:00,6,2026-07-03 14:00:00,2026-07-03 20:00:00,6.0,Completed,2026-07-03
278,332,34,2026-07-03,2026-07-03 06:00:00,2026-07-03 10:00:00,4,,,0.0,Cancelled - Employee,2026-07-03
279,247,2,2026-07-03,2026-07-03 22:00:00,2026-07-04 04:00:00,6,2026-07-03 22:00:00,2026-07-04 04:00:00,6.0,Completed,2026-07-03
280,402,17,2026-07-03,2026-07-03 08:00:00,2026-07-03 16:00:00,8,2026-07-03 08:00:00,2026-07-03 16:00:00,8.0,Completed,2026-07-03
281,503,44,2026-07-03,2026-07-03 15:00:00,2026-07-04 03:00:00,12,2026-07-03 15:00:00,2026-07-04 03:00:00,12.0,Completed,2026-07-03
282,536,28,2026-07-03,2026-07-03 14:00:00,2026-07-03 18:00:00,4,2026-07-03 14:00:00,2026-07-03 18:00:00,4.0,Completed,2026-07-03
283,435,30,2026-07-03,2026-07-03 22:00:00,2026-07-04 10:00:00,12,,,0.0,Cancelled - Employee,2026-07-03
284,5,16,2026-07-03,2026-07-03 06:00:00,2026-07-03 18:00:00,12,2026-07-03 06:00:00,2026-07-03 18:00:00,12.0,Completed,2026-07-03
285,15,37,2026-07-03,2026-07-03 07:00:00,2026-07-03 19:00:00,12,,,,Scheduled,2026-07-03
286,481,39,2026-07-03,2026-07-03 08:00:00,2026-07-03 14:00:00,6,2026-07-03 08:00:00,2026-07-03 14:00:00,6.0,Completed,2026-07-03
287,446,10,2026-07-03,2026-07-03 14:00:00,2026-07-03 18:00:00,4,2026-07-03 14:00:00,2026-07-03 18:00:00,4.0,Completed,2026-07-03
288,456,26,2026-07-03,2026-07-03 09:00:00,2026-07-03 15:00:00,6,,,0.0,Cancelled - Client,2026-07-03
289,495,41,2026-07-03,2026-07-03 15:00:00,2026-07-03 21:00:00,6,2026-07-03 15:00:00,2026-07-03 21:00:00,6.0,Completed,2026-07-03
290,507,4,2026-07-04,2026-07-04 07:00:00,2026-07-04 15:00:00,8,2026-07-04 07:00:00,2026-07-04 15:00:00,8.0,Completed,2026-07-04
291,513,5,2026-07-04,2026-07-04 14:00:00,2026-07-05 02:00:00,12,2026-07-04 14:00:00,2026-07-05 02:00:00,12.0,Completed,2026-07-04
292,9,11,2026-07-04,2026-07-04 07:00:00,2026-07-04 19:00:00,12,2026-07-04 07:00:00,2026-07-04 19:00:00,12.0,Completed,2026-07-04
293,11,15,2026-07-04,2026-07-04 14:00:00,2026-07-05 02:00:00,12,,,0.0,Cancelled - Employee,2026-07-04
294,29,19,2026-07-04,2026-07-04 09:00:00,2026-07-04 21:00:00,12,2026-07-04 09:00:00,2026-07-04 21:00:00,12.0,Completed,2026-07-04
295,381,29,2026-07-04,2026-07-04 22:00:00,2026-07-05 10:00:00,12,,,0.0,Cancelled - Employee,2026-07-04
296,428,35,2026-07-04,2026-07-04 15:00:00,2026-07-04 23:00:00,8,,,0.0,Cancelled - Employee,2026-07-04
297,436,30,2026-07-04,2026-07-04 14:00:00,2026-07-05 02:00:00,12,2026-07-04 14:00:00,2026-07-05 02:00:00,12.0,Completed,2026-07-04
298,394,1,2026-07-04,2026-07-04 07:00:00,2026-07-04 15:00:00,8,,,0.0,Cancelled - Employee,2026-07-04
299,338,40,2026-07-04,2026-07-04 08:00:00,2026-07-04 16:00:00,8,,,0.0,Cancelled - Client,2026-07-04
300,519,45,2026-07-04,2026-07-04 08:00:00,2026-07-04 14:00:00,6,2026-07-04 08:00:00,2026-07-04 14:00:00,6.0,Completed,2026-07-04
301,542,48,2026-07-04,2026-07-04 07:00:00,2026-07-04 13:00:00,6,2026-07-04 07:00:00,2026-07-04 13:00:00,6.0,Completed,2026-07-04
302,17,16,2026-07-04,2026-07-04 09:00:00,2026-07-04 17:00:00,8,2026-07-04 09:00:00,2026-07-04 17:00:00,8.0,Completed,2026-07-04
303,535,39,2026-07-04,2026-07-04 07:00:00,2026-07-04 15:00:00,8,2026-07-04 07:00:00,2026-07-04 15:00:00,8.0,Completed,2026-07-04
304,464,3,2026-07-04,2026-07-04 07:00:00,2026-07-04 11:00:00,4,2026-07-04 07:00:00,2026-07-04 11:00:00,4.0,Completed,2026-07-04
305,358,2,2026-07-04,2026-07-04 22:00:00,2026-07-05 02:00:00,4,2026-07-04 22:00:00,2026-07-05 02:00:00,4.0,Completed,2026-07-04
306,247,43,2026-07-04,2026-07-04 07:00:00,2026-07-04 11:00:00,4,,,0.0,No-Show,2026-07-04
307,539,34,2026-07-04,2026-07-04 08:00:00,2026-07-04 16:00:00,8,2026-07-04 08:00:00,2026-07-04 16:00:00,8.0,Completed,2026-07-04
308,438,38,2026-07-04,2026-07-04 08:00:00,2026-07-04 20:00:00,12,2026-07-04 08:00:00,2026-07-04 20:00:00,12.0,Completed,2026-07-04
309,440,17,2026-07-04,2026-07-04 22:00:00,2026-07-05 04:00:00,6,2026-07-04 22:00:00,2026-07-05 04:00:00,6.0,Completed,2026-07-04
310,479,25,2026-07-04,2026-07-04 06:00:00,2026-07-04 12:00:00,6,2026-07-04 06:00:00,2026-07-04 12:00:00,6.0,Completed,2026-07-04
311,477,26,2026-07-04,2026-07-04 15:00:00,2026-07-05 03:00:00,12,,,0.0,Cancelled - Client,2026-07-04
312,481,47,2026-07-04,2026-07-04 09:00:00,2026-07-04 15:00:00,6,2026-07-04 09:00:00,2026-07-04 15:00:00,6.0,Completed,2026-07-04
313,528,32,2026-07-04,2026-07-04 06:00:00,2026-07-04 18:00:00,12,2026-07-04 06:00:00,2026-07-04 18:00:00,12.0,Completed,2026-07-04
314,525,39,2026-07-05,2026-07-05 22:00:00,2026-07-06 10:00:00,12,,,0.0,No-Show,2026-07-05
315,446,42,2026-07-05,2026-07-05 14:00:00,2026-07-05 18:00:00,4,2026-07-05 14:00:00,2026-07-05 18:00:00,4.0,Completed,2026-07-05
316,381,5,2026-07-05,2026-07-05 14:00:00,2026-07-06 02:00:00,12,2026-07-05 14:00:00,2026-07-06 02:00:00,12.0,Completed,2026-07-05
317,15,26,2026-07-05,2026-07-05 06:00:00,2026-07-05 18:00:00,12,2026-07-05 06:00:00,2026-07-05 18:00:00,12.0,Completed,2026-07-05
318,535,1,2026-07-05,2026-07-05 06:00:00,2026-07-05 14:00:00,8,,,0.0,Cancelled - Client,2026-07-05
319,416,38,2026-07-05,2026-07-05 15:00:00,2026-07-05 21:00:00,6,2026-07-05 15:00:00,2026-07-05 21:00:00,6.0,Completed,2026-07-05
320,26,17,2026-07-05,2026-07-05 08:00:00,2026-07-05 20:00:00,12,2026-07-05 08:00:00,2026-07-05 20:00:00,12.0,Completed,2026-07-05
321,25,16,2026-07-05,2026-07-05 22:00:00,2026-07-06 02:00:00,4,,,,Scheduled,2026-07-05
322,5,4,2026-07-05,2026-07-05 22:00:00,2026-07-06 06:00:00,8,2026-07-05 22:00:00,2026-07-06 06:00:00,8.0,Completed,2026-07-05
323,466,35,2026-07-05,2026-07-05 09:00:00,2026-07-05 13:00:00,4,2026-07-05 09:00:00,2026-07-05 13:00:00,4.0,Completed,2026-07-05
324,522,3,2026-07-05,2026-07-05 08:00:00,2026-07-05 12:00:00,4,2026-07-05 08:00:00,2026-07-05 12:00:00,4.0,Completed,2026-07-05
325,455,43,2026-07-05,2026-07-05 07:00:00,2026-07-05 19:00:00,12,2026-07-05 07:00:00,2026-07-05 19:00:00,12.0,Completed,2026-07-05
326,532,29,2026-07-05,2026-07-05 09:00:00,2026-07-05 13:00:00,4,2026-07-05 09:00:00,2026-07-05 13:00:00,4.0,Completed,2026-07-05
327,481,48,2026-07-05,2026-07-05 15:00:00,2026-07-05 23:00:00,8,,,0.0,No-Show,2026-07-05
328,29,30,2026-07-05,2026-07-05 22:00:00,2026-07-06 06:00:00,8,,,0.0,Cancelled - Employee,2026-07-05
329,543,25,2026-07-05,2026-07-05 06:00:00,2026-07-05 18:00:00,12,2026-07-05 06:00:00,2026-07-05 18:00:00,12.0,Completed,2026-07-05
330,524,19,2026-07-05,2026-07-05 08:00:00,2026-07-05 16:00:00,8,2026-07-05 08:00:00,2026-07-05 16:00:00,8.0,Completed,2026-07-05
331,503,34,2026-07-05,2026-07-05 07:00:00,2026-07-05 15:00:00,8,2026-07-05 07:00:00,2026-07-05 15:00:00,8.0,Completed,2026-07-05
332,492,32,2026-07-05,2026-07-05 08:00:00,2026-07-05 16:00:00,8,2026-07-05 08:00:00,2026-07-05 16:00:00,8.0,Completed,2026-07-05
333,30,44,2026-07-05,2026-07-05 22:00:00,2026-07-06 02:00:00,4,2026-07-05 22:00:00,2026-07-06 02:00:00,4.0,Completed,2026-07-05
334,537,40,2026-07-05,2026-07-05 09:00:00,2026-07-05 21:00:00,12,2026-07-05 09:00:00,2026-07-05 21:00:00,12.0,Completed,2026-07-05
335,487,45,2026-07-05,2026-07-05 15:00:00,2026-07-05 21:00:00,6,2026-07-05 15:00:00,2026-07-05 21:00:00,6.0,Completed,2026-07-05
336,517,21,2026-07-05,2026-07-05 22:00:00,2026-07-06 06:00:00,8,2026-07-05 22:00:00,2026-07-06 06:00:00,8.0,Completed,2026-07-05
337,394,49,2026-07-07,2026-07-07 22:00:00,2026-07-08 06:00:00,8,2026-07-07 22:00:00,2026-07-08 06:00:00,8.0,Completed,2026-07-07
338,247,19,2026-07-07,2026-07-07 22:00:00,2026-07-08 10:00:00,12,2026-07-07 22:00:00,2026-07-08 10:00:00,12.0,Completed,2026-07-07
339,476,45,2026-07-07,2026-07-07 06:00:00,2026-07-07 12:00:00,6,2026-07-07 06:00:00,2026-07-07 12:00:00,6.0,Completed,2026-07-07
340,479,28,2026-07-07,2026-07-07 14:00:00,2026-07-07 22:00:00,8,2026-07-07 14:00:00,2026-07-07 22:00:00,8.0,Completed,2026-07-07
341,522,39,2026-07-07,2026-07-07 15:00:00,2026-07-07 19:00:00,4,2026-07-07 15:00:00,2026-07-07 19:00:00,4.0,Completed,2026-07-07
342,25,1,2026-07-07,2026-07-07 14:00:00,2026-07-08 02:00:00,12,2026-07-07 14:00:00,2026-07-08 02:00:00,12.0,Completed,2026-07-07
343,5,22,2026-07-07,2026-07-07 09:00:00,2026-07-07 17:00:00,8,2026-07-07 09:00:00,2026-07-07 17:00:00,8.0,Completed,2026-07-07
344,20,4,2026-07-07,2026-07-07 22:00:00,2026-07-08 02:00:00,4,2026-07-07 22:00:00,2026-07-08 02:00:00,4.0,Completed,2026-07-07
345,440,17,2026-07-07,2026-07-07 06:00:00,2026-07-07 10:00:00,4,2026-07-07 06:00:00,2026-07-07 10:00:00,4.0,Completed,2026-07-07
346,442,15,2026-07-07,2026-07-07 07:00:00,2026-07-07 19:00:00,12,2026-07-07 07:00:00,2026-07-07 19:00:00,12.0,Completed,2026-07-07
347,528,30,2026-07-07,2026-07-07 15:00:00,2026-07-07 19:00:00,4,,,0.0,Cancelled - Client,2026-07-07
348,381,3,2026-07-07,2026-07-07 07:00:00,2026-07-07 13:00:00,6,,,0.0,Cancelled - Client,2026-07-07
349,537,50,2026-07-07,2026-07-07 06:00:00,2026-07-07 12:00:00,6,,,0.0,Cancelled - Client,2026-07-07
350,11,16,2026-07-07,2026-07-07 14:00:00,2026-07-07 22:00:00,8,2026-07-07 14:00:00,2026-07-07 22:00:00,8.0,Completed,2026-07-07
351,507,48,2026-07-07,2026-07-07 09:00:00,2026-07-07 15:00:00,6,2026-07-07 09:00:00,2026-07-07 15:00:00,6.0,Completed,2026-07-07
352,348,26,2026-07-07,2026-07-07 09:00:00,2026-07-07 15:00:00,6,,,,Scheduled,2026-07-07
353,481,5,2026-07-07,2026-07-07 14:00:00,2026-07-07 18:00:00,4,,,,Scheduled,2026-07-07
354,419,6,2026-07-07,2026-07-07 07:00:00,2026-07-07 13:00:00,6,2026-07-07 07:00:00,2026-07-07 13:00:00,6.0,Completed,2026-07-07
355,436,32,2026-07-07,2026-07-07 15:00:00,2026-07-07 21:00:00,6,2026-07-07 15:00:00,2026-07-07 21:00:00,6.0,Completed,2026-07-07
356,428,2,2026-07-07,2026-07-07 06:00:00,2026-07-07 12:00:00,6,,,0.0,Cancelled - Client,2026-07-07
357,510,35,2026-07-07,2026-07-07 06:00:00,2026-07-07 14:00:00,8,2026-07-07 06:00:00,2026-07-07 14:00:00,8.0,Completed,2026-07-07
358,541,43,2026-07-07,2026-07-07 06:00:00,2026-07-07 14:00:00,8,2026-07-07 06:00:00,2026-07-07 14:00:00,8.0,Completed,2026-07-07
359,14,19,2026-07-07,2026-07-07 09:00:00,2026-07-07 21:00:00,12,2026-07-07 09:00:00,2026-07-07 21:00:00,12.0,Completed,2026-07-07
360,436,32,2026-07-07,2026-07-07 06:00:00,2026-07-07 10:00:00,4,2026-07-07 06:00:00,2026-07-07 10:00:00,4.0,Completed,2026-07-07
361,549,1,2026-07-07,2026-07-07 07:00:00,2026-07-07 11:00:00,4,2026-07-07 07:00:00,2026-07-07 11:00:00,4.0,Completed,2026-07-07
362,498,42,2026-07-07,2026-07-07 07:00:00,2026-07-07 15:00:00,8,2026-07-07 07:00:00,2026-07-07 15:00:00,8.0,Completed,2026-07-07
363,539,45,2026-07-07,2026-07-07 14:00:00,2026-07-07 20:00:00,6,2026-07-07 14:00:00,2026-07-07 20:00:00,6.0,Completed,2026-07-07
364,545,30,2026-07-07,2026-07-07 08:00:00,2026-07-07 12:00:00,4,2026-07-07 08:00:00,2026-07-07 12:00:00,4.0,Completed,2026-07-07
365,541,43,2026-07-07,2026-07-07 09:00:00,2026-07-07 21:00:00,12,2026-07-07 09:00:00,2026-07-07 21:00:00,12.0,Completed,2026-07-07
366,358,35,2026-07-07,2026-07-07 06:00:00,2026-07-07 14:00:00,8,2026-07-07 06:00:00,2026-07-07 14:00:00,8.0,Completed,2026-07-07
367,458,44,2026-07-07,2026-07-07 09:00:00,2026-07-07 21:00:00,12,2026-07-07 09:00:00,2026-07-07 21:00:00,12.0,Completed,2026-07-07
368,513,5,2026-07-07,2026-07-07 06:00:00,2026-07-07 12:00:00,6,2026-07-07 06:00:00,2026-07-07 12:00:00,6.0,Completed,2026-07-07
369,520,49,2026-07-07,2026-07-07 15:00:00,2026-07-08 03:00:00,12,2026-07-07 15:00:00,2026-07-08 03:00:00,12.0,Completed,2026-07-07
370,474,41,2026-07-07,2026-07-07 07:00:00,2026-07-07 11:00:00,4,2026-07-07 07:00:00,2026-07-07 11:00:00,4.0,Completed,2026-07-07
371,25,48,2026-07-07,2026-07-07 07:00:00,2026-07-07 15:00:00,8,2026-07-07 07:00:00,2026-07-07 15:00:00,8.0,Completed,2026-07-07
372,500,40,2026-07-07,2026-07-07 06:00:00,2026-07-07 18:00:00,12,2026-07-07 06:00:00,2026-07-07 18:00:00,12.0,Completed,2026-07-07
373,461,26,2026-07-07,2026-07-07 14:00:00,2026-07-07 18:00:00,4,,,,Scheduled,2026-07-07
374,381,15,2026-07-07,2026-07-07 14:00:00,2026-07-07 18:00:00,4,2026-07-07 14:00:00,2026-07-07 18:00:00,4.0,Completed,2026-07-07
375,507,3,2026-07-07,2026-07-07 06:00:00,2026-07-07 10:00:00,4,2026-07-07 06:00:00,2026-07-07 10:00:00,4.0,Completed,2026-07-07
376,532,16,2026-07-07,2026-07-07 22:00:00,2026-07-08 02:00:00,4,2026-07-07 22:00:00,2026-07-08 02:00:00,4.0,Completed,2026-07-07
377,521,17,2026-07-07,2026-07-07 09:00:00,2026-07-07 17:00:00,8,2026-07-07 09:00:00,2026-07-07 17:00:00,8.0,Completed,2026-07-07
378,20,39,2026-07-07,2026-07-07 09:00:00,2026-07-07 17:00:00,8,2026-07-07 09:00:00,2026-07-07 17:00:00,8.0,Completed,2026-07-07
379,332,50,2026-07-07,2026-07-07 07:00:00,2026-07-07 15:00:00,8,2026-07-07 07:00:00,2026-07-07 15:00:00,8.0,Completed,2026-07-07
380,5,29,2026-07-07,2026-07-07 07:00:00,2026-07-07 15:00:00,8,2026-07-07 07:00:00,2026-07-07 15:00:00,8.0,Completed,2026-07-07
381,511,4,2026-07-08,2026-07-08 14:00:00,2026-07-08 18:00:00,4,,,0.0,Cancelled - Employee,2026-07-08
382,5,22,2026-07-08,2026-07-08 08:00:00,2026-07-08 20:00:00,12,2026-07-08 08:00:00,2026-07-08 20:00:00,12.0,Completed,2026-07-08
383,338,45,2026-07-08,2026-07-08 15:00:00,2026-07-08 21:00:00,6,2026-07-08 15:00:00,2026-07-08 21:00:00,6.0,Completed,2026-07-08
384,14,30,2026-07-08,2026-07-08 06:00:00,2026-07-08 10:00:00,4,2026-07-08 06:00:00,2026-07-08 10:00:00,4.0,Completed,2026-07-08
385,481,3,2026-07-08,2026-07-08 22:00:00,2026-07-09 06:00:00,8,2026-07-08 22:00:00,2026-07-09 06:00:00,8.0,Completed,2026-07-08
386,500,40,2026-07-08,2026-07-08 22:00:00,2026-07-09 02:00:00,4,2026-07-08 22:00:00,2026-07-09 02:00:00,4.0,Completed,2026-07-08
387,552,16,2026-07-08,2026-07-08 07:00:00,2026-07-08 19:00:00,12,2026-07-08 07:00:00,2026-07-08 19:00:00,12.0,Completed,2026-07-08
388,478,26,2026-07-08,2026-07-08 06:00:00,2026-07-08 12:00:00,6,2026-07-08 06:00:00,2026-07-08 12:00:00,6.0,Completed,2026-07-08
389,348,6,2026-07-08,2026-07-08 15:00:00,2026-07-08 21:00:00,6,2026-07-08 15:00:00,2026-07-08 21:00:00,6.0,Completed,2026-07-08
390,524,19,2026-07-08,2026-07-08 06:00:00,2026-07-08 18:00:00,12,,,0.0,Cancelled - Client,2026-07-08
391,525,1,2026-07-08,2026-07-08 08:00:00,2026-07-08 20:00:00,12,,,0.0,Cancelled - Employee,2026-07-08
392,492,43,2026-07-08,2026-07-08 09:00:00,2026-07-08 13:00:00,4,,,0.0,Cancelled - Employee,2026-07-08
393,541,35,2026-07-08,2026-07-08 07:00:00,2026-07-08 11:00:00,4,2026-07-08 07:00:00,2026-07-08 11:00:00,4.0,Completed,2026-07-08
394,550,5,2026-07-08,2026-07-08 22:00:00,2026-07-09 06:00:00,8,2026-07-08 22:00:00,2026-07-09 06:00:00,8.0,Completed,2026-07-08
395,394,39,2026-07-08,2026-07-08 22:00:00,2026-07-09 10:00:00,12,,,0.0,No-Show,2026-07-08
396,521,28,2026-07-08,2026-07-08 14:00:00,2026-07-08 18:00:00,4,2026-07-08 14:00:00,2026-07-08 18:00:00,4.0,Completed,2026-07-08
397,11,15,2026-07-08,2026-07-08 07:00:00,2026-07-08 11:00:00,4,2026-07-08 07:00:00,2026-07-08 11:00:00,4.0,Completed,2026-07-08
398,493,37,2026-07-08,2026-07-08 22:00:00,2026-07-09 04:00:00,6,2026-07-08 22:00:00,2026-07-09 04:00:00,6.0,Completed,2026-07-08
399,513,48,2026-07-08,2026-07-08 06:00:00,2026-07-08 18:00:00,12,2026-07-08 06:00:00,2026-07-08 18:00:00,12.0,Completed,2026-07-08
400,440,17,2026-07-08,2026-07-08 15:00:00,2026-07-09 03:00:00,12,2026-07-08 15:00:00,2026-07-09 03:00:00,12.0,Completed,2026-07-08
401,509,21,2026-07-08,2026-07-08 09:00:00,2026-07-08 21:00:00,12,2026-07-08 09:00:00,2026-07-08 21:00:00,12.0,Completed,2026-07-08
402,505,51,2026-07-08,2026-07-08 06:00:00,2026-07-08 10:00:00,4,2026-07-08 06:00:00,2026-07-08 10:00:00,4.0,Completed,2026-07-08
403,358,42,2026-07-08,2026-07-08 15:00:00,2026-07-08 19:00:00,4,2026-07-08 15:00:00,2026-07-08 19:00:00,4.0,Completed,2026-07-08
404,522,48,2026-07-09,2026-07-09 09:00:00,2026-07-09 13:00:00,4,2026-07-09 09:00:00,2026-07-09 13:00:00,4.0,Completed,2026-07-09
405,507,5,2026-07-09,2026-07-09 15:00:00,2026-07-09 23:00:00,8,2026-07-09 15:00:00,2026-07-09 23:00:00,8.0,Completed,2026-07-09
406,12,26,2026-07-09,2026-07-09 14:00:00,2026-07-09 20:00:00,6,,,,Scheduled,2026-07-09
407,487,41,2026-07-09,2026-07-09 09:00:00,2026-07-09 17:00:00,8,2026-07-09 09:00:00,2026-07-09 17:00:00,8.0,Completed,2026-07-09
408,381,49,2026-07-09,2026-07-09 14:00:00,2026-07-09 18:00:00,4,2026-07-09 14:00:00,2026-07-09 18:00:00,4.0,Completed,2026-07-09
409,5,16,2026-07-09,2026-07-09 06:00:00,2026-07-09 10:00:00,4,,,0.0,Cancelled - Employee,2026-07-09
410,539,45,2026-07-09,2026-07-09 14:00:00,2026-07-10 02:00:00,12,2026-07-09 14:00:00,2026-07-10 02:00:00,12.0,Completed,2026-07-09
411,9,37,2026-07-09,2026-07-09 08:00:00,2026-07-09 12:00:00,4,,,,Scheduled,2026-07-09
412,492,30,2026-07-09,2026-07-09 08:00:00,2026-07-09 12:00:00,4,2026-07-09 08:00:00,2026-07-09 12:00:00,4.0,Completed,2026-07-09
413,493,38,2026-07-09,2026-07-09 22:00:00,2026-07-10 06:00:00,8,2026-07-09 22:00:00,2026-07-10 06:00:00,8.0,Completed,2026-07-09
414,442,1,2026-07-09,2026-07-09 06:00:00,2026-07-09 12:00:00,6,2026-07-09 06:00:00,2026-07-09 12:00:00,6.0,Completed,2026-07-09
415,446,19,2026-07-09,2026-07-09 15:00:00,2026-07-09 23:00:00,8,2026-07-09 15:00:00,2026-07-09 23:00:00,8.0,Completed,2026-07-09
416,551,35,2026-07-09,2026-07-09 14:00:00,2026-07-10 02:00:00,12,,,0.0,Cancelled - Employee,2026-07-09
417,332,52,2026-07-09,2026-07-09 08:00:00,2026-07-09 16:00:00,8,2026-07-09 08:00:00,2026-07-09 16:00:00,8.0,Completed,2026-07-09
418,29,32,2026-07-09,2026-07-09 07:00:00,2026-07-09 11:00:00,4,2026-07-09 07:00:00,2026-07-09 11:00:00,4.0,Completed,2026-07-09
419,469,40,2026-07-09,2026-07-09 09:00:00,2026-07-09 15:00:00,6,2026-07-09 09:00:00,2026-07-09 15:00:00,6.0,Completed,2026-07-09
420,553,3,2026-07-09,2026-07-09 06:00:00,2026-07-09 14:00:00,8,2026-07-09 06:00:00,2026-07-09 14:00:00,8.0,Completed,2026-07-09
421,27,43,2026-07-09,2026-07-09 07:00:00,2026-07-09 19:00:00,12,2026-07-09 07:00:00,2026-07-09 19:00:00,12.0,Completed,2026-07-09
422,536,17,2026-07-09,2026-07-09 07:00:00,2026-07-09 19:00:00,12,,,0.0,No-Show,2026-07-09
423,506,44,2026-07-09,2026-07-09 06:00:00,2026-07-09 12:00:00,6,2026-07-09 06:00:00,2026-07-09 12:00:00,6.0,Completed,2026-07-09
424,20,15,2026-07-09,2026-07-09 15:00:00,2026-07-09 23:00:00,8,2026-07-09 15:00:00,2026-07-09 23:00:00,8.0,Completed,2026-07-09
425,25,39,2026-07-09,2026-07-09 09:00:00,2026-07-09 13:00:00,4,2026-07-09 09:00:00,2026-07-09 13:00:00,4.0,Completed,2026-07-09
426,546,35,2026-07-10,2026-07-10 22:00:00,2026-07-11 10:00:00,12,2026-07-10 22:00:00,2026-07-11 10:00:00,12.0,Completed,2026-07-10
427,502,26,2026-07-10,2026-07-10 06:00:00,2026-07-10 10:00:00,4,2026-07-10 06:00:00,2026-07-10 10:00:00,4.0,Completed,2026-07-10
428,555,48,2026-07-10,2026-07-10 14:00:00,2026-07-10 18:00:00,4,2026-07-10 14:00:00,2026-07-10 18:00:00,4.0,Completed,2026-07-10
429,474,45,2026-07-10,2026-07-10 07:00:00,2026-07-10 13:00:00,6,2026-07-10 07:00:00,2026-07-10 13:00:00,6.0,Completed,2026-07-10
430,542,39,2026-07-10,2026-07-10 14:00:00,2026-07-10 20:00:00,6,2026-07-10 14:00:00,2026-07-10 20:00:00,6.0,Completed,2026-07-10
431,394,3,2026-07-10,2026-07-10 08:00:00,2026-07-10 12:00:00,4,2026-07-10 08:00:00,2026-07-10 12:00:00,4.0,Completed,2026-07-10
432,543,25,2026-07-10,2026-07-10 09:00:00,2026-07-10 17:00:00,8,2026-07-10 09:00:00,2026-07-10 17:00:00,8.0,Completed,2026-07-10
433,513,15,2026-07-10,2026-07-10 07:00:00,2026-07-10 11:00:00,4,2026-07-10 07:00:00,2026-07-10 11:00:00,4.0,Completed,2026-07-10
434,5,16,2026-07-10,2026-07-10 15:00:00,2026-07-11 03:00:00,12,2026-07-10 15:00:00,2026-07-11 03:00:00,12.0,Completed,2026-07-10
435,551,32,2026-07-10,2026-07-10 08:00:00,2026-07-10 14:00:00,6,2026-07-10 08:00:00,2026-07-10 14:00:00,6.0,Completed,2026-07-10
436,10,40,2026-07-10,2026-07-10 06:00:00,2026-07-10 14:00:00,8,2026-07-10 06:00:00,2026-07-10 14:00:00,8.0,Completed,2026-07-10
437,491,53,2026-07-10,2026-07-10 08:00:00,2026-07-10 14:00:00,6,2026-07-10 08:00:00,2026-07-10 14:00:00,6.0,Completed,2026-07-10
438,26,7,2026-07-10,2026-07-10 08:00:00,2026-07-10 12:00:00,4,2026-07-10 08:00:00,2026-07-10 12:00:00,4.0,Completed,2026-07-10
439,20,49,2026-07-10,2026-07-10 15:00:00,2026-07-10 19:00:00,4,2026-07-10 15:00:00,2026-07-10 19:00:00,4.0,Completed,2026-07-10
440,428,19,2026-07-10,2026-07-10 15:00:00,2026-07-10 19:00:00,4,2026-07-10 15:00:00,2026-07-10 19:00:00,4.0,Completed,2026-07-10
441,554,17,2026-07-10,2026-07-10 07:00:00,2026-07-10 11:00:00,4,,,0.0,Cancelled - Employee,2026-07-10
442,535,1,2026-07-10,2026-07-10 08:00:00,2026-07-10 14:00:00,6,2026-07-10 08:00:00,2026-07-10 14:00:00,6.0,Completed,2026-07-10
443,358,30,2026-07-10,2026-07-10 06:00:00,2026-07-10 10:00:00,4,2026-07-10 06:00:00,2026-07-10 10:00:00,4.0,Completed,2026-07-10
444,503,12,2026-07-10,2026-07-10 06:00:00,2026-07-10 14:00:00,8,2026-07-10 06:00:00,2026-07-10 14:00:00,8.0,Completed,2026-07-10
445,525,55,2026-07-10,2026-07-10 09:00:00,2026-07-10 15:00:00,6,2026-07-10 09:00:00,2026-07-10 15:00:00,6.0,Completed,2026-07-10
446,14,43,2026-07-10,2026-07-10 09:00:00,2026-07-10 17:00:00,8,2026-07-10 09:00:00,2026-07-10 17:00:00,8.0,Completed,2026-07-10
447,547,36,2026-07-11,2026-07-11 22:00:00,2026-07-12 04:00:00,6,,,0.0,Cancelled - Client,2026-07-11
448,542,49,2026-07-11,2026-07-11 14:00:00,2026-07-11 20:00:00,6,2026-07-11 14:00:00,2026-07-11 20:00:00,6.0,Completed,2026-07-11
449,522,54,2026-07-11,2026-07-11 06:00:00,2026-07-11 18:00:00,12,2026-07-11 06:00:00,2026-07-11 18:00:00,12.0,Completed,2026-07-11
450,501,26,2026-07-11,2026-07-11 09:00:00,2026-07-11 17:00:00,8,,,0.0,Cancelled - Employee,2026-07-11
451,509,17,2026-07-11,2026-07-11 06:00:00,2026-07-11 12:00:00,6,,,,Scheduled,2026-07-11
452,532,39,2026-07-11,2026-07-11 22:00:00,2026-07-12 06:00:00,8,2026-07-11 22:00:00,2026-07-12 06:00:00,8.0,Completed,2026-07-11
453,537,40,2026-07-11,2026-07-11 07:00:00,2026-07-11 11:00:00,4,2026-07-11 07:00:00,2026-07-11 11:00:00,4.0,Completed,2026-07-11
454,557,25,2026-07-11,2026-07-11 06:00:00,2026-07-11 18:00:00,12,2026-07-11 06:00:00,2026-07-11 18:00:00,12.0,Completed,2026-07-11
455,555,5,2026-07-11,2026-07-11 22:00:00,2026-07-12 04:00:00,6,2026-07-11 22:00:00,2026-07-12 04:00:00,6.0,Completed,2026-07-11
456,20,16,2026-07-11,2026-07-11 15:00:00,2026-07-12 03:00:00,12,2026-07-11 15:00:00,2026-07-12 03:00:00,12.0,Completed,2026-07-11
457,492,19,2026-07-11,2026-07-11 09:00:00,2026-07-11 17:00:00,8,2026-07-11 09:00:00,2026-07-11 17:00:00,8.0,Completed,2026-07-11
458,550,1,2026-07-11,2026-07-11 08:00:00,2026-07-11 14:00:00,6,2026-07-11 08:00:00,2026-07-11 14:00:00,6.0,Completed,2026-07-11
459,381,22,2026-07-11,2026-07-11 09:00:00,2026-07-11 13:00:00,4,,,0.0,No-Show,2026-07-11
460,476,52,2026-07-11,2026-07-11 22:00:00,2026-07-12 04:00:00,6,2026-07-11 22:00:00,2026-07-12 04:00:00,6.0,Completed,2026-07-11
461,14,43,2026-07-11,2026-07-11 07:00:00,2026-07-11 15:00:00,8,,,,Scheduled,2026-07-11
462,27,32,2026-07-11,2026-07-11 22:00:00,2026-07-12 02:00:00,4,2026-07-11 22:00:00,2026-07-12 02:00:00,4.0,Completed,2026-07-11
463,17,15,2026-07-11,2026-07-11 06:00:00,2026-07-11 12:00:00,6,2026-07-11 06:00:00,2026-07-11 12:00:00,6.0,Completed,2026-07-11
464,545,30,2026-07-11,2026-07-11 14:00:00,2026-07-11 18:00:00,4,,,0.0,No-Show,2026-07-11
465,553,55,2026-07-11,2026-07-11 09:00:00,2026-07-11 15:00:00,6,2026-07-11 09:00:00,2026-07-11 15:00:00,6.0,Completed,2026-07-11
466,520,3,2026-07-11,2026-07-11 15:00:00,2026-07-11 19:00:00,4,,,0.0,Cancelled - Client,2026-07-11
467,544,45,2026-07-11,2026-07-11 09:00:00,2026-07-11 21:00:00,12,2026-07-11 09:00:00,2026-07-11 21:00:00,12.0,Completed,2026-07-11
468,442,56,2026-07-11,2026-07-11 07:00:00,2026-07-11 19:00:00,12,2026-07-11 07:00:00,2026-07-11 19:00:00,12.0,Completed,2026-07-11
469,532,48,2026-07-12,2026-07-12 14:00:00,2026-07-12 22:00:00,8,,,0.0,Cancelled - Employee,2026-07-12
470,507,55,2026-07-12,2026-07-12 14:00:00,2026-07-12 18:00:00,4,,,0.0,Cancelled - Client,2026-07-12
471,517,51,2026-07-12,2026-07-12 09:00:00,2026-07-12 21:00:00,12,,,0.0,No-Show,2026-07-12
472,247,32,2026-07-12,2026-07-12 14:00:00,2026-07-12 18:00:00,4,2026-07-12 14:00:00,2026-07-12 18:00:00,4.0,Completed,2026-07-12
473,528,30,2026-07-12,2026-07-12 07:00:00,2026-07-12 15:00:00,8,2026-07-12 07:00:00,2026-07-12 15:00:00,8.0,Completed,2026-07-12
474,544,40,2026-07-12,2026-07-12 22:00:00,2026-07-13 02:00:00,4,2026-07-12 22:00:00,2026-07-13 02:00:00,4.0,Completed,2026-07-12
475,5,4,2026-07-12,2026-07-12 14:00:00,2026-07-13 02:00:00,12,2026-07-12 14:00:00,2026-07-13 02:00:00,12.0,Completed,2026-07-12
476,520,39,2026-07-12,2026-07-12 22:00:00,2026-07-13 02:00:00,4,2026-07-12 22:00:00,2026-07-13 02:00:00,4.0,Completed,2026-07-12
477,394,1,2026-07-12,2026-07-12 09:00:00,2026-07-12 15:00:00,6,2026-07-12 09:00:00,2026-07-12 15:00:00,6.0,Completed,2026-07-12
478,10,53,2026-07-12,2026-07-12 15:00:00,2026-07-13 03:00:00,12,2026-07-12 15:00:00,2026-07-13 03:00:00,12.0,Completed,2026-07-12
479,542,16,2026-07-12,2026-07-12 22:00:00,2026-07-13 10:00:00,12,2026-07-12 22:00:00,2026-07-13 10:00:00,12.0,Completed,2026-07-12
480,543,17,2026-07-12,2026-07-12 14:00:00,2026-07-13 02:00:00,12,2026-07-12 14:00:00,2026-07-13 02:00:00,12.0,Completed,2026-07-12
481,25,15,2026-07-12,2026-07-12 22:00:00,2026-07-13 04:00:00,6,2026-07-12 22:00:00,2026-07-13 04:00:00,6.0,Completed,2026-07-12
482,15,36,2026-07-12,2026-07-12 06:00:00,2026-07-12 12:00:00,6,2026-07-12 06:00:00,2026-07-12 12:00:00,6.0,Completed,2026-07-12
483,415,26,2026-07-12,2026-07-12 08:00:00,2026-07-12 14:00:00,6,2026-07-12 08:00:00,2026-07-12 14:00:00,6.0,Completed,2026-07-12
484,537,52,2026-07-12,2026-07-12 14:00:00,2026-07-12 22:00:00,8,2026-07-12 14:00:00,2026-07-12 22:00:00,8.0,Completed,2026-07-12
485,474,50,2026-07-12,2026-07-12 07:00:00,2026-07-12 11:00:00,4,2026-07-12 07:00:00,2026-07-12 11:00:00,4.0,Completed,2026-07-12
486,442,56,2026-07-12,2026-07-12 22:00:00,2026-07-13 04:00:00,6,2026-07-12 22:00:00,2026-07-13 04:00:00,6.0,Completed,2026-07-12
487,511,5,2026-07-12,2026-07-12 07:00:00,2026-07-12 13:00:00,6,2026-07-12 07:00:00,2026-07-12 13:00:00,6.0,Completed,2026-07-12
488,338,45,2026-07-12,2026-07-12 08:00:00,2026-07-12 16:00:00,8,2026-07-12 08:00:00,2026-07-12 16:00:00,8.0,Completed,2026-07-12
489,535,4,2026-07-13,2026-07-13 07:00:00,2026-07-13 11:00:00,4,2026-07-13 07:00:00,2026-07-13 11:00:00,4.0,Completed,2026-07-13
490,503,52,2026-07-13,2026-07-13 06:00:00,2026-07-13 14:00:00,8,2026-07-13 06:00:00,2026-07-13 14:00:00,8.0,Completed,2026-07-13
491,17,39,2026-07-13,2026-07-13 08:00:00,2026-07-13 14:00:00,6,2026-07-13 08:00:00,2026-07-13 14:00:00,6.0,Completed,2026-07-13
492,340,26,2026-07-13,2026-07-13 22:00:00,2026-07-14 04:00:00,6,2026-07-13 22:00:00,2026-07-14 04:00:00,6.0,Completed,2026-07-13
493,505,17,2026-07-13,2026-07-13 06:00:00,2026-07-13 18:00:00,12,2026-07-13 06:00:00,2026-07-13 18:00:00,12.0,Completed,2026-07-13
494,348,38,2026-07-13,2026-07-13 06:00:00,2026-07-13 18:00:00,12,,,0.0,Cancelled - Employee,2026-07-13
495,539,45,2026-07-13,2026-07-13 22:00:00,2026-07-14 10:00:00,12,2026-07-13 22:00:00,2026-07-14 10:00:00,12.0,Completed,2026-07-13
496,10,44,2026-07-13,2026-07-13 08:00:00,2026-07-13 12:00:00,4,,,0.0,Cancelled - Client,2026-07-13
497,349,25,2026-07-13,2026-07-13 08:00:00,2026-07-13 16:00:00,8,2026-07-13 08:00:00,2026-07-13 16:00:00,8.0,Completed,2026-07-13
498,395,50,2026-07-13,2026-07-13 14:00:00,2026-07-13 22:00:00,8,,,0.0,Cancelled - Client,2026-07-13
499,509,28,2026-07-13,2026-07-13 14:00:00,2026-07-13 18:00:00,4,2026-07-13 14:00:00,2026-07-13 18:00:00,4.0,Completed,2026-07-13
500,381,55,2026-07-13,2026-07-13 07:00:00,2026-07-13 11:00:00,4,2026-07-13 07:00:00,2026-07-13 11:00:00,4.0,Completed,2026-07-13
501,528,19,2026-07-13,2026-07-13 08:00:00,2026-07-13 20:00:00,12,2026-07-13 08:00:00,2026-07-13 20:00:00,12.0,Completed,2026-07-13
502,5,1,2026-07-13,2026-07-13 09:00:00,2026-07-13 13:00:00,4,2026-07-13 09:00:00,2026-07-13 13:00:00,4.0,Completed,2026-07-13
503,561,22,2026-07-13,2026-07-13 15:00:00,2026-07-14 03:00:00,12,2026-07-13 15:00:00,2026-07-14 03:00:00,12.0,Completed,2026-07-13
504,27,43,2026-07-13,2026-07-13 22:00:00,2026-07-14 10:00:00,12,2026-07-13 22:00:00,2026-07-14 10:00:00,12.0,Completed,2026-07-13
505,495,53,2026-07-13,2026-07-13 08:00:00,2026-07-13 16:00:00,8,2026-07-13 08:00:00,2026-07-13 16:00:00,8.0,Completed,2026-07-13
506,487,40,2026-07-13,2026-07-13 09:00:00,2026-07-13 13:00:00,4,2026-07-13 09:00:00,2026-07-13 13:00:00,4.0,Completed,2026-07-13
507,25,15,2026-07-13,2026-07-13 14:00:00,2026-07-13 22:00:00,8,2026-07-13 14:00:00,2026-07-13 22:00:00,8.0,Completed,2026-07-13
508,403,37,2026-07-13,2026-07-13 09:00:00,2026-07-13 15:00:00,6,,,0.0,Cancelled - Client,2026-07-13
509,308,33,2026-07-13,2026-07-13 14:00:00,2026-07-13 20:00:00,6,,,0.0,Cancelled - Employee,2026-07-13
510,522,3,2026-07-13,2026-07-13 06:00:00,2026-07-13 12:00:00,6,2026-07-13 06:00:00,2026-07-13 12:00:00,6.0,Completed,2026-07-13
511,555,5,2026-07-13,2026-07-13 14:00:00,2026-07-14 02:00:00,12,2026-07-13 14:00:00,2026-07-14 02:00:00,12.0,Completed,2026-07-13
512,11,48,2026-07-13,2026-07-13 22:00:00,2026-07-14 10:00:00,12,,,0.0,Cancelled - Employee,2026-07-13
513,476,52,2026-07-14,2026-07-14 06:00:00,2026-07-14 12:00:00,6,,,,Scheduled,2026-07-14
514,381,49,2026-07-14,2026-07-14 15:00:00,2026-07-14 23:00:00,8,2026-07-14 15:00:00,2026-07-14 23:00:00,8.0,Completed,2026-07-14
515,11,56,2026-07-14,2026-07-14 09:00:00,2026-07-14 17:00:00,8,2026-07-14 09:00:00,2026-07-14 17:00:00,8.0,Completed,2026-07-14
516,520,16,2026-07-14,2026-07-14 22:00:00,2026-07-15 02:00:00,4,,,0.0,No-Show,2026-07-14
517,528,19,2026-07-14,2026-07-14 06:00:00,2026-07-14 10:00:00,4,2026-07-14 06:00:00,2026-07-14 10:00:00,4.0,Completed,2026-07-14
518,501,38,2026-07-14,2026-07-14 15:00:00,2026-07-15 03:00:00,12,,,0.0,Cancelled - Client,2026-07-14
519,20,22,2026-07-14,2026-07-14 06:00:00,2026-07-14 14:00:00,8,,,,Scheduled,2026-07-14
520,522,5,2026-07-14,2026-07-14 08:00:00,2026-07-14 20:00:00,12,,,0.0,Cancelled - Client,2026-07-14
521,394,15,2026-07-14,2026-07-14 14:00:00,2026-07-14 20:00:00,6,,,,Scheduled,2026-07-14
522,555,48,2026-07-14,2026-07-14 15:00:00,2026-07-14 19:00:00,4,2026-07-14 15:00:00,2026-07-14 19:00:00,4.0,Completed,2026-07-14
523,438,26,2026-07-14,2026-07-14 07:00:00,2026-07-14 15:00:00,8,2026-07-14 07:00:00,2026-07-14 15:00:00,8.0,Completed,2026-07-14
524,546,32,2026-07-14,2026-07-14 09:00:00,2026-07-14 17:00:00,8,2026-07-14 09:00:00,2026-07-14 17:00:00,8.0,Completed,2026-07-14
525,506,40,2026-07-14,2026-07-14 08:00:00,2026-07-14 20:00:00,12,,,0.0,Cancelled - Client,2026-07-14
526,5,4,2026-07-14,2026-07-14 07:00:00,2026-07-14 15:00:00,8,,,0.0,Cancelled - Employee,2026-07-14
527,532,1,2026-07-14,2026-07-14 08:00:00,2026-07-14 16:00:00,8,2026-07-14 08:00:00,2026-07-14 16:00:00,8.0,Completed,2026-07-14
528,14,30,2026-07-14,2026-07-14 06:00:00,2026-07-14 14:00:00,8,,,0.0,Cancelled - Employee,2026-07-14
529,550,39,2026-07-14,2026-07-14 15:00:00,2026-07-14 23:00:00,8,2026-07-14 15:00:00,2026-07-14 23:00:00,8.0,Completed,2026-07-14
530,517,17,2026-07-14,2026-07-14 08:00:00,2026-07-14 14:00:00,6,2026-07-14 08:00:00,2026-07-14 14:00:00,6.0,Completed,2026-07-14
531,30,34,2026-07-14,2026-07-14 08:00:00,2026-07-14 20:00:00,12,,,0.0,Cancelled - Client,2026-07-14
532,12,6,2026-07-14,2026-07-14 15:00:00,2026-07-14 23:00:00,8,2026-07-14 15:00:00,2026-07-14 23:00:00,8.0,Completed,2026-07-14
533,542,55,2026-07-14,2026-07-14 15:00:00,2026-07-14 21:00:00,6,2026-07-14 15:00:00,2026-07-14 21:00:00,6.0,Completed,2026-07-14
534,525,3,2026-07-14,2026-07-14 07:00:00,2026-07-14 15:00:00,8,2026-07-14 07:00:00,2026-07-14 15:00:00,8.0,Completed,2026-07-14
535,466,57,2026-07-14,2026-07-14 06:00:00,2026-07-14 12:00:00,6,2026-07-14 06:00:00,2026-07-14 12:00:00,6.0,Completed,2026-07-14
536,535,22,2026-07-15,2026-07-15 15:00:00,2026-07-15 21:00:00,6,2026-07-15 15:00:00,2026-07-15 21:00:00,6.0,Completed,2026-07-15
537,544,40,2026-07-15,2026-07-15 14:00:00,2026-07-15 20:00:00,6,2026-07-15 14:00:00,2026-07-15 20:00:00,6.0,Completed,2026-07-15
538,436,32,2026-07-15,2026-07-15 14:00:00,2026-07-15 18:00:00,4,,,0.0,Cancelled - Client,2026-07-15
539,476,45,2026-07-15,2026-07-15 22:00:00,2026-07-16 06:00:00,8,2026-07-15 22:00:00,2026-07-16 06:00:00,8.0,Completed,2026-07-15
540,506,52,2026-07-15,2026-07-15 06:00:00,2026-07-15 14:00:00,8,,,0.0,Cancelled - Client,2026-07-15
541,466,43,2026-07-15,2026-07-15 15:00:00,2026-07-15 21:00:00,6,2026-07-15 15:00:00,2026-07-15 21:00:00,6.0,Completed,2026-07-15
542,550,1,2026-07-15,2026-07-15 14:00:00,2026-07-16 02:00:00,12,2026-07-15 14:00:00,2026-07-16 02:00:00,12.0,Completed,2026-07-15
543,532,48,2026-07-15,2026-07-15 07:00:00,2026-07-15 13:00:00,6,2026-07-15 07:00:00,2026-07-15 13:00:00,6.0,Completed,2026-07-15
544,505,17,2026-07-15,2026-07-15 22:00:00,2026-07-16 06:00:00,8,2026-07-15 22:00:00,2026-07-16 06:00:00,8.0,Completed,2026-07-15
545,525,15,2026-07-15,2026-07-15 06:00:00,2026-07-15 14:00:00,8,2026-07-15 06:00:00,2026-07-15 14:00:00,8.0,Completed,2026-07-15
546,442,55,2026-07-15,2026-07-15 06:00:00,2026-07-15 18:00:00,12,2026-07-15 06:00:00,2026-07-15 18:00:00,12.0,Completed,2026-07-15
547,395,34,2026-07-15,2026-07-15 07:00:00,2026-07-15 15:00:00,8,2026-07-15 07:00:00,2026-07-15 15:00:00,8.0,Completed,2026-07-15
548,440,7,2026-07-15,2026-07-15 07:00:00,2026-07-15 11:00:00,4,2026-07-15 07:00:00,2026-07-15 11:00:00,4.0,Completed,2026-07-15
549,552,16,2026-07-15,2026-07-15 15:00:00,2026-07-15 21:00:00,6,2026-07-15 15:00:00,2026-07-15 21:00:00,6.0,Completed,2026-07-15
550,10,44,2026-07-15,2026-07-15 22:00:00,2026-07-16 02:00:00,4,2026-07-15 22:00:00,2026-07-16 02:00:00,4.0,Completed,2026-07-15
551,520,49,2026-07-15,2026-07-15 14:00:00,2026-07-16 02:00:00,12,2026-07-15 14:00:00,2026-07-16 02:00:00,12.0,Completed,2026-07-15
552,509,51,2026-07-15,2026-07-15 09:00:00,2026-07-15 13:00:00,4,2026-07-15 09:00:00,2026-07-15 13:00:00,4.0,Completed,2026-07-15
553,565,33,2026-07-15,2026-07-15 09:00:00,2026-07-15 15:00:00,6,2026-07-15 09:00:00,2026-07-15 15:00:00,6.0,Completed,2026-07-15
554,25,5,2026-07-15,2026-07-15 06:00:00,2026-07-15 14:00:00,8,,,0.0,Cancelled - Client,2026-07-15
555,536,25,2026-07-15,2026-07-15 22:00:00,2026-07-16 10:00:00,12,2026-07-15 22:00:00,2026-07-16 10:00:00,12.0,Completed,2026-07-15
556,546,19,2026-07-15,2026-07-15 09:00:00,2026-07-15 15:00:00,6,2026-07-15 09:00:00,2026-07-15 15:00:00,6.0,Completed,2026-07-15
557,478,26,2026-07-15,2026-07-15 09:00:00,2026-07-15 13:00:00,4,2026-07-15 09:00:00,2026-07-15 13:00:00,4.0,Completed,2026-07-15
558,20,56,2026-07-15,2026-07-15 06:00:00,2026-07-15 10:00:00,4,2026-07-15 06:00:00,2026-07-15 10:00:00,4.0,Completed,2026-07-15
559,29,10,2026-07-15,2026-07-15 06:00:00,2026-07-15 18:00:00,12,2026-07-15 06:00:00,2026-07-15 18:00:00,12.0,Completed,2026-07-15
560,555,3,2026-07-15,2026-07-15 14:00:00,2026-07-16 02:00:00,12,2026-07-15 14:00:00,2026-07-16 02:00:00,12.0,Completed,2026-07-15
561,381,39,2026-07-15,2026-07-15 14:00:00,2026-07-15 22:00:00,8,2026-07-15 14:00:00,2026-07-15 22:00:00,8.0,Completed,2026-07-15
562,524,30,2026-07-15,2026-07-15 09:00:00,2026-07-15 21:00:00,12,2026-07-15 09:00:00,2026-07-15 21:00:00,12.0,Completed,2026-07-15
563,11,4,2026-07-15,2026-07-15 09:00:00,2026-07-15 17:00:00,8,,,0.0,Cancelled - Client,2026-07-15
564,458,52,2026-07-16,2026-07-16 06:00:00,2026-07-16 12:00:00,6,2026-07-16 06:00:00,2026-07-16 12:00:00,6.0,Completed,2026-07-16
565,481,3,2026-07-16,2026-07-16 15:00:00,2026-07-16 19:00:00,4,2026-07-16 15:00:00,2026-07-16 19:00:00,4.0,Completed,2026-07-16
566,535,1,2026-07-16,2026-07-16 09:00:00,2026-07-16 17:00:00,8,2026-07-16 09:00:00,2026-07-16 17:00:00,8.0,Completed,2026-07-16
567,5,15,2026-07-16,2026-07-16 22:00:00,2026-07-17 04:00:00,6,,,,Scheduled,2026-07-16
568,513,39,2026-07-16,2026-07-16 07:00:00,2026-07-16 19:00:00,12,,,,Scheduled,2026-07-16
569,381,55,2026-07-16,2026-07-16 08:00:00,2026-07-16 12:00:00,4,,,0.0,Cancelled - Employee,2026-07-16
570,498,30,2026-07-16,2026-07-16 06:00:00,2026-07-16 10:00:00,4,,,,Scheduled,2026-07-16
571,487,45,2026-07-16,2026-07-16 22:00:00,2026-07-17 02:00:00,4,,,0.0,Cancelled - Employee,2026-07-16
572,27,32,2026-07-16,2026-07-16 08:00:00,2026-07-16 16:00:00,8,2026-07-16 08:00:00,2026-07-16 16:00:00,8.0,Completed,2026-07-16
573,11,16,2026-07-16,2026-07-16 09:00:00,2026-07-16 17:00:00,8,2026-07-16 09:00:00,2026-07-16 17:00:00,8.0,Completed,2026-07-16
574,555,54,2026-07-16,2026-07-16 06:00:00,2026-07-16 12:00:00,6,2026-07-16 06:00:00,2026-07-16 12:00:00,6.0,Completed,2026-07-16
575,520,5,2026-07-16,2026-07-16 08:00:00,2026-07-16 12:00:00,4,2026-07-16 08:00:00,2026-07-16 12:00:00,4.0,Completed,2026-07-16
576,552,4,2026-07-16,2026-07-16 07:00:00,2026-07-16 19:00:00,12,2026-07-16 07:00:00,2026-07-16 19:00:00,12.0,Completed,2026-07-16
577,519,53,2026-07-16,2026-07-16 15:00:00,2026-07-16 19:00:00,4,2026-07-16 15:00:00,2026-07-16 19:00:00,4.0,Completed,2026-07-16
578,340,36,2026-07-16,2026-07-16 14:00:00,2026-07-17 02:00:00,12,2026-07-16 14:00:00,2026-07-17 02:00:00,12.0,Completed,2026-07-16
579,502,58,2026-07-16,2026-07-16 09:00:00,2026-07-16 15:00:00,6,,,0.0,Cancelled - Client,2026-07-16
580,442,48,2026-07-16,2026-07-16 08:00:00,2026-07-16 20:00:00,12,2026-07-16 08:00:00,2026-07-16 20:00:00,12.0,Completed,2026-07-16
581,338,40,2026-07-16,2026-07-16 14:00:00,2026-07-16 18:00:00,4,2026-07-16 14:00:00,2026-07-16 18:00:00,4.0,Completed,2026-07-16
582,12,26,2026-07-16,2026-07-16 22:00:00,2026-07-17 10:00:00,12,2026-07-16 22:00:00,2026-07-17 10:00:00,12.0,Completed,2026-07-16
583,536,17,2026-07-16,2026-07-16 09:00:00,2026-07-16 13:00:00,4,,,,Scheduled,2026-07-16
584,446,19,2026-07-16,2026-07-16 07:00:00,2026-07-16 15:00:00,8,,,0.0,Cancelled - Employee,2026-07-16
585,544,44,2026-07-16,2026-07-16 07:00:00,2026-07-16 15:00:00,8,2026-07-16 07:00:00,2026-07-16 15:00:00,8.0,Completed,2026-07-16
586,506,41,2026-07-16,2026-07-16 15:00:00,2026-07-16 21:00:00,6,,,0.0,Cancelled - Employee,2026-07-16
587,14,2,2026-07-17,2026-07-17 15:00:00,2026-07-18 03:00:00,12,2026-07-17 15:00:00,2026-07-18 03:00:00,12.0,Completed,2026-07-17
588,555,22,2026-07-17,2026-07-17 08:00:00,2026-07-17 12:00:00,4,2026-07-17 08:00:00,2026-07-17 12:00:00,4.0,Completed,2026-07-17
589,498,30,2026-07-17,2026-07-17 22:00:00,2026-07-18 06:00:00,8,2026-07-17 22:00:00,2026-07-18 06:00:00,8.0,Completed,2026-07-17
590,477,58,2026-07-17,2026-07-17 22:00:00,2026-07-18 10:00:00,12,2026-07-17 22:00:00,2026-07-18 10:00:00,12.0,Completed,2026-07-17
591,500,40,2026-07-17,2026-07-17 07:00:00,2026-07-17 15:00:00,8,2026-07-17 07:00:00,2026-07-17 15:00:00,8.0,Completed,2026-07-17
592,474,34,2026-07-17,2026-07-17 09:00:00,2026-07-17 21:00:00,12,2026-07-17 09:00:00,2026-07-17 21:00:00,12.0,Completed,2026-07-17
593,381,48,2026-07-17,2026-07-17 22:00:00,2026-07-18 10:00:00,12,2026-07-17 22:00:00,2026-07-18 10:00:00,12.0,Completed,2026-07-17
594,25,15,2026-07-17,2026-07-17 14:00:00,2026-07-18 02:00:00,12,2026-07-17 14:00:00,2026-07-18 02:00:00,12.0,Completed,2026-07-17
595,433,45,2026-07-17,2026-07-17 08:00:00,2026-07-17 14:00:00,6,2026-07-17 08:00:00,2026-07-17 14:00:00,6.0,Completed,2026-07-17
596,394,5,2026-07-17,2026-07-17 15:00:00,2026-07-17 21:00:00,6,,,,Scheduled,2026-07-17
597,561,4,2026-07-17,2026-07-17 08:00:00,2026-07-17 16:00:00,8,2026-07-17 08:00:00,2026-07-17 16:00:00,8.0,Completed,2026-07-17
598,456,26,2026-07-17,2026-07-17 06:00:00,2026-07-17 12:00:00,6,2026-07-17 06:00:00,2026-07-17 12:00:00,6.0,Completed,2026-07-17
599,565,33,2026-07-17,2026-07-17 15:00:00,2026-07-17 21:00:00,6,2026-07-17 15:00:00,2026-07-17 21:00:00,6.0,Completed,2026-07-17
600,522,49,2026-07-17,2026-07-17 09:00:00,2026-07-17 21:00:00,12,2026-07-17 09:00:00,2026-07-17 21:00:00,12.0,Completed,2026-07-17
601,428,32,2026-07-17,2026-07-17 14:00:00,2026-07-18 02:00:00,12,2026-07-17 14:00:00,2026-07-18 02:00:00,12.0,Completed,2026-07-17
602,17,55,2026-07-17,2026-07-17 08:00:00,2026-07-17 14:00:00,6,,,0.0,No-Show,2026-07-17
603,487,52,2026-07-17,2026-07-17 22:00:00,2026-07-18 10:00:00,12,2026-07-17 22:00:00,2026-07-18 10:00:00,12.0,Completed,2026-07-17
604,26,17,2026-07-17,2026-07-17 07:00:00,2026-07-17 19:00:00,12,2026-07-17 07:00:00,2026-07-17 19:00:00,12.0,Completed,2026-07-17
605,20,3,2026-07-17,2026-07-17 14:00:00,2026-07-17 20:00:00,6,2026-07-17 14:00:00,2026-07-17 20:00:00,6.0,Completed,2026-07-17
606,552,1,2026-07-17,2026-07-17 06:00:00,2026-07-17 10:00:00,4,2026-07-17 06:00:00,2026-07-17 10:00:00,4.0,Completed,2026-07-17
607,247,43,2026-07-17,2026-07-17 09:00:00,2026-07-17 13:00:00,4,2026-07-17 09:00:00,2026-07-17 13:00:00,4.0,Completed,2026-07-17
608,535,56,2026-07-17,2026-07-17 06:00:00,2026-07-17 14:00:00,8,2026-07-17 06:00:00,2026-07-17 14:00:00,8.0,Completed,2026-07-17
609,553,16,2026-07-17,2026-07-17 15:00:00,2026-07-17 23:00:00,8,2026-07-17 15:00:00,2026-07-17 23:00:00,8.0,Completed,2026-07-17
610,376,38,2026-07-17,2026-07-17 15:00:00,2026-07-17 19:00:00,4,2026-07-17 15:00:00,2026-07-17 19:00:00,4.0,Completed,2026-07-17
611,11,39,2026-07-17,2026-07-17 14:00:00,2026-07-18 02:00:00,12,2026-07-17 14:00:00,2026-07-18 02:00:00,12.0,Completed,2026-07-17
612,358,19,2026-07-17,2026-07-17 14:00:00,2026-07-17 20:00:00,6,2026-07-17 14:00:00,2026-07-17 20:00:00,6.0,Completed,2026-07-17
613,5,49,2026-07-18,2026-07-18 15:00:00,2026-07-18 21:00:00,6,2026-07-18 15:00:00,2026-07-18 21:00:00,6.0,Completed,2026-07-18
614,20,16,2026-07-18,2026-07-18 06:00:00,2026-07-18 18:00:00,12,,,0.0,Cancelled - Client,2026-07-18
615,524,19,2026-07-18,2026-07-18 08:00:00,2026-07-18 14:00:00,6,,,0.0,No-Show,2026-07-18
616,555,39,2026-07-18,2026-07-18 09:00:00,2026-07-18 13:00:00,4,2026-07-18 09:00:00,2026-07-18 13:00:00,4.0,Completed,2026-07-18
617,513,15,2026-07-18,2026-07-18 08:00:00,2026-07-18 12:00:00,4,2026-07-18 08:00:00,2026-07-18 12:00:00,4.0,Completed,2026-07-18
618,522,3,2026-07-18,2026-07-18 22:00:00,2026-07-19 10:00:00,12,,,0.0,Cancelled - Employee,2026-07-18
619,536,21,2026-07-18,2026-07-18 15:00:00,2026-07-18 19:00:00,4,,,0.0,Cancelled - Client,2026-07-18
620,551,32,2026-07-18,2026-07-18 09:00:00,2026-07-18 17:00:00,8,2026-07-18 09:00:00,2026-07-18 17:00:00,8.0,Completed,2026-07-18
621,535,55,2026-07-18,2026-07-18 15:00:00,2026-07-18 21:00:00,6,,,,Scheduled,2026-07-18
622,491,45,2026-07-18,2026-07-18 15:00:00,2026-07-18 21:00:00,6,2026-07-18 15:00:00,2026-07-18 21:00:00,6.0,Completed,2026-07-18
623,394,1,2026-07-18,2026-07-18 22:00:00,2026-07-19 02:00:00,4,2026-07-18 22:00:00,2026-07-19 02:00:00,4.0,Completed,2026-07-18
624,550,48,2026-07-18,2026-07-18 07:00:00,2026-07-18 19:00:00,12,2026-07-18 07:00:00,2026-07-18 19:00:00,12.0,Completed,2026-07-18
625,511,5,2026-07-18,2026-07-18 09:00:00,2026-07-18 21:00:00,12,2026-07-18 09:00:00,2026-07-18 21:00:00,12.0,Completed,2026-07-18
626,472,26,2026-07-18,2026-07-18 22:00:00,2026-07-19 02:00:00,4,2026-07-18 22:00:00,2026-07-19 02:00:00,4.0,Completed,2026-07-18
627,539,44,2026-07-18,2026-07-18 09:00:00,2026-07-18 13:00:00,4,2026-07-18 09:00:00,2026-07-18 13:00:00,4.0,Completed,2026-07-18
628,495,52,2026-07-18,2026-07-18 08:00:00,2026-07-18 16:00:00,8,2026-07-18 08:00:00,2026-07-18 16:00:00,8.0,Completed,2026-07-18
629,564,58,2026-07-18,2026-07-18 06:00:00,2026-07-18 10:00:00,4,2026-07-18 06:00:00,2026-07-18 10:00:00,4.0,Completed,2026-07-18
630,26,17,2026-07-18,2026-07-18 06:00:00,2026-07-18 10:00:00,4,2026-07-18 06:00:00,2026-07-18 10:00:00,4.0,Completed,2026-07-18
631,548,61,2026-07-18,2026-07-18 22:00:00,2026-07-19 04:00:00,6,2026-07-18 22:00:00,2026-07-19 04:00:00,6.0,Completed,2026-07-18
632,571,33,2026-07-18,2026-07-18 06:00:00,2026-07-18 14:00:00,8,,,,Scheduled,2026-07-18
633,29,43,2026-07-18,2026-07-18 08:00:00,2026-07-18 16:00:00,8,2026-07-18 08:00:00,2026-07-18 16:00:00,8.0,Completed,2026-07-18
634,371,41,2026-07-18,2026-07-18 15:00:00,2026-07-18 21:00:00,6,2026-07-18 15:00:00,2026-07-18 21:00:00,6.0,Completed,2026-07-18
635,538,40,2026-07-18,2026-07-18 15:00:00,2026-07-18 19:00:00,4,2026-07-18 15:00:00,2026-07-18 19:00:00,4.0,Completed,2026-07-18
636,435,30,2026-07-18,2026-07-18 14:00:00,2026-07-18 22:00:00,8,2026-07-18 14:00:00,2026-07-18 22:00:00,8.0,Completed,2026-07-18
637,472,37,2026-07-19,2026-07-19 09:00:00,2026-07-19 15:00:00,6,,,0.0,No-Show,2026-07-19
638,574,55,2026-07-19,2026-07-19 08:00:00,2026-07-19 16:00:00,8,,,0.0,No-Show,2026-07-19
639,567,52,2026-07-19,2026-07-19 06:00:00,2026-07-19 12:00:00,6,,,0.0,Cancelled - Client,2026-07-19
640,575,15,2026-07-19,2026-07-19 08:00:00,2026-07-19 20:00:00,12,2026-07-19 08:00:00,2026-07-19 20:00:00,12.0,Completed,2026-07-19
641,395,53,2026-07-19,2026-07-19 14:00:00,2026-07-19 18:00:00,4,2026-07-19 14:00:00,2026-07-19 18:00:00,4.0,Completed,2026-07-19
642,428,32,2026-07-19,2026-07-19 22:00:00,2026-07-20 02:00:00,4,,,0.0,Cancelled - Employee,2026-07-19
643,536,17,2026-07-19,2026-07-19 06:00:00,2026-07-19 12:00:00,6,2026-07-19 06:00:00,2026-07-19 12:00:00,6.0,Completed,2026-07-19
644,381,39,2026-07-19,2026-07-19 07:00:00,2026-07-19 13:00:00,6,2026-07-19 07:00:00,2026-07-19 13:00:00,6.0,Completed,2026-07-19
645,498,43,2026-07-19,2026-07-19 08:00:00,2026-07-19 16:00:00,8,2026-07-19 08:00:00,2026-07-19 16:00:00,8.0,Completed,2026-07-19
646,394,48,2026-07-19,2026-07-19 07:00:00,2026-07-19 11:00:00,4,2026-07-19 07:00:00,2026-07-19 11:00:00,4.0,Completed,2026-07-19
647,481,1,2026-07-19,2026-07-19 07:00:00,2026-07-19 13:00:00,6,2026-07-19 07:00:00,2026-07-19 13:00:00,6.0,Completed,2026-07-19
648,25,56,2026-07-19,2026-07-19 15:00:00,2026-07-19 19:00:00,4,2026-07-19 15:00:00,2026-07-19 19:00:00,4.0,Completed,2026-07-19
649,542,4,2026-07-19,2026-07-19 22:00:00,2026-07-20 02:00:00,4,2026-07-19 22:00:00,2026-07-20 02:00:00,4.0,Completed,2026-07-19
650,555,49,2026-07-19,2026-07-19 14:00:00,2026-07-19 20:00:00,6,2026-07-19 14:00:00,2026-07-19 20:00:00,6.0,Completed,2026-07-19
651,576,19,2026-07-19,2026-07-19 07:00:00,2026-07-19 15:00:00,8,2026-07-19 07:00:00,2026-07-19 15:00:00,8.0,Completed,2026-07-19
652,564,26,2026-07-19,2026-07-19 06:00:00,2026-07-19 18:00:00,12,2026-07-19 06:00:00,2026-07-19 18:00:00,12.0,Completed,2026-07-19
653,491,40,2026-07-19,2026-07-19 08:00:00,2026-07-19 16:00:00,8,2026-07-19 08:00:00,2026-07-19 16:00:00,8.0,Completed,2026-07-19
654,503,45,2026-07-19,2026-07-19 08:00:00,2026-07-19 12:00:00,4,2026-07-19 08:00:00,2026-07-19 12:00:00,4.0,Completed,2026-07-19
655,517,51,2026-07-19,2026-07-19 14:00:00,2026-07-20 02:00:00,12,2026-07-19 14:00:00,2026-07-20 02:00:00,12.0,Completed,2026-07-19
656,545,30,2026-07-19,2026-07-19 09:00:00,2026-07-19 15:00:00,6,2026-07-19 09:00:00,2026-07-19 15:00:00,6.0,Completed,2026-07-19
657,532,5,2026-07-19,2026-07-19 07:00:00,2026-07-19 11:00:00,4,2026-07-19 07:00:00,2026-07-19 11:00:00,4.0,Completed,2026-07-19
658,29,10,2026-07-19,2026-07-19 14:00:00,2026-07-19 20:00:00,6,2026-07-19 14:00:00,2026-07-19 20:00:00,6.0,Completed,2026-07-19
659,442,22,2026-07-19,2026-07-19 14:00:00,2026-07-19 22:00:00,8,2026-07-19 14:00:00,2026-07-19 22:00:00,8.0,Completed,2026-07-19
660,520,3,2026-07-19,2026-07-19 15:00:00,2026-07-19 23:00:00,8,,,0.0,No-Show,2026-07-19
661,572,61,2026-07-19,2026-07-19 22:00:00,2026-07-20 06:00:00,8,2026-07-19 22:00:00,2026-07-20 06:00:00,8.0,Completed,2026-07-19
662,416,58,2026-07-19,2026-07-19 06:00:00,2026-07-19 14:00:00,8,2026-07-19 06:00:00,2026-07-19 14:00:00,8.0,Completed,2026-07-19
663,528,63,2026-07-19,2026-07-19 15:00:00,2026-07-19 19:00:00,4,,,0.0,Cancelled - Client,2026-07-19
664,509,25,2026-07-20,2026-07-20 14:00:00,2026-07-20 22:00:00,8,2026-07-20 14:00:00,2026-07-20 22:00:00,8.0,Completed,2026-07-20
665,550,55,2026-07-20,2026-07-20 09:00:00,2026-07-20 15:00:00,6,2026-07-20 09:00:00,2026-07-20 15:00:00,6.0,Completed,2026-07-20
666,555,39,2026-07-20,2026-07-20 09:00:00,2026-07-20 13:00:00,4,2026-07-20 09:00:00,2026-07-20 13:00:00,4.0,Completed,2026-07-20
667,11,16,2026-07-20,2026-07-20 14:00:00,2026-07-21 02:00:00,12,2026-07-20 14:00:00,2026-07-21 02:00:00,12.0,Completed,2026-07-20
668,535,48,2026-07-20,2026-07-20 07:00:00,2026-07-20 11:00:00,4,2026-07-20 07:00:00,2026-07-20 11:00:00,4.0,Completed,2026-07-20
669,371,45,2026-07-20,2026-07-20 22:00:00,2026-07-21 04:00:00,6,,,0.0,Cancelled - Employee,2026-07-20
670,27,65,2026-07-20,2026-07-20 15:00:00,2026-07-20 23:00:00,8,,,0.0,Cancelled - Employee,2026-07-20
671,466,32,2026-07-20,2026-07-20 07:00:00,2026-07-20 15:00:00,8,2026-07-20 07:00:00,2026-07-20 15:00:00,8.0,Completed,2026-07-20
672,511,1,2026-07-20,2026-07-20 08:00:00,2026-07-20 16:00:00,8,2026-07-20 08:00:00,2026-07-20 16:00:00,8.0,Completed,2026-07-20
673,17,56,2026-07-20,2026-07-20 08:00:00,2026-07-20 14:00:00,6,2026-07-20 08:00:00,2026-07-20 14:00:00,6.0,Completed,2026-07-20
674,428,57,2026-07-20,2026-07-20 22:00:00,2026-07-21 02:00:00,4,,,0.0,Cancelled - Employee,2026-07-20
675,551,43,2026-07-20,2026-07-20 09:00:00,2026-07-20 21:00:00,12,2026-07-20 09:00:00,2026-07-20 21:00:00,12.0,Completed,2026-07-20
676,476,40,2026-07-20,2026-07-20 07:00:00,2026-07-20 13:00:00,6,,,0.0,Cancelled - Client,2026-07-20
677,544,52,2026-07-20,2026-07-20 08:00:00,2026-07-20 20:00:00,12,2026-07-20 08:00:00,2026-07-20 20:00:00,12.0,Completed,2026-07-20
678,340,58,2026-07-20,2026-07-20 07:00:00,2026-07-20 15:00:00,8,2026-07-20 07:00:00,2026-07-20 15:00:00,8.0,Completed,2026-07-20
679,561,15,2026-07-20,2026-07-20 06:00:00,2026-07-20 12:00:00,6,2026-07-20 06:00:00,2026-07-20 12:00:00,6.0,Completed,2026-07-20
680,440,7,2026-07-20,2026-07-20 15:00:00,2026-07-20 21:00:00,6,2026-07-20 15:00:00,2026-07-20 21:00:00,6.0,Completed,2026-07-20
681,546,10,2026-07-20,2026-07-20 14:00:00,2026-07-20 18:00:00,4,2026-07-20 14:00:00,2026-07-20 18:00:00,4.0,Completed,2026-07-20
682,524,2,2026-07-20,2026-07-20 14:00:00,2026-07-20 22:00:00,8,2026-07-20 14:00:00,2026-07-20 22:00:00,8.0,Completed,2026-07-20
683,542,49,2026-07-20,2026-07-20 06:00:00,2026-07-20 12:00:00,6,2026-07-20 06:00:00,2026-07-20 12:00:00,6.0,Completed,2026-07-20
684,564,26,2026-07-20,2026-07-20 15:00:00,2026-07-20 19:00:00,4,,,0.0,Cancelled - Employee,2026-07-20
685,536,51,2026-07-20,2026-07-20 09:00:00,2026-07-20 15:00:00,6,2026-07-20 09:00:00,2026-07-20 15:00:00,6.0,Completed,2026-07-20
686,574,5,2026-07-20,2026-07-20 08:00:00,2026-07-20 20:00:00,12,2026-07-20 08:00:00,2026-07-20 20:00:00,12.0,Completed,2026-07-20
687,481,54,2026-07-20,2026-07-20 14:00:00,2026-07-20 20:00:00,6,2026-07-20 14:00:00,2026-07-20 20:00:00,6.0,Completed,2026-07-20
688,29,30,2026-07-20,2026-07-20 14:00:00,2026-07-20 20:00:00,6,,,0.0,Cancelled - Client,2026-07-20
689,247,62,2026-07-20,2026-07-20 06:00:00,2026-07-20 18:00:00,12,2026-07-20 06:00:00,2026-07-20 18:00:00,12.0,Completed,2026-07-20
690,358,19,2026-07-20,2026-07-20 07:00:00,2026-07-20 11:00:00,4,2026-07-20 07:00:00,2026-07-20 11:00:00,4.0,Completed,2026-07-20
691,580,17,2026-07-21,2026-07-21 14:00:00,2026-07-22 02:00:00,12,2026-07-21 14:00:00,2026-07-22 02:00:00,12.0,Completed,2026-07-21
692,394,49,2026-07-21,2026-07-21 15:00:00,2026-07-21 23:00:00,8,,,0.0,No-Show,2026-07-21
693,481,16,2026-07-21,2026-07-21 14:00:00,2026-07-21 20:00:00,6,2026-07-21 14:00:00,2026-07-21 20:00:00,6.0,Completed,2026-07-21
694,528,65,2026-07-21,2026-07-21 15:00:00,2026-07-22 03:00:00,12,2026-07-21 15:00:00,2026-07-22 03:00:00,12.0,Completed,2026-07-21
695,532,15,2026-07-21,2026-07-21 08:00:00,2026-07-21 20:00:00,12,2026-07-21 08:00:00,2026-07-21 20:00:00,12.0,Completed,2026-07-21
696,247,61,2026-07-21,2026-07-21 08:00:00,2026-07-21 14:00:00,6,2026-07-21 08:00:00,2026-07-21 14:00:00,6.0,Completed,2026-07-21
697,546,63,2026-07-21,2026-07-21 08:00:00,2026-07-21 14:00:00,6,2026-07-21 08:00:00,2026-07-21 14:00:00,6.0,Completed,2026-07-21
698,547,36,2026-07-21,2026-07-21 06:00:00,2026-07-21 14:00:00,8,2026-07-21 06:00:00,2026-07-21 14:00:00,8.0,Completed,2026-07-21
699,469,52,2026-07-21,2026-07-21 15:00:00,2026-07-21 19:00:00,4,2026-07-21 15:00:00,2026-07-21 19:00:00,4.0,Completed,2026-07-21
700,428,32,2026-07-21,2026-07-21 14:00:00,2026-07-22 02:00:00,12,,,0.0,Cancelled - Employee,2026-07-21
701,381,5,2026-07-21,2026-07-21 06:00:00,2026-07-21 18:00:00,12,,,0.0,No-Show,2026-07-21
702,17,3,2026-07-21,2026-07-21 07:00:00,2026-07-21 19:00:00,12,,,0.0,Cancelled - Client,2026-07-21
703,520,56,2026-07-21,2026-07-21 06:00:00,2026-07-21 18:00:00,12,2026-07-21 06:00:00,2026-07-21 18:00:00,12.0,Completed,2026-07-21
704,442,48,2026-07-21,2026-07-21 06:00:00,2026-07-21 12:00:00,6,2026-07-21 06:00:00,2026-07-21 12:00:00,6.0,Completed,2026-07-21
705,20,55,2026-07-21,2026-07-21 15:00:00,2026-07-21 19:00:00,4,2026-07-21 15:00:00,2026-07-21 19:00:00,4.0,Completed,2026-07-21
706,29,30,2026-07-21,2026-07-21 09:00:00,2026-07-21 15:00:00,6,2026-07-21 09:00:00,2026-07-21 15:00:00,6.0,Completed,2026-07-21
707,371,44,2026-07-21,2026-07-21 15:00:00,2026-07-22 03:00:00,12,2026-07-21 15:00:00,2026-07-22 03:00:00,12.0,Completed,2026-07-21
708,395,40,2026-07-21,2026-07-21 08:00:00,2026-07-21 16:00:00,8,2026-07-21 08:00:00,2026-07-21 16:00:00,8.0,Completed,2026-07-21
709,572,19,2026-07-21,2026-07-21 06:00:00,2026-07-21 10:00:00,4,2026-07-21 06:00:00,2026-07-21 10:00:00,4.0,Completed,2026-07-21
710,12,26,2026-07-21,2026-07-21 09:00:00,2026-07-21 21:00:00,12,2026-07-21 09:00:00,2026-07-21 21:00:00,12.0,Completed,2026-07-21
711,568,58,2026-07-21,2026-07-21 09:00:00,2026-07-21 13:00:00,4,2026-07-21 09:00:00,2026-07-21 13:00:00,4.0,Completed,2026-07-21
712,338,41,2026-07-21,2026-07-21 14:00:00,2026-07-21 22:00:00,8,2026-07-21 14:00:00,2026-07-21 22:00:00,8.0,Completed,2026-07-21
713,348,37,2026-07-21,2026-07-21 15:00:00,2026-07-21 23:00:00,8,2026-07-21 15:00:00,2026-07-21 23:00:00,8.0,Completed,2026-07-21
714,358,43,2026-07-21,2026-07-21 09:00:00,2026-07-21 13:00:00,4,,,0.0,Cancelled - Client,2026-07-21
715,25,39,2026-07-21,2026-07-21 14:00:00,2026-07-22 02:00:00,12,2026-07-21 14:00:00,2026-07-22 02:00:00,12.0,Completed,2026-07-21
716,527,28,2026-07-21,2026-07-21 14:00:00,2026-07-21 20:00:00,6,,,,Scheduled,2026-07-21
717,565,51,2026-07-21,2026-07-21 08:00:00,2026-07-21 20:00:00,12,2026-07-21 08:00:00,2026-07-21 20:00:00,12.0,Completed,2026-07-21
718,501,38,2026-07-21,2026-07-21 07:00:00,2026-07-21 13:00:00,6,2026-07-21 07:00:00,2026-07-21 13:00:00,6.0,Completed,2026-07-21
719,524,62,2026-07-21,2026-07-21 06:00:00,2026-07-21 12:00:00,6,2026-07-21 06:00:00,2026-07-21 12:00:00,6.0,Completed,2026-07-21
720,522,22,2026-07-21,2026-07-21 14:00:00,2026-07-21 20:00:00,6,2026-07-21 14:00:00,2026-07-21 20:00:00,6.0,Completed,2026-07-21
721,555,66,2026-07-21,2026-07-21 09:00:00,2026-07-21 21:00:00,12,2026-07-21 09:00:00,2026-07-21 21:00:00,12.0,Completed,2026-07-21
722,560,45,2026-07-21,2026-07-21 15:00:00,2026-07-22 03:00:00,12,,,0.0,No-Show,2026-07-21
723,572,19,2026-07-22,2026-07-22 15:00:00,2026-07-23 03:00:00,12,2026-07-22 15:00:00,2026-07-23 03:00:00,12.0,Completed,2026-07-22
724,458,45,2026-07-22,2026-07-22 14:00:00,2026-07-23 02:00:00,12,2026-07-22 14:00:00,2026-07-23 02:00:00,12.0,Completed,2026-07-22
725,554,25,2026-07-22,2026-07-22 15:00:00,2026-07-23 03:00:00,12,2026-07-22 15:00:00,2026-07-23 03:00:00,12.0,Completed,2026-07-22
726,15,60,2026-07-22,2026-07-22 09:00:00,2026-07-22 13:00:00,4,,,,Scheduled,2026-07-22
727,542,66,2026-07-22,2026-07-22 07:00:00,2026-07-22 11:00:00,4,2026-07-22 07:00:00,2026-07-22 11:00:00,4.0,Completed,2026-07-22
728,493,26,2026-07-22,2026-07-22 15:00:00,2026-07-22 21:00:00,6,2026-07-22 15:00:00,2026-07-22 21:00:00,6.0,Completed,2026-07-22
729,560,40,2026-07-22,2026-07-22 06:00:00,2026-07-22 12:00:00,6,,,0.0,No-Show,2026-07-22
730,340,58,2026-07-22,2026-07-22 15:00:00,2026-07-22 19:00:00,4,,,0.0,Cancelled - Employee,2026-07-22
731,583,48,2026-07-22,2026-07-22 07:00:00,2026-07-22 11:00:00,4,,,0.0,No-Show,2026-07-22
732,537,69,2026-07-22,2026-07-22 15:00:00,2026-07-22 23:00:00,8,2026-07-22 15:00:00,2026-07-22 23:00:00,8.0,Completed,2026-07-22
733,349,33,2026-07-22,2026-07-22 22:00:00,2026-07-23 06:00:00,8,2026-07-22 22:00:00,2026-07-23 06:00:00,8.0,Completed,2026-07-22
734,358,30,2026-07-22,2026-07-22 06:00:00,2026-07-22 18:00:00,12,,,0.0,No-Show,2026-07-22
735,581,52,2026-07-22,2026-07-22 09:00:00,2026-07-22 21:00:00,12,2026-07-22 09:00:00,2026-07-22 21:00:00,12.0,Completed,2026-07-22
736,498,65,2026-07-22,2026-07-22 22:00:00,2026-07-23 04:00:00,6,2026-07-22 22:00:00,2026-07-23 04:00:00,6.0,Completed,2026-07-22
737,25,1,2026-07-22,2026-07-22 14:00:00,2026-07-22 20:00:00,6,2026-07-22 14:00:00,2026-07-22 20:00:00,6.0,Completed,2026-07-22
738,495,50,2026-07-22,2026-07-22 06:00:00,2026-07-22 12:00:00,6,2026-07-22 06:00:00,2026-07-22 12:00:00,6.0,Completed,2026-07-22
739,545,43,2026-07-22,2026-07-22 06:00:00,2026-07-22 18:00:00,12,2026-07-22 06:00:00,2026-07-22 18:00:00,12.0,Completed,2026-07-22
740,561,49,2026-07-22,2026-07-22 09:00:00,2026-07-22 15:00:00,6,2026-07-22 09:00:00,2026-07-22 15:00:00,6.0,Completed,2026-07-22
741,446,63,2026-07-22,2026-07-22 08:00:00,2026-07-22 20:00:00,12,2026-07-22 08:00:00,2026-07-22 20:00:00,12.0,Completed,2026-07-22
742,532,3,2026-07-22,2026-07-22 22:00:00,2026-07-23 10:00:00,12,,,0.0,Cancelled - Client,2026-07-22
743,555,16,2026-07-22,2026-07-22 09:00:00,2026-07-22 13:00:00,4,,,,Scheduled,2026-07-22
744,20,15,2026-07-22,2026-07-22 08:00:00,2026-07-22 12:00:00,4,2026-07-22 08:00:00,2026-07-22 12:00:00,4.0,Completed,2026-07-22
745,11,39,2026-07-22,2026-07-22 09:00:00,2026-07-22 21:00:00,12,2026-07-22 09:00:00,2026-07-22 21:00:00,12.0,Completed,2026-07-22
746,546,61,2026-07-22,2026-07-22 14:00:00,2026-07-23 02:00:00,12,,,0.0,No-Show,2026-07-22
747,338,44,2026-07-22,2026-07-22 06:00:00,2026-07-22 12:00:00,6,2026-07-22 06:00:00,2026-07-22 12:00:00,6.0,Completed,2026-07-22
748,394,5,2026-07-22,2026-07-22 07:00:00,2026-07-22 11:00:00,4,,,0.0,Cancelled - Client,2026-07-22
749,524,32,2026-07-22,2026-07-22 22:00:00,2026-07-23 06:00:00,8,2026-07-22 22:00:00,2026-07-23 06:00:00,8.0,Completed,2026-07-22
750,583,15,2026-07-23,2026-07-23 08:00:00,2026-07-23 14:00:00,6,2026-07-23 08:00:00,2026-07-23 14:00:00,6.0,Completed,2026-07-23
751,27,65,2026-07-23,2026-07-23 06:00:00,2026-07-23 10:00:00,4,2026-07-23 06:00:00,2026-07-23 10:00:00,4.0,Completed,2026-07-23
752,5,3,2026-07-23,2026-07-23 09:00:00,2026-07-23 13:00:00,4,2026-07-23 09:00:00,2026-07-23 13:00:00,4.0,Completed,2026-07-23
753,551,2,2026-07-23,2026-07-23 07:00:00,2026-07-23 15:00:00,8,,,,Scheduled,2026-07-23
754,542,16,2026-07-23,2026-07-23 15:00:00,2026-07-23 23:00:00,8,2026-07-23 15:00:00,2026-07-23 23:00:00,8.0,Completed,2026-07-23
755,428,62,2026-07-23,2026-07-23 14:00:00,2026-07-24 02:00:00,12,,,0.0,Cancelled - Client,2026-07-23
756,25,54,2026-07-23,2026-07-23 14:00:00,2026-07-23 22:00:00,8,2026-07-23 14:00:00,2026-07-23 22:00:00,8.0,Completed,2026-07-23
757,348,58,2026-07-23,2026-07-23 09:00:00,2026-07-23 17:00:00,8,2026-07-23 09:00:00,2026-07-23 17:00:00,8.0,Completed,2026-07-23
758,502,26,2026-07-23,2026-07-23 06:00:00,2026-07-23 12:00:00,6,,,,Scheduled,2026-07-23
759,17,48,2026-07-23,2026-07-23 22:00:00,2026-07-24 02:00:00,4,2026-07-23 22:00:00,2026-07-24 02:00:00,4.0,Completed,2026-07-23
760,585,39,2026-07-23,2026-07-23 07:00:00,2026-07-23 13:00:00,6,2026-07-23 07:00:00,2026-07-23 13:00:00,6.0,Completed,2026-07-23
761,511,55,2026-07-23,2026-07-23 08:00:00,2026-07-23 14:00:00,6,2026-07-23 08:00:00,2026-07-23 14:00:00,6.0,Completed,2026-07-23
762,546,30,2026-07-23,2026-07-23 22:00:00,2026-07-24 04:00:00,6,2026-07-23 22:00:00,2026-07-24 04:00:00,6.0,Completed,2026-07-23
763,394,1,2026-07-23,2026-07-23 09:00:00,2026-07-23 15:00:00,6,,,0.0,No-Show,2026-07-23
764,458,40,2026-07-23,2026-07-23 08:00:00,2026-07-23 16:00:00,8,,,0.0,Cancelled - Employee,2026-07-23
765,349,17,2026-07-23,2026-07-23 07:00:00,2026-07-23 19:00:00,12,2026-07-23 07:00:00,2026-07-23 19:00:00,12.0,Completed,2026-07-23
766,469,53,2026-07-23,2026-07-23 09:00:00,2026-07-23 17:00:00,8,2026-07-23 09:00:00,2026-07-23 17:00:00,8.0,Completed,2026-07-23
767,537,52,2026-07-23,2026-07-23 14:00:00,2026-07-23 22:00:00,8,2026-07-23 14:00:00,2026-07-23 22:00:00,8.0,Completed,2026-07-23
768,559,25,2026-07-23,2026-07-23 07:00:00,2026-07-23 15:00:00,8,2026-07-23 07:00:00,2026-07-23 15:00:00,8.0,Completed,2026-07-23
769,498,19,2026-07-23,2026-07-23 07:00:00,2026-07-23 15:00:00,8,2026-07-23 07:00:00,2026-07-23 15:00:00,8.0,Completed,2026-07-23
770,555,5,2026-07-23,2026-07-23 22:00:00,2026-07-24 04:00:00,6,,,0.0,Cancelled - Employee,2026-07-23
771,455,61,2026-07-23,2026-07-23 22:00:00,2026-07-24 06:00:00,8,2026-07-23 22:00:00,2026-07-24 06:00:00,8.0,Completed,2026-07-23
772,532,66,2026-07-23,2026-07-23 09:00:00,2026-07-23 17:00:00,8,,,0.0,Cancelled - Employee,2026-07-23
773,481,4,2026-07-23,2026-07-23 15:00:00,2026-07-23 23:00:00,8,,,0.0,Cancelled - Client,2026-07-23
774,568,6,2026-07-23,2026-07-23 14:00:00,2026-07-23 22:00:00,8,2026-07-23 14:00:00,2026-07-23 22:00:00,8.0,Completed,2026-07-23
775,519,45,2026-07-23,2026-07-23 07:00:00,2026-07-23 19:00:00,12,,,0.0,Cancelled - Client,2026-07-23
776,14,43,2026-07-23,2026-07-23 22:00:00,2026-07-24 02:00:00,4,2026-07-23 22:00:00,2026-07-24 02:00:00,4.0,Completed,2026-07-23
777,446,62,2026-07-24,2026-07-24 15:00:00,2026-07-24 23:00:00,8,2026-07-24 15:00:00,2026-07-24 23:00:00,8.0,Completed,2026-07-24
778,532,56,2026-07-24,2026-07-24 15:00:00,2026-07-24 23:00:00,8,2026-07-24 15:00:00,2026-07-24 23:00:00,8.0,Completed,2026-07-24
779,513,15,2026-07-24,2026-07-24 14:00:00,2026-07-24 18:00:00,4,2026-07-24 14:00:00,2026-07-24 18:00:00,4.0,Completed,2026-07-24
780,26,28,2026-07-24,2026-07-24 09:00:00,2026-07-24 13:00:00,4,,,0.0,No-Show,2026-07-24
781,25,3,2026-07-24,2026-07-24 22:00:00,2026-07-25 02:00:00,4,2026-07-24 22:00:00,2026-07-25 02:00:00,4.0,Completed,2026-07-24
782,381,16,2026-07-24,2026-07-24 07:00:00,2026-07-24 19:00:00,12,2026-07-24 07:00:00,2026-07-24 19:00:00,12.0,Completed,2026-07-24
783,500,41,2026-07-24,2026-07-24 22:00:00,2026-07-25 10:00:00,12,,,0.0,Cancelled - Client,2026-07-24
784,511,48,2026-07-24,2026-07-24 06:00:00,2026-07-24 10:00:00,4,2026-07-24 06:00:00,2026-07-24 10:00:00,4.0,Completed,2026-07-24
785,551,30,2026-07-24,2026-07-24 09:00:00,2026-07-24 17:00:00,8,2026-07-24 09:00:00,2026-07-24 17:00:00,8.0,Completed,2026-07-24
786,582,25,2026-07-24,2026-07-24 15:00:00,2026-07-24 21:00:00,6,,,0.0,No-Show,2026-07-24
787,520,1,2026-07-24,2026-07-24 15:00:00,2026-07-25 03:00:00,12,,,0.0,Cancelled - Employee,2026-07-24
788,403,58,2026-07-24,2026-07-24 08:00:00,2026-07-24 14:00:00,6,2026-07-24 08:00:00,2026-07-24 14:00:00,6.0,Completed,2026-07-24
789,498,65,2026-07-24,2026-07-24 15:00:00,2026-07-24 23:00:00,8,,,0.0,Cancelled - Employee,2026-07-24
790,474,34,2026-07-24,2026-07-24 07:00:00,2026-07-24 11:00:00,4,2026-07-24 07:00:00,2026-07-24 11:00:00,4.0,Completed,2026-07-24
791,502,60,2026-07-24,2026-07-24 15:00:00,2026-07-24 21:00:00,6,2026-07-24 15:00:00,2026-07-24 21:00:00,6.0,Completed,2026-07-24
792,539,53,2026-07-24,2026-07-24 08:00:00,2026-07-24 12:00:00,4,2026-07-24 08:00:00,2026-07-24 12:00:00,4.0,Completed,2026-07-24
793,550,5,2026-07-24,2026-07-24 09:00:00,2026-07-24 21:00:00,12,2026-07-24 09:00:00,2026-07-24 21:00:00,12.0,Completed,2026-07-24
794,574,39,2026-07-24,2026-07-24 07:00:00,2026-07-24 15:00:00,8,2026-07-24 07:00:00,2026-07-24 15:00:00,8.0,Completed,2026-07-24
795,5,55,2026-07-24,2026-07-24 06:00:00,2026-07-24 10:00:00,4,2026-07-24 06:00:00,2026-07-24 10:00:00,4.0,Completed,2026-07-24
796,466,61,2026-07-24,2026-07-24 09:00:00,2026-07-24 15:00:00,6,2026-07-24 09:00:00,2026-07-24 15:00:00,6.0,Completed,2026-07-24
797,567,45,2026-07-24,2026-07-24 07:00:00,2026-07-24 19:00:00,12,2026-07-24 07:00:00,2026-07-24 19:00:00,12.0,Completed,2026-07-24
798,458,70,2026-07-24,2026-07-24 15:00:00,2026-07-24 21:00:00,6,2026-07-24 15:00:00,2026-07-24 21:00:00,6.0,Completed,2026-07-24
799,428,32,2026-07-24,2026-07-24 06:00:00,2026-07-24 10:00:00,4,,,0.0,Cancelled - Client,2026-07-24
800,27,19,2026-07-24,2026-07-24 08:00:00,2026-07-24 14:00:00,6,2026-07-24 08:00:00,2026-07-24 14:00:00,6.0,Completed,2026-07-24
801,519,40,2026-07-24,2026-07-24 06:00:00,2026-07-24 18:00:00,12,,,0.0,Cancelled - Client,2026-07-24
802,12,26,2026-07-24,2026-07-24 06:00:00,2026-07-24 18:00:00,12,,,0.0,Cancelled - Employee,2026-07-24
803,565,17,2026-07-24,2026-07-24 07:00:00,2026-07-24 13:00:00,6,2026-07-24 07:00:00,2026-07-24 13:00:00,6.0,Completed,2026-07-24
804,10,52,2026-07-24,2026-07-24 15:00:00,2026-07-24 19:00:00,4,2026-07-24 15:00:00,2026-07-24 19:00:00,4.0,Completed,2026-07-24
805,442,66,2026-07-24,2026-07-24 08:00:00,2026-07-24 12:00:00,4,2026-07-24 08:00:00,2026-07-24 12:00:00,4.0,Completed,2026-07-24
806,14,43,2026-07-24,2026-07-24 09:00:00,2026-07-24 13:00:00,4,2026-07-24 09:00:00,2026-07-24 13:00:00,4.0,Completed,2026-07-24
807,435,65,2026-07-25,2026-07-25 15:00:00,2026-07-26 03:00:00,12,2026-07-25 15:00:00,2026-07-26 03:00:00,12.0,Completed,2026-07-25
808,27,61,2026-07-25,2026-07-25 14:00:00,2026-07-25 22:00:00,8,,,0.0,Cancelled - Client,2026-07-25
809,11,49,2026-07-25,2026-07-25 07:00:00,2026-07-25 11:00:00,4,2026-07-25 07:00:00,2026-07-25 11:00:00,4.0,Completed,2026-07-25
810,5,3,2026-07-25,2026-07-25 14:00:00,2026-07-25 22:00:00,8,2026-07-25 14:00:00,2026-07-25 22:00:00,8.0,Completed,2026-07-25
811,469,53,2026-07-25,2026-07-25 06:00:00,2026-07-25 10:00:00,4,2026-07-25 06:00:00,2026-07-25 10:00:00,4.0,Completed,2026-07-25
812,10,50,2026-07-25,2026-07-25 09:00:00,2026-07-25 13:00:00,4,2026-07-25 09:00:00,2026-07-25 13:00:00,4.0,Completed,2026-07-25
813,458,44,2026-07-25,2026-07-25 08:00:00,2026-07-25 14:00:00,6,2026-07-25 08:00:00,2026-07-25 14:00:00,6.0,Completed,2026-07-25
814,584,38,2026-07-25,2026-07-25 14:00:00,2026-07-25 22:00:00,8,2026-07-25 14:00:00,2026-07-25 22:00:00,8.0,Completed,2026-07-25
815,555,56,2026-07-25,2026-07-25 22:00:00,2026-07-26 06:00:00,8,2026-07-25 22:00:00,2026-07-26 06:00:00,8.0,Completed,2026-07-25
816,446,19,2026-07-25,2026-07-25 06:00:00,2026-07-25 18:00:00,12,2026-07-25 06:00:00,2026-07-25 18:00:00,12.0,Completed,2026-07-25
817,474,45,2026-07-25,2026-07-25 15:00:00,2026-07-25 23:00:00,8,2026-07-25 15:00:00,2026-07-25 23:00:00,8.0,Completed,2026-07-25
818,520,15,2026-07-25,2026-07-25 07:00:00,2026-07-25 13:00:00,6,,,0.0,No-Show,2026-07-25
819,395,70,2026-07-25,2026-07-25 06:00:00,2026-07-25 10:00:00,4,,,0.0,Cancelled - Client,2026-07-25
820,442,39,2026-07-25,2026-07-25 22:00:00,2026-07-26 02:00:00,4,,,0.0,Cancelled - Client,2026-07-25
821,20,1,2026-07-25,2026-07-25 07:00:00,2026-07-25 15:00:00,8,2026-07-25 07:00:00,2026-07-25 15:00:00,8.0,Completed,2026-07-25
822,22,36,2026-07-25,2026-07-25 09:00:00,2026-07-25 17:00:00,8,,,0.0,No-Show,2026-07-25
823,15,26,2026-07-25,2026-07-25 07:00:00,2026-07-25 13:00:00,6,2026-07-25 07:00:00,2026-07-25 13:00:00,6.0,Completed,2026-07-25
824,580,17,2026-07-25,2026-07-25 08:00:00,2026-07-25 16:00:00,8,2026-07-25 08:00:00,2026-07-25 16:00:00,8.0,Completed,2026-07-25
825,550,48,2026-07-25,2026-07-25 06:00:00,2026-07-25 14:00:00,8,,,0.0,No-Show,2026-07-25
826,560,69,2026-07-25,2026-07-25 08:00:00,2026-07-25 14:00:00,6,,,0.0,Cancelled - Client,2026-07-25
827,25,5,2026-07-25,2026-07-25 07:00:00,2026-07-25 13:00:00,6,,,0.0,Cancelled - Client,2026-07-25
828,537,52,2026-07-25,2026-07-25 15:00:00,2026-07-25 19:00:00,4,,,,Scheduled,2026-07-25
829,358,43,2026-07-25,2026-07-25 14:00:00,2026-07-25 22:00:00,8,2026-07-25 14:00:00,2026-07-25 22:00:00,8.0,Completed,2026-07-25
830,542,68,2026-07-25,2026-07-25 15:00:00,2026-07-25 23:00:00,8,2026-07-25 15:00:00,2026-07-25 23:00:00,8.0,Completed,2026-07-25
831,466,63,2026-07-25,2026-07-25 08:00:00,2026-07-25 12:00:00,4,2026-07-25 08:00:00,2026-07-25 12:00:00,4.0,Completed,2026-07-25
832,17,55,2026-07-25,2026-07-25 22:00:00,2026-07-26 02:00:00,4,,,0.0,No-Show,2026-07-25
833,419,71,2026-07-25,2026-07-25 15:00:00,2026-07-25 21:00:00,6,,,0.0,Cancelled - Employee,2026-07-25
834,481,16,2026-07-25,2026-07-25 22:00:00,2026-07-26 10:00:00,12,2026-07-25 22:00:00,2026-07-26 10:00:00,12.0,Completed,2026-07-25
835,539,40,2026-07-25,2026-07-25 14:00:00,2026-07-25 18:00:00,4,,,0.0,Cancelled - Employee,2026-07-25
836,528,32,2026-07-25,2026-07-25 14:00:00,2026-07-25 22:00:00,8,2026-07-25 14:00:00,2026-07-25 22:00:00,8.0,Completed,2026-07-25
837,13,58,2026-07-25,2026-07-25 07:00:00,2026-07-25 19:00:00,12,2026-07-25 07:00:00,2026-07-25 19:00:00,12.0,Completed,2026-07-25
838,381,66,2026-07-25,2026-07-25 07:00:00,2026-07-25 15:00:00,8,2026-07-25 07:00:00,2026-07-25 15:00:00,8.0,Completed,2026-07-25
839,14,62,2026-07-25,2026-07-25 06:00:00,2026-07-25 12:00:00,6,2026-07-25 06:00:00,2026-07-25 12:00:00,6.0,Completed,2026-07-25
840,576,30,2026-07-25,2026-07-25 22:00:00,2026-07-26 06:00:00,8,2026-07-25 22:00:00,2026-07-26 06:00:00,8.0,Completed,2026-07-25
841,498,72,2026-07-25,2026-07-25 06:00:00,2026-07-25 10:00:00,4,2026-07-25 06:00:00,2026-07-25 10:00:00,4.0,Completed,2026-07-25
842,381,1,2026-07-26,2026-07-26 08:00:00,2026-07-26 20:00:00,12,2026-07-26 08:00:00,2026-07-26 20:00:00,12.0,Completed,2026-07-26
843,572,43,2026-07-26,2026-07-26 22:00:00,2026-07-27 04:00:00,6,2026-07-26 22:00:00,2026-07-27 04:00:00,6.0,Completed,2026-07-26
844,576,62,2026-07-26,2026-07-26 09:00:00,2026-07-26 21:00:00,12,2026-07-26 09:00:00,2026-07-26 21:00:00,12.0,Completed,2026-07-26
845,13,58,2026-07-26,2026-07-26 08:00:00,2026-07-26 12:00:00,4,2026-07-26 08:00:00,2026-07-26 12:00:00,4.0,Completed,2026-07-26
846,592,34,2026-07-26,2026-07-26 07:00:00,2026-07-26 13:00:00,6,2026-07-26 07:00:00,2026-07-26 13:00:00,6.0,Completed,2026-07-26
847,358,30,2026-07-26,2026-07-26 06:00:00,2026-07-26 10:00:00,4,2026-07-26 06:00:00,2026-07-26 10:00:00,4.0,Completed,2026-07-26
848,546,19,2026-07-26,2026-07-26 09:00:00,2026-07-26 21:00:00,12,,,0.0,No-Show,2026-07-26
849,520,55,2026-07-26,2026-07-26 14:00:00,2026-07-26 22:00:00,8,,,0.0,No-Show,2026-07-26
850,585,5,2026-07-26,2026-07-26 06:00:00,2026-07-26 10:00:00,4,2026-07-26 06:00:00,2026-07-26 10:00:00,4.0,Completed,2026-07-26
851,584,38,2026-07-26,2026-07-26 09:00:00,2026-07-26 21:00:00,12,2026-07-26 09:00:00,2026-07-26 21:00:00,12.0,Completed,2026-07-26
852,583,3,2026-07-26,2026-07-26 22:00:00,2026-07-27 02:00:00,4,2026-07-26 22:00:00,2026-07-27 02:00:00,4.0,Completed,2026-07-26
853,513,22,2026-07-26,2026-07-26 22:00:00,2026-07-27 02:00:00,4,2026-07-26 22:00:00,2026-07-27 02:00:00,4.0,Completed,2026-07-26
854,593,56,2026-07-26,2026-07-26 22:00:00,2026-07-27 10:00:00,12,2026-07-26 22:00:00,2026-07-27 10:00:00,12.0,Completed,2026-07-26
855,29,65,2026-07-26,2026-07-26 08:00:00,2026-07-26 12:00:00,4,2026-07-26 08:00:00,2026-07-26 12:00:00,4.0,Completed,2026-07-26
856,574,15,2026-07-26,2026-07-26 08:00:00,2026-07-26 12:00:00,4,2026-07-26 08:00:00,2026-07-26 12:00:00,4.0,Completed,2026-07-26
857,544,52,2026-07-26,2026-07-26 15:00:00,2026-07-26 19:00:00,4,2026-07-26 15:00:00,2026-07-26 19:00:00,4.0,Completed,2026-07-26
858,308,17,2026-07-26,2026-07-26 08:00:00,2026-07-26 20:00:00,12,,,0.0,Cancelled - Client,2026-07-26
859,498,63,2026-07-26,2026-07-26 08:00:00,2026-07-26 20:00:00,12,2026-07-26 08:00:00,2026-07-26 20:00:00,12.0,Completed,2026-07-26
860,506,45,2026-07-26,2026-07-26 14:00:00,2026-07-27 02:00:00,12,2026-07-26 14:00:00,2026-07-27 02:00:00,12.0,Completed,2026-07-26
861,22,36,2026-07-26,2026-07-26 07:00:00,2026-07-26 15:00:00,8,2026-07-26 07:00:00,2026-07-26 15:00:00,8.0,Completed,2026-07-26
862,550,66,2026-07-26,2026-07-26 07:00:00,2026-07-26 15:00:00,8,2026-07-26 07:00:00,2026-07-26 15:00:00,8.0,Completed,2026-07-26
863,436,2,2026-07-26,2026-07-26 22:00:00,2026-07-27 04:00:00,6,2026-07-26 22:00:00,2026-07-27 04:00:00,6.0,Completed,2026-07-26
864,14,72,2026-07-26,2026-07-26 08:00:00,2026-07-26 16:00:00,8,2026-07-26 08:00:00,2026-07-26 16:00:00,8.0,Completed,2026-07-26
865,481,16,2026-07-26,2026-07-26 06:00:00,2026-07-26 12:00:00,6,2026-07-26 06:00:00,2026-07-26 12:00:00,6.0,Completed,2026-07-26
866,528,32,2026-07-26,2026-07-26 09:00:00,2026-07-26 17:00:00,8,2026-07-26 09:00:00,2026-07-26 17:00:00,8.0,Completed,2026-07-26
867,11,48,2026-07-26,2026-07-26 06:00:00,2026-07-26 14:00:00,8,2026-07-26 06:00:00,2026-07-26 14:00:00,8.0,Completed,2026-07-26
868,20,39,2026-07-26,2026-07-26 09:00:00,2026-07-26 15:00:00,6,2026-07-26 09:00:00,2026-07-26 15:00:00,6.0,Completed,2026-07-26
869,510,61,2026-07-26,2026-07-26 15:00:00,2026-07-26 23:00:00,8,2026-07-26 15:00:00,2026-07-26 23:00:00,8.0,Completed,2026-07-26
870,466,10,2026-07-26,2026-07-26 06:00:00,2026-07-26 12:00:00,6,,,0.0,Cancelled - Employee,2026-07-26
871,371,40,2026-07-26,2026-07-26 07:00:00,2026-07-26 19:00:00,12,2026-07-26 07:00:00,2026-07-26 19:00:00,12.0,Completed,2026-07-26
872,17,4,2026-07-26,2026-07-26 07:00:00,2026-07-26 19:00:00,12,2026-07-26 07:00:00,2026-07-26 19:00:00,12.0,Completed,2026-07-26
873,509,28,2026-07-26,2026-07-26 09:00:00,2026-07-26 13:00:00,4,2026-07-26 09:00:00,2026-07-26 13:00:00,4.0,Completed,2026-07-26
874,461,26,2026-07-26,2026-07-26 14:00:00,2026-07-26 20:00:00,6,2026-07-26 14:00:00,2026-07-26 20:00:00,6.0,Completed,2026-07-26
875,469,53,2026-07-26,2026-07-26 15:00:00,2026-07-26 23:00:00,8,2026-07-26 15:00:00,2026-07-26 23:00:00,8.0,Completed,2026-07-26
876,546,63,2026-07-27,2026-07-27 08:00:00,2026-07-27 16:00:00,8,2026-07-27 08:00:00,2026-07-27 16:00:00,8.0,Completed,2026-07-27
877,517,17,2026-07-27,2026-07-27 22:00:00,2026-07-28 02:00:00,4,2026-07-27 22:00:00,2026-07-28 02:00:00,4.0,Completed,2026-07-27
878,247,30,2026-07-27,2026-07-27 14:00:00,2026-07-27 20:00:00,6,2026-07-27 14:00:00,2026-07-27 20:00:00,6.0,Completed,2026-07-27
879,20,1,2026-07-27,2026-07-27 09:00:00,2026-07-27 17:00:00,8,2026-07-27 09:00:00,2026-07-27 17:00:00,8.0,Completed,2026-07-27
880,25,4,2026-07-27,2026-07-27 15:00:00,2026-07-27 21:00:00,6,2026-07-27 15:00:00,2026-07-27 21:00:00,6.0,Completed,2026-07-27
881,394,66,2026-07-27,2026-07-27 15:00:00,2026-07-28 03:00:00,12,2026-07-27 15:00:00,2026-07-28 03:00:00,12.0,Completed,2026-07-27
882,27,72,2026-07-27,2026-07-27 09:00:00,2026-07-27 15:00:00,6,,,0.0,Cancelled - Client,2026-07-27
883,14,43,2026-07-27,2026-07-27 09:00:00,2026-07-27 13:00:00,4,2026-07-27 09:00:00,2026-07-27 13:00:00,4.0,Completed,2026-07-27
884,26,21,2026-07-27,2026-07-27 08:00:00,2026-07-27 20:00:00,12,2026-07-27 08:00:00,2026-07-27 20:00:00,12.0,Completed,2026-07-27
885,593,48,2026-07-27,2026-07-27 07:00:00,2026-07-27 11:00:00,4,,,,Scheduled,2026-07-27
886,542,5,2026-07-27,2026-07-27 09:00:00,2026-07-27 13:00:00,4,2026-07-27 09:00:00,2026-07-27 13:00:00,4.0,Completed,2026-07-27
887,555,16,2026-07-27,2026-07-27 06:00:00,2026-07-27 18:00:00,12,,,0.0,Cancelled - Employee,2026-07-27
888,554,75,2026-07-27,2026-07-27 07:00:00,2026-07-27 13:00:00,6,2026-07-27 07:00:00,2026-07-27 13:00:00,6.0,Completed,2026-07-27
889,511,39,2026-07-27,2026-07-27 07:00:00,2026-07-27 15:00:00,8,2026-07-27 07:00:00,2026-07-27 15:00:00,8.0,Completed,2026-07-27
890,536,7,2026-07-27,2026-07-27 14:00:00,2026-07-27 18:00:00,4,2026-07-27 14:00:00,2026-07-27 18:00:00,4.0,Completed,2026-07-27
891,466,19,2026-07-27,2026-07-27 08:00:00,2026-07-27 20:00:00,12,2026-07-27 08:00:00,2026-07-27 20:00:00,12.0,Completed,2026-07-27
892,560,69,2026-07-27,2026-07-27 15:00:00,2026-07-28 03:00:00,12,,,0.0,Cancelled - Client,2026-07-27
893,535,22,2026-07-27,2026-07-27 09:00:00,2026-07-27 21:00:00,12,2026-07-27 09:00:00,2026-07-27 21:00:00,12.0,Completed,2026-07-27
894,358,76,2026-07-27,2026-07-27 07:00:00,2026-07-27 19:00:00,12,2026-07-27 07:00:00,2026-07-27 19:00:00,12.0,Completed,2026-07-27
895,509,28,2026-07-27,2026-07-27 14:00:00,2026-07-28 02:00:00,12,2026-07-27 14:00:00,2026-07-28 02:00:00,12.0,Completed,2026-07-27
896,371,41,2026-07-27,2026-07-27 07:00:00,2026-07-27 11:00:00,4,2026-07-27 07:00:00,2026-07-27 11:00:00,4.0,Completed,2026-07-27
897,520,15,2026-07-27,2026-07-27 07:00:00,2026-07-27 11:00:00,4,2026-07-27 07:00:00,2026-07-27 11:00:00,4.0,Completed,2026-07-27
898,533,58,2026-07-27,2026-07-27 07:00:00,2026-07-27 15:00:00,8,,,0.0,Cancelled - Client,2026-07-27
899,510,61,2026-07-27,2026-07-27 08:00:00,2026-07-27 12:00:00,4,2026-07-27 08:00:00,2026-07-27 12:00:00,4.0,Completed,2026-07-27
900,587,40,2026-07-27,2026-07-27 07:00:00,2026-07-27 15:00:00,8,2026-07-27 07:00:00,2026-07-27 15:00:00,8.0,Completed,2026-07-27
901,574,3,2026-07-27,2026-07-27 15:00:00,2026-07-27 23:00:00,8,2026-07-27 15:00:00,2026-07-27 23:00:00,8.0,Completed,2026-07-27
902,5,73,2026-07-27,2026-07-27 06:00:00,2026-07-27 12:00:00,6,,,0.0,No-Show,2026-07-27
903,538,52,2026-07-27,2026-07-27 15:00:00,2026-07-27 21:00:00,6,2026-07-27 15:00:00,2026-07-27 21:00:00,6.0,Completed,2026-07-27
904,478,26,2026-07-27,2026-07-27 14:00:00,2026-07-28 02:00:00,12,2026-07-27 14:00:00,2026-07-28 02:00:00,12.0,Completed,2026-07-27
905,477,36,2026-07-27,2026-07-27 08:00:00,2026-07-27 16:00:00,8,2026-07-27 08:00:00,2026-07-27 16:00:00,8.0,Completed,2026-07-27
906,10,45,2026-07-27,2026-07-27 15:00:00,2026-07-28 03:00:00,12,2026-07-27 15:00:00,2026-07-28 03:00:00,12.0,Completed,2026-07-27
907,528,65,2026-07-27,2026-07-27 08:00:00,2026-07-27 20:00:00,12,,,0.0,Cancelled - Client,2026-07-27
908,544,45,2026-07-28,2026-07-28 14:00:00,2026-07-28 18:00:00,4,,,0.0,Cancelled - Employee,2026-07-28
909,477,38,2026-07-28,2026-07-28 15:00:00,2026-07-28 19:00:00,4,2026-07-28 15:00:00,2026-07-28 19:00:00,4.0,Completed,2026-07-28
910,535,5,2026-07-28,2026-07-28 22:00:00,2026-07-29 02:00:00,4,2026-07-28 22:00:00,2026-07-29 02:00:00,4.0,Completed,2026-07-28
911,466,43,2026-07-28,2026-07-28 09:00:00,2026-07-28 17:00:00,8,2026-07-28 09:00:00,2026-07-28 17:00:00,8.0,Completed,2026-07-28
912,555,48,2026-07-28,2026-07-28 15:00:00,2026-07-28 23:00:00,8,2026-07-28 15:00:00,2026-07-28 23:00:00,8.0,Completed,2026-07-28
913,18,6,2026-07-28,2026-07-28 09:00:00,2026-07-28 15:00:00,6,2026-07-28 09:00:00,2026-07-28 15:00:00,6.0,Completed,2026-07-28
914,533,26,2026-07-28,2026-07-28 07:00:00,2026-07-28 15:00:00,8,2026-07-28 07:00:00,2026-07-28 15:00:00,8.0,Completed,2026-07-28
915,436,10,2026-07-28,2026-07-28 15:00:00,2026-07-28 21:00:00,6,2026-07-28 15:00:00,2026-07-28 21:00:00,6.0,Completed,2026-07-28
916,545,30,2026-07-28,2026-07-28 15:00:00,2026-07-28 21:00:00,6,2026-07-28 15:00:00,2026-07-28 21:00:00,6.0,Completed,2026-07-28
917,567,50,2026-07-28,2026-07-28 22:00:00,2026-07-29 06:00:00,8,2026-07-28 22:00:00,2026-07-29 06:00:00,8.0,Completed,2026-07-28
918,585,39,2026-07-28,2026-07-28 14:00:00,2026-07-28 20:00:00,6,,,0.0,Cancelled - Employee,2026-07-28
919,433,52,2026-07-28,2026-07-28 15:00:00,2026-07-29 03:00:00,12,2026-07-28 15:00:00,2026-07-29 03:00:00,12.0,Completed,2026-07-28
920,505,33,2026-07-28,2026-07-28 07:00:00,2026-07-28 11:00:00,4,2026-07-28 07:00:00,2026-07-28 11:00:00,4.0,Completed,2026-07-28
921,13,58,2026-07-28,2026-07-28 06:00:00,2026-07-28 12:00:00,6,2026-07-28 06:00:00,2026-07-28 12:00:00,6.0,Completed,2026-07-28
922,20,68,2026-07-28,2026-07-28 14:00:00,2026-07-28 20:00:00,6,2026-07-28 14:00:00,2026-07-28 20:00:00,6.0,Completed,2026-07-28
923,498,76,2026-07-28,2026-07-28 06:00:00,2026-07-28 10:00:00,4,2026-07-28 06:00:00,2026-07-28 10:00:00,4.0,Completed,2026-07-28
924,14,62,2026-07-28,2026-07-28 06:00:00,2026-07-28 18:00:00,12,2026-07-28 06:00:00,2026-07-28 18:00:00,12.0,Completed,2026-07-28
925,495,40,2026-07-28,2026-07-28 08:00:00,2026-07-28 16:00:00,8,,,0.0,No-Show,2026-07-28
926,395,41,2026-07-28,2026-07-28 08:00:00,2026-07-28 20:00:00,12,2026-07-28 08:00:00,2026-07-28 20:00:00,12.0,Completed,2026-07-28
927,542,3,2026-07-28,2026-07-28 22:00:00,2026-07-29 06:00:00,8,2026-07-28 22:00:00,2026-07-29 06:00:00,8.0,Completed,2026-07-28
928,27,63,2026-07-28,2026-07-28 06:00:00,2026-07-28 10:00:00,4,2026-07-28 06:00:00,2026-07-28 10:00:00,4.0,Completed,2026-07-28
929,551,65,2026-07-28,2026-07-28 14:00:00,2026-07-28 18:00:00,4,2026-07-28 14:00:00,2026-07-28 18:00:00,4.0,Completed,2026-07-28
930,481,54,2026-07-28,2026-07-28 06:00:00,2026-07-28 10:00:00,4,,,0.0,Cancelled - Employee,2026-07-28
931,17,1,2026-07-28,2026-07-28 09:00:00,2026-07-28 13:00:00,4,2026-07-28 09:00:00,2026-07-28 13:00:00,4.0,Completed,2026-07-28
932,446,19,2026-07-28,2026-07-28 14:00:00,2026-07-28 18:00:00,4,2026-07-28 14:00:00,2026-07-28 18:00:00,4.0,Completed,2026-07-28
933,559,21,2026-07-28,2026-07-28 06:00:00,2026-07-28 10:00:00,4,,,,Scheduled,2026-07-28
934,583,73,2026-07-28,2026-07-28 08:00:00,2026-07-28 20:00:00,12,2026-07-28 08:00:00,2026-07-28 20:00:00,12.0,Completed,2026-07-28
935,574,15,2026-07-28,2026-07-28 15:00:00,2026-07-28 23:00:00,8,2026-07-28 15:00:00,2026-07-28 23:00:00,8.0,Completed,2026-07-28
936,593,49,2026-07-28,2026-07-28 22:00:00,2026-07-29 10:00:00,12,2026-07-28 22:00:00,2026-07-29 10:00:00,12.0,Completed,2026-07-28
937,500,44,2026-07-28,2026-07-28 06:00:00,2026-07-28 12:00:00,6,2026-07-28 06:00:00,2026-07-28 12:00:00,6.0,Completed,2026-07-28
938,528,72,2026-07-28,2026-07-28 07:00:00,2026-07-28 13:00:00,6,2026-07-28 07:00:00,2026-07-28 13:00:00,6.0,Completed,2026-07-28
939,546,61,2026-07-28,2026-07-28 15:00:00,2026-07-28 21:00:00,6,,,0.0,Cancelled - Client,2026-07-28
940,536,17,2026-07-28,2026-07-28 08:00:00,2026-07-28 12:00:00,4,2026-07-28 08:00:00,2026-07-28 12:00:00,4.0,Completed,2026-07-28
941,358,57,2026-07-28,2026-07-28 07:00:00,2026-07-28 13:00:00,6,,,0.0,Cancelled - Client,2026-07-28
942,550,55,2026-07-28,2026-07-28 06:00:00,2026-07-28 12:00:00,6,,,0.0,No-Show,2026-07-28
943,442,66,2026-07-28,2026-07-28 22:00:00,2026-07-29 06:00:00,8,2026-07-28 22:00:00,2026-07-29 06:00:00,8.0,Completed,2026-07-28
944,506,53,2026-07-28,2026-07-28 22:00:00,2026-07-29 10:00:00,12,2026-07-28 22:00:00,2026-07-29 10:00:00,12.0,Completed,2026-07-28
945,537,34,2026-07-28,2026-07-28 14:00:00,2026-07-28 18:00:00,4,2026-07-28 14:00:00,2026-07-28 18:00:00,4.0,Completed,2026-07-28
946,574,66,2026-07-29,2026-07-29 06:00:00,2026-07-29 10:00:00,4,2026-07-29 06:00:00,2026-07-29 10:00:00,4.0,Completed,2026-07-29
947,551,61,2026-07-29,2026-07-29 09:00:00,2026-07-29 17:00:00,8,2026-07-29 09:00:00,2026-07-29 17:00:00,8.0,Completed,2026-07-29
948,546,57,2026-07-29,2026-07-29 06:00:00,2026-07-29 10:00:00,4,2026-07-29 06:00:00,2026-07-29 10:00:00,4.0,Completed,2026-07-29
949,14,72,2026-07-29,2026-07-29 09:00:00,2026-07-29 15:00:00,6,2026-07-29 09:00:00,2026-07-29 15:00:00,6.0,Completed,2026-07-29
950,25,1,2026-07-29,2026-07-29 14:00:00,2026-07-29 22:00:00,8,2026-07-29 14:00:00,2026-07-29 22:00:00,8.0,Completed,2026-07-29
951,27,65,2026-07-29,2026-07-29 07:00:00,2026-07-29 19:00:00,12,2026-07-29 07:00:00,2026-07-29 19:00:00,12.0,Completed,2026-07-29
952,520,15,2026-07-29,2026-07-29 07:00:00,2026-07-29 15:00:00,8,2026-07-29 07:00:00,2026-07-29 15:00:00,8.0,Completed,2026-07-29
953,585,16,2026-07-29,2026-07-29 07:00:00,2026-07-29 19:00:00,12,,,0.0,Cancelled - Employee,2026-07-29
954,545,43,2026-07-29,2026-07-29 07:00:00,2026-07-29 11:00:00,4,2026-07-29 07:00:00,2026-07-29 11:00:00,4.0,Completed,2026-07-29
955,487,44,2026-07-29,2026-07-29 09:00:00,2026-07-29 15:00:00,6,2026-07-29 09:00:00,2026-07-29 15:00:00,6.0,Completed,2026-07-29
956,554,75,2026-07-29,2026-07-29 07:00:00,2026-07-29 11:00:00,4,2026-07-29 07:00:00,2026-07-29 11:00:00,4.0,Completed,2026-07-29
957,502,6,2026-07-29,2026-07-29 07:00:00,2026-07-29 15:00:00,8,2026-07-29 07:00:00,2026-07-29 15:00:00,8.0,Completed,2026-07-29
958,542,48,2026-07-29,2026-07-29 06:00:00,2026-07-29 12:00:00,6,2026-07-29 06:00:00,2026-07-29 12:00:00,6.0,Completed,2026-07-29
959,440,79,2026-07-29,2026-07-29 22:00:00,2026-07-30 10:00:00,12,2026-07-29 22:00:00,2026-07-30 10:00:00,12.0,Completed,2026-07-29
960,527,17,2026-07-29,2026-07-29 09:00:00,2026-07-29 15:00:00,6,2026-07-29 09:00:00,2026-07-29 15:00:00,6.0,Completed,2026-07-29
961,592,40,2026-07-29,2026-07-29 07:00:00,2026-07-29 13:00:00,6,2026-07-29 07:00:00,2026-07-29 13:00:00,6.0,Completed,2026-07-29
962,519,50,2026-07-29,2026-07-29 14:00:00,2026-07-29 20:00:00,6,2026-07-29 14:00:00,2026-07-29 20:00:00,6.0,Completed,2026-07-29
963,371,45,2026-07-29,2026-07-29 14:00:00,2026-07-29 18:00:00,4,2026-07-29 14:00:00,2026-07-29 18:00:00,4.0,Completed,2026-07-29
964,583,49,2026-07-29,2026-07-29 09:00:00,2026-07-29 15:00:00,6,2026-07-29 09:00:00,2026-07-29 15:00:00,6.0,Completed,2026-07-29
965,535,3,2026-07-29,2026-07-29 22:00:00,2026-07-30 02:00:00,4,,,,Scheduled,2026-07-29
966,29,63,2026-07-29,2026-07-29 22:00:00,2026-07-30 10:00:00,12,2026-07-29 22:00:00,2026-07-30 10:00:00,12.0,Completed,2026-07-29
967,381,73,2026-07-29,2026-07-29 06:00:00,2026-07-29 12:00:00,6,,,0.0,No-Show,2026-07-29
968,568,26,2026-07-29,2026-07-29 14:00:00,2026-07-29 18:00:00,4,2026-07-29 14:00:00,2026-07-29 18:00:00,4.0,Completed,2026-07-29
969,358,30,2026-07-29,2026-07-29 09:00:00,2026-07-29 21:00:00,12,2026-07-29 09:00:00,2026-07-29 21:00:00,12.0,Completed,2026-07-29
970,559,74,2026-07-29,2026-07-29 08:00:00,2026-07-29 14:00:00,6,2026-07-29 08:00:00,2026-07-29 14:00:00,6.0,Completed,2026-07-29
971,442,56,2026-07-29,2026-07-29 07:00:00,2026-07-29 19:00:00,12,2026-07-29 07:00:00,2026-07-29 19:00:00,12.0,Completed,2026-07-29
972,5,5,2026-07-29,2026-07-29 08:00:00,2026-07-29 12:00:00,4,2026-07-29 08:00:00,2026-07-29 12:00:00,4.0,Completed,2026-07-29
973,500,70,2026-07-29,2026-07-29 22:00:00,2026-07-30 04:00:00,6,2026-07-29 22:00:00,2026-07-30 04:00:00,6.0,Completed,2026-07-29
974,596,52,2026-07-29,2026-07-29 22:00:00,2026-07-30 06:00:00,8,2026-07-29 22:00:00,2026-07-30 06:00:00,8.0,Completed,2026-07-29
975,433,53,2026-07-29,2026-07-29 07:00:00,2026-07-29 11:00:00,4,2026-07-29 07:00:00,2026-07-29 11:00:00,4.0,Completed,2026-07-29
976,11,39,2026-07-29,2026-07-29 08:00:00,2026-07-29 14:00:00,6,2026-07-29 08:00:00,2026-07-29 14:00:00,6.0,Completed,2026-07-29
977,247,19,2026-07-29,2026-07-29 08:00:00,2026-07-29 16:00:00,8,,,0.0,Cancelled - Client,2026-07-29
978,308,51,2026-07-29,2026-07-29 08:00:00,2026-07-29 16:00:00,8,2026-07-29 08:00:00,2026-07-29 16:00:00,8.0,Completed,2026-07-29
979,22,58,2026-07-29,2026-07-29 14:00:00,2026-07-29 22:00:00,8,2026-07-29 14:00:00,2026-07-29 22:00:00,8.0,Completed,2026-07-29
980,481,55,2026-07-29,2026-07-29 08:00:00,2026-07-29 20:00:00,12,2026-07-29 08:00:00,2026-07-29 20:00:00,12.0,Completed,2026-07-29
981,557,7,2026-07-29,2026-07-29 22:00:00,2026-07-30 06:00:00,8,,,0.0,No-Show,2026-07-29
982,543,28,2026-07-29,2026-07-29 07:00:00,2026-07-29 11:00:00,4,,,0.0,No-Show,2026-07-29
983,403,80,2026-07-30,2026-07-30 15:00:00,2026-07-30 21:00:00,6,2026-07-30 15:00:00,2026-07-30 21:00:00,6.0,Completed,2026-07-30
984,557,51,2026-07-30,2026-07-30 15:00:00,2026-07-30 19:00:00,4,2026-07-30 15:00:00,2026-07-30 19:00:00,4.0,Completed,2026-07-30
985,495,40,2026-07-30,2026-07-30 14:00:00,2026-07-30 20:00:00,6,2026-07-30 14:00:00,2026-07-30 20:00:00,6.0,Completed,2026-07-30
986,11,4,2026-07-30,2026-07-30 15:00:00,2026-07-30 19:00:00,4,2026-07-30 15:00:00,2026-07-30 19:00:00,4.0,Completed,2026-07-30
987,582,78,2026-07-30,2026-07-30 22:00:00,2026-07-31 02:00:00,4,2026-07-30 22:00:00,2026-07-31 02:00:00,4.0,Completed,2026-07-30
988,442,55,2026-07-30,2026-07-30 22:00:00,2026-07-31 06:00:00,8,2026-07-30 22:00:00,2026-07-31 06:00:00,8.0,Completed,2026-07-30
989,538,52,2026-07-30,2026-07-30 07:00:00,2026-07-30 15:00:00,8,2026-07-30 07:00:00,2026-07-30 15:00:00,8.0,Completed,2026-07-30
990,428,65,2026-07-30,2026-07-30 09:00:00,2026-07-30 13:00:00,4,2026-07-30 09:00:00,2026-07-30 13:00:00,4.0,Completed,2026-07-30
991,509,75,2026-07-30,2026-07-30 22:00:00,2026-07-31 06:00:00,8,,,0.0,Cancelled - Employee,2026-07-30
992,247,62,2026-07-30,2026-07-30 07:00:00,2026-07-30 15:00:00,8,2026-07-30 07:00:00,2026-07-30 15:00:00,8.0,Completed,2026-07-30
993,565,79,2026-07-30,2026-07-30 07:00:00,2026-07-30 19:00:00,12,2026-07-30 07:00:00,2026-07-30 19:00:00,12.0,Completed,2026-07-30
994,472,26,2026-07-30,2026-07-30 08:00:00,2026-07-30 20:00:00,12,,,0.0,Cancelled - Employee,2026-07-30
995,545,61,2026-07-30,2026-07-30 09:00:00,2026-07-30 17:00:00,8,2026-07-30 09:00:00,2026-07-30 17:00:00,8.0,Completed,2026-07-30
996,394,1,2026-07-30,2026-07-30 06:00:00,2026-07-30 10:00:00,4,2026-07-30 06:00:00,2026-07-30 10:00:00,4.0,Completed,2026-07-30
997,555,5,2026-07-30,2026-07-30 15:00:00,2026-07-30 19:00:00,4,2026-07-30 15:00:00,2026-07-30 19:00:00,4.0,Completed,2026-07-30
998,544,44,2026-07-30,2026-07-30 14:00:00,2026-07-31 02:00:00,12,2026-07-30 14:00:00,2026-07-31 02:00:00,12.0,Completed,2026-07-30
999,511,66,2026-07-30,2026-07-30 08:00:00,2026-07-30 14:00:00,6,2026-07-30 08:00:00,2026-07-30 14:00:00,6.0,Completed,2026-07-30
1000,5,22,2026-07-30,2026-07-30 22:00:00,2026-07-31 04:00:00,6,,,0.0,Cancelled - Employee,2026-07-30
1001,517,17,2026-07-30,2026-07-30 09:00:00,2026-07-30 13:00:00,4,2026-07-30 09:00:00,2026-07-30 13:00:00,4.0,Completed,2026-07-30
1002,502,37,2026-07-30,2026-07-30 08:00:00,2026-07-30 16:00:00,8,,,,Scheduled,2026-07-30
1003,600,45,2026-07-30,2026-07-30 14:00:00,2026-07-31 02:00:00,12,2026-07-30 14:00:00,2026-07-31 02:00:00,12.0,Completed,2026-07-30
1004,466,30,2026-07-30,2026-07-30 06:00:00,2026-07-30 18:00:00,12,2026-07-30 06:00:00,2026-07-30 18:00:00,12.0,Completed,2026-07-30
1005,27,43,2026-07-30,2026-07-30 08:00:00,2026-07-30 12:00:00,4,2026-07-30 08:00:00,2026-07-30 12:00:00,4.0,Completed,2026-07-30
1006,532,16,2026-07-30,2026-07-30 07:00:00,2026-07-30 13:00:00,6,2026-07-30 07:00:00,2026-07-30 13:00:00,6.0,Completed,2026-07-30
1007,533,58,2026-07-30,2026-07-30 06:00:00,2026-07-30 12:00:00,6,2026-07-30 06:00:00,2026-07-30 12:00:00,6.0,Completed,2026-07-30
1008,536,28,2026-07-30,2026-07-30 08:00:00,2026-07-30 16:00:00,8,2026-07-30 08:00:00,2026-07-30 16:00:00,8.0,Completed,2026-07-30
1009,20,48,2026-07-30,2026-07-30 08:00:00,2026-07-30 12:00:00,4,2026-07-30 08:00:00,2026-07-30 12:00:00,4.0,Completed,2026-07-30
1010,574,3,2026-07-30,2026-07-30 14:00:00,2026-07-30 22:00:00,8,2026-07-30 14:00:00,2026-07-30 22:00:00,8.0,Completed,2026-07-30
1011,585,15,2026-07-30,2026-07-30 09:00:00,2026-07-30 21:00:00,12,,,0.0,No-Show,2026-07-30
1012,29,76,2026-07-30,2026-07-30 15:00:00,2026-07-31 03:00:00,12,,,0.0,No-Show,2026-07-30
1013,550,56,2026-07-30,2026-07-30 09:00:00,2026-07-30 21:00:00,12,,,0.0,Cancelled - Employee,2026-07-30
1014,18,38,2026-07-30,2026-07-30 06:00:00,2026-07-30 14:00:00,8,,,0.0,Cancelled - Client,2026-07-30
1015,572,63,2026-07-30,2026-07-30 07:00:00,2026-07-30 19:00:00,12,,,0.0,Cancelled - Client,2026-07-30
1016,583,39,2026-07-30,2026-07-30 15:00:00,2026-07-30 19:00:00,4,,,0.0,Cancelled - Employee,2026-07-30
1017,498,72,2026-07-30,2026-07-30 14:00:00,2026-07-30 20:00:00,6,,,0.0,Cancelled - Employee,2026-07-30
1018,394,1,2026-07-31,2026-07-31 22:00:00,2026-08-01 10:00:00,12,2026-07-31 22:00:00,2026-08-01 10:00:00,12.0,Completed,2026-07-31
1019,600,52,2026-07-31,2026-07-31 07:00:00,2026-07-31 13:00:00,6,2026-07-31 07:00:00,2026-07-31 13:00:00,6.0,Completed,2026-07-31
1020,498,43,2026-07-31,2026-07-31 15:00:00,2026-07-31 23:00:00,8,2026-07-31 15:00:00,2026-07-31 23:00:00,8.0,Completed,2026-07-31
1021,535,48,2026-07-31,2026-07-31 08:00:00,2026-07-31 14:00:00,6,2026-07-31 08:00:00,2026-07-31 14:00:00,6.0,Completed,2026-07-31
1022,557,33,2026-07-31,2026-07-31 08:00:00,2026-07-31 16:00:00,8,,,0.0,Cancelled - Employee,2026-07-31
1023,599,41,2026-07-31,2026-07-31 22:00:00,2026-08-01 02:00:00,4,2026-07-31 22:00:00,2026-08-01 02:00:00,4.0,Completed,2026-07-31
1024,538,44,2026-07-31,2026-07-31 15:00:00,2026-07-31 21:00:00,6,2026-07-31 15:00:00,2026-07-31 21:00:00,6.0,Completed,2026-07-31
1025,433,70,2026-07-31,2026-07-31 14:00:00,2026-07-31 18:00:00,4,2026-07-31 14:00:00,2026-07-31 18:00:00,4.0,Completed,2026-07-31
1026,546,63,2026-07-31,2026-07-31 22:00:00,2026-08-01 10:00:00,12,2026-07-31 22:00:00,2026-08-01 10:00:00,12.0,Completed,2026-07-31
1027,585,16,2026-07-31,2026-07-31 07:00:00,2026-07-31 15:00:00,8,,,0.0,No-Show,2026-07-31
1028,555,55,2026-07-31,2026-07-31 14:00:00,2026-07-31 22:00:00,8,2026-07-31 14:00:00,2026-07-31 22:00:00,8.0,Completed,2026-07-31
1029,554,17,2026-07-31,2026-07-31 06:00:00,2026-07-31 14:00:00,8,2026-07-31 06:00:00,2026-07-31 14:00:00,8.0,Completed,2026-07-31
1030,528,62,2026-07-31,2026-07-31 09:00:00,2026-07-31 15:00:00,6,2026-07-31 09:00:00,2026-07-31 15:00:00,6.0,Completed,2026-07-31
1031,511,66,2026-07-31,2026-07-31 09:00:00,2026-07-31 17:00:00,8,,,0.0,Cancelled - Employee,2026-07-31
1032,446,61,2026-07-31,2026-07-31 06:00:00,2026-07-31 14:00:00,8,2026-07-31 06:00:00,2026-07-31 14:00:00,8.0,Completed,2026-07-31
1033,25,56,2026-07-31,2026-07-31 08:00:00,2026-07-31 14:00:00,6,2026-07-31 08:00:00,2026-07-31 14:00:00,6.0,Completed,2026-07-31
1034,543,74,2026-07-31,2026-07-31 09:00:00,2026-07-31 21:00:00,12,,,0.0,Cancelled - Client,2026-07-31
1035,572,76,2026-07-31,2026-07-31 08:00:00,2026-07-31 20:00:00,12,,,0.0,Cancelled - Client,2026-07-31
1036,576,72,2026-07-31,2026-07-31 08:00:00,2026-07-31 12:00:00,4,2026-07-31 08:00:00,2026-07-31 12:00:00,4.0,Completed,2026-07-31
1037,15,58,2026-07-31,2026-07-31 22:00:00,2026-08-01 02:00:00,4,2026-07-31 22:00:00,2026-08-01 02:00:00,4.0,Completed,2026-07-31
1038,308,78,2026-07-31,2026-07-31 06:00:00,2026-07-31 10:00:00,4,2026-07-31 06:00:00,2026-07-31 10:00:00,4.0,Completed,2026-07-31
1039,551,65,2026-07-31,2026-07-31 06:00:00,2026-07-31 12:00:00,6,,,0.0,No-Show,2026-07-31
1040,349,81,2026-07-31,2026-07-31 06:00:00,2026-07-31 14:00:00,8,2026-07-31 06:00:00,2026-07-31 14:00:00,8.0,Completed,2026-07-31
1041,505,79,2026-07-31,2026-07-31 06:00:00,2026-07-31 14:00:00,8,2026-07-31 06:00:00,2026-07-31 14:00:00,8.0,Completed,2026-07-31
1042,466,19,2026-07-31,2026-07-31 08:00:00,2026-07-31 16:00:00,8,2026-07-31 08:00:00,2026-07-31 16:00:00,8.0,Completed,2026-07-31
1043,371,69,2026-07-31,2026-07-31 08:00:00,2026-07-31 12:00:00,4,2026-07-31 08:00:00,2026-07-31 12:00:00,4.0,Completed,2026-07-31
1044,30,40,2026-07-31,2026-07-31 08:00:00,2026-07-31 12:00:00,4,2026-07-31 08:00:00,2026-07-31 12:00:00,4.0,Completed,2026-07-31
1045,476,53,2026-07-31,2026-07-31 09:00:00,2026-07-31 15:00:00,6,2026-07-31 09:00:00,2026-07-31 15:00:00,6.0,Completed,2026-07-31
1046,574,4,2026-07-31,2026-07-31 06:00:00,2026-07-31 18:00:00,12,2026-07-31 06:00:00,2026-07-31 18:00:00,12.0,Completed,2026-07-31
1047,550,73,2026-07-31,2026-07-31 15:00:00,2026-08-01 03:00:00,12,,,0.0,No-Show,2026-07-31
1048,582,7,2026-07-31,2026-07-31 07:00:00,2026-07-31 11:00:00,4,,,0.0,No-Show,2026-07-31
1049,13,26,2026-07-31,2026-07-31 15:00:00,2026-07-31 19:00:00,4,2026-07-31 15:00:00,2026-07-31 19:00:00,4.0,Completed,2026-07-31
1050,532,5,2026-07-31,2026-07-31 06:00:00,2026-07-31 12:00:00,6,2026-07-31 06:00:00,2026-07-31 12:00:00,6.0,Completed,2026-07-31
1051,20,3,2026-07-31,2026-07-31 08:00:00,2026-07-31 14:00:00,6,,,0.0,Cancelled - Client,2026-07-31
1052,440,28,2026-07-31,2026-07-31 09:00:00,2026-07-31 21:00:00,12,2026-07-31 09:00:00,2026-07-31 21:00:00,12.0,Completed,2026-07-31
1053,583,39,2026-07-31,2026-07-31 07:00:00,2026-07-31 11:00:00,4,2026-07-31 07:00:00,2026-07-31 11:00:00,4.0,Completed,2026-07-31
1054,25,5,2026-08-01,2026-08-01 15:00:00,2026-08-01 23:00:00,8,2026-08-01 15:00:00,2026-08-01 23:00:00,8.0,Completed,2026-08-01
1055,17,4,2026-08-01,2026-08-01 06:00:00,2026-08-01 14:00:00,8,2026-08-01 06:00:00,2026-08-01 14:00:00,8.0,Completed,2026-08-01
1056,436,63,2026-08-01,2026-08-01 22:00:00,2026-08-02 02:00:00,4,2026-08-01 22:00:00,2026-08-02 02:00:00,4.0,Completed,2026-08-01
1057,477,58,2026-08-01,2026-08-01 14:00:00,2026-08-01 22:00:00,8,2026-08-01 14:00:00,2026-08-01 22:00:00,8.0,Completed,2026-08-01
1058,5,3,2026-08-01,2026-08-01 06:00:00,2026-08-01 10:00:00,4,2026-08-01 06:00:00,2026-08-01 10:00:00,4.0,Completed,2026-08-01
1059,442,48,2026-08-01,2026-08-01 14:00:00,2026-08-01 18:00:00,4,,,0.0,Cancelled - Client,2026-08-01
1060,585,49,2026-08-01,2026-08-01 14:00:00,2026-08-02 02:00:00,12,2026-08-01 14:00:00,2026-08-02 02:00:00,12.0,Completed,2026-08-01
1061,11,15,2026-08-01,2026-08-01 14:00:00,2026-08-02 02:00:00,12,2026-08-01 14:00:00,2026-08-02 02:00:00,12.0,Completed,2026-08-01
1062,9,26,2026-08-01,2026-08-01 22:00:00,2026-08-02 06:00:00,8,,,0.0,No-Show,2026-08-01
1063,542,1,2026-08-01,2026-08-01 09:00:00,2026-08-01 17:00:00,8,2026-08-01 09:00:00,2026-08-01 17:00:00,8.0,Completed,2026-08-01
1064,535,16,2026-08-01,2026-08-01 22:00:00,2026-08-02 10:00:00,12,,,0.0,Cancelled - Client,2026-08-01
1065,12,38,2026-08-01,2026-08-01 07:00:00,2026-08-01 11:00:00,4,2026-08-01 07:00:00,2026-08-01 11:00:00,4.0,Completed,2026-08-01
1066,458,50,2026-08-01,2026-08-01 14:00:00,2026-08-01 22:00:00,8,2026-08-01 14:00:00,2026-08-01 22:00:00,8.0,Completed,2026-08-01
1067,554,79,2026-08-01,2026-08-01 06:00:00,2026-08-01 10:00:00,4,2026-08-01 06:00:00,2026-08-01 10:00:00,4.0,Completed,2026-08-01
1068,579,52,2026-08-01,2026-08-01 09:00:00,2026-08-01 13:00:00,4,2026-08-01 09:00:00,2026-08-01 13:00:00,4.0,Completed,2026-08-01
1069,511,66,2026-08-01,2026-08-01 14:00:00,2026-08-02 02:00:00,12,2026-08-01 14:00:00,2026-08-02 02:00:00,12.0,Completed,2026-08-01
1070,349,17,2026-08-01,2026-08-01 15:00:00,2026-08-01 19:00:00,4,2026-08-01 15:00:00,2026-08-01 19:00:00,4.0,Completed,2026-08-01
1071,565,74,2026-08-01,2026-08-01 22:00:00,2026-08-02 02:00:00,4,2026-08-01 22:00:00,2026-08-02 02:00:00,4.0,Completed,2026-08-01
1072,428,72,2026-08-01,2026-08-01 15:00:00,2026-08-02 03:00:00,12,2026-08-01 15:00:00,2026-08-02 03:00:00,12.0,Completed,2026-08-01
1073,498,65,2026-08-01,2026-08-01 22:00:00,2026-08-02 04:00:00,6,2026-08-01 22:00:00,2026-08-02 04:00:00,6.0,Completed,2026-08-01
1074,10,45,2026-08-01,2026-08-01 22:00:00,2026-08-02 02:00:00,4,2026-08-01 22:00:00,2026-08-02 02:00:00,4.0,Completed,2026-08-01
1075,547,6,2026-08-01,2026-08-01 09:00:00,2026-08-01 13:00:00,4,2026-08-01 09:00:00,2026-08-01 13:00:00,4.0,Completed,2026-08-01
1076,520,68,2026-08-01,2026-08-01 08:00:00,2026-08-01 16:00:00,8,,,0.0,Cancelled - Client,2026-08-01
1077,395,40,2026-08-01,2026-08-01 08:00:00,2026-08-01 16:00:00,8,2026-08-01 08:00:00,2026-08-01 16:00:00,8.0,Completed,2026-08-01
1078,545,62,2026-08-01,2026-08-01 06:00:00,2026-08-01 14:00:00,8,2026-08-01 06:00:00,2026-08-01 14:00:00,8.0,Completed,2026-08-01
1079,394,22,2026-08-01,2026-08-01 06:00:00,2026-08-01 14:00:00,8,,,0.0,Cancelled - Employee,2026-08-01
1080,572,61,2026-08-01,2026-08-01 08:00:00,2026-08-01 14:00:00,6,2026-08-01 08:00:00,2026-08-01 14:00:00,6.0,Completed,2026-08-01
1081,555,55,2026-08-01,2026-08-01 08:00:00,2026-08-01 14:00:00,6,2026-08-01 08:00:00,2026-08-01 14:00:00,6.0,Completed,2026-08-01
1082,583,56,2026-08-01,2026-08-01 06:00:00,2026-08-01 14:00:00,8,2026-08-01 06:00:00,2026-08-01 14:00:00,8.0,Completed,2026-08-01
1083,29,19,2026-08-01,2026-08-01 06:00:00,2026-08-01 12:00:00,6,2026-08-01 06:00:00,2026-08-01 12:00:00,6.0,Completed,2026-08-01
1084,528,43,2026-08-01,2026-08-01 08:00:00,2026-08-01 14:00:00,6,2026-08-01 08:00:00,2026-08-01 14:00:00,6.0,Completed,2026-08-01
1085,567,69,2026-08-01,2026-08-01 08:00:00,2026-08-01 12:00:00,4,2026-08-01 08:00:00,2026-08-01 12:00:00,4.0,Completed,2026-08-01
1086,247,62,2026-08-02,2026-08-02 07:00:00,2026-08-02 11:00:00,4,2026-08-02 07:00:00,2026-08-02 11:00:00,4.0,Completed,2026-08-02
1087,20,3,2026-08-02,2026-08-02 15:00:00,2026-08-02 23:00:00,8,2026-08-02 15:00:00,2026-08-02 23:00:00,8.0,Completed,2026-08-02
1088,11,56,2026-08-02,2026-08-02 15:00:00,2026-08-02 23:00:00,8,,,,Scheduled,2026-08-02
1089,576,10,2026-08-02,2026-08-02 15:00:00,2026-08-02 19:00:00,4,2026-08-02 15:00:00,2026-08-02 19:00:00,4.0,Completed,2026-08-02
1090,511,66,2026-08-02,2026-08-02 22:00:00,2026-08-03 04:00:00,6,2026-08-02 22:00:00,2026-08-03 04:00:00,6.0,Completed,2026-08-02
1091,10,45,2026-08-02,2026-08-02 07:00:00,2026-08-02 13:00:00,6,2026-08-02 07:00:00,2026-08-02 13:00:00,6.0,Completed,2026-08-02
1092,535,4,2026-08-02,2026-08-02 08:00:00,2026-08-02 16:00:00,8,2026-08-02 08:00:00,2026-08-02 16:00:00,8.0,Completed,2026-08-02
1093,602,28,2026-08-02,2026-08-02 09:00:00,2026-08-02 17:00:00,8,2026-08-02 09:00:00,2026-08-02 17:00:00,8.0,Completed,2026-08-02
1094,14,63,2026-08-02,2026-08-02 14:00:00,2026-08-02 18:00:00,4,,,0.0,Cancelled - Client,2026-08-02
1095,5,5,2026-08-02,2026-08-02 15:00:00,2026-08-02 21:00:00,6,2026-08-02 15:00:00,2026-08-02 21:00:00,6.0,Completed,2026-08-02
1096,477,26,2026-08-02,2026-08-02 08:00:00,2026-08-02 16:00:00,8,2026-08-02 08:00:00,2026-08-02 16:00:00,8.0,Completed,2026-08-02
1097,416,58,2026-08-02,2026-08-02 09:00:00,2026-08-02 17:00:00,8,2026-08-02 09:00:00,2026-08-02 17:00:00,8.0,Completed,2026-08-02
1098,557,74,2026-08-02,2026-08-02 09:00:00,2026-08-02 15:00:00,6,2026-08-02 09:00:00,2026-08-02 15:00:00,6.0,Completed,2026-08-02
1099,442,55,2026-08-02,2026-08-02 07:00:00,2026-08-02 19:00:00,12,2026-08-02 07:00:00,2026-08-02 19:00:00,12.0,Completed,2026-08-02
1100,564,60,2026-08-02,2026-08-02 09:00:00,2026-08-02 13:00:00,4,2026-08-02 09:00:00,2026-08-02 13:00:00,4.0,Completed,2026-08-02
1101,587,52,2026-08-02,2026-08-02 06:00:00,2026-08-02 10:00:00,4,2026-08-02 06:00:00,2026-08-02 10:00:00,4.0,Completed,2026-08-02
1102,461,80,2026-08-02,2026-08-02 09:00:00,2026-08-02 17:00:00,8,2026-08-02 09:00:00,2026-08-02 17:00:00,8.0,Completed,2026-08-02
1103,608,65,2026-08-02,2026-08-02 14:00:00,2026-08-02 22:00:00,8,2026-08-02 14:00:00,2026-08-02 22:00:00,8.0,Completed,2026-08-02
1104,555,49,2026-08-02,2026-08-02 15:00:00,2026-08-02 23:00:00,8,2026-08-02 15:00:00,2026-08-02 23:00:00,8.0,Completed,2026-08-02
1105,532,39,2026-08-02,2026-08-02 22:00:00,2026-08-03 02:00:00,4,2026-08-02 22:00:00,2026-08-03 02:00:00,4.0,Completed,2026-08-02
1106,30,34,2026-08-02,2026-08-02 22:00:00,2026-08-03 10:00:00,12,2026-08-02 22:00:00,2026-08-03 10:00:00,12.0,Completed,2026-08-02
1107,500,40,2026-08-02,2026-08-02 22:00:00,2026-08-03 06:00:00,8,,,0.0,Cancelled - Employee,2026-08-02
1108,308,17,2026-08-02,2026-08-02 08:00:00,2026-08-02 12:00:00,4,2026-08-02 08:00:00,2026-08-02 12:00:00,4.0,Completed,2026-08-02
1109,27,61,2026-08-02,2026-08-02 14:00:00,2026-08-02 18:00:00,4,2026-08-02 14:00:00,2026-08-02 18:00:00,4.0,Completed,2026-08-02
1110,446,72,2026-08-02,2026-08-02 06:00:00,2026-08-02 18:00:00,12,2026-08-02 06:00:00,2026-08-02 18:00:00,12.0,Completed,2026-08-02
1111,537,41,2026-08-02,2026-08-02 06:00:00,2026-08-02 18:00:00,12,2026-08-02 06:00:00,2026-08-02 18:00:00,12.0,Completed,2026-08-02
1112,551,43,2026-08-02,2026-08-02 07:00:00,2026-08-02 13:00:00,6,2026-08-02 07:00:00,2026-08-02 13:00:00,6.0,Completed,2026-08-02
1113,545,19,2026-08-02,2026-08-02 22:00:00,2026-08-03 02:00:00,4,2026-08-02 22:00:00,2026-08-03 02:00:00,4.0,Completed,2026-08-02
1114,25,15,2026-08-02,2026-08-02 22:00:00,2026-08-03 02:00:00,4,,,0.0,Cancelled - Employee,2026-08-02
1115,550,22,2026-08-02,2026-08-02 08:00:00,2026-08-02 12:00:00,4,2026-08-02 08:00:00,2026-08-02 12:00:00,4.0,Completed,2026-08-02
1116,29,76,2026-08-02,2026-08-02 06:00:00,2026-08-02 14:00:00,8,2026-08-02 06:00:00,2026-08-02 14:00:00,8.0,Completed,2026-08-02
1117,394,1,2026-08-02,2026-08-02 09:00:00,2026-08-02 13:00:00,4,2026-08-02 09:00:00,2026-08-02 13:00:00,4.0,Completed,2026-08-02
1118,11,16,2026-08-03,2026-08-03 07:00:00,2026-08-03 13:00:00,6,2026-08-03 07:00:00,2026-08-03 13:00:00,6.0,Completed,2026-08-03
1119,551,65,2026-08-03,2026-08-03 07:00:00,2026-08-03 15:00:00,8,,,0.0,No-Show,2026-08-03
1120,554,17,2026-08-03,2026-08-03 06:00:00,2026-08-03 12:00:00,6,2026-08-03 06:00:00,2026-08-03 12:00:00,6.0,Completed,2026-08-03
1121,394,39,2026-08-03,2026-08-03 07:00:00,2026-08-03 13:00:00,6,2026-08-03 07:00:00,2026-08-03 13:00:00,6.0,Completed,2026-08-03
1122,5,1,2026-08-03,2026-08-03 06:00:00,2026-08-03 18:00:00,12,2026-08-03 06:00:00,2026-08-03 18:00:00,12.0,Completed,2026-08-03
1123,576,85,2026-08-03,2026-08-03 07:00:00,2026-08-03 19:00:00,12,2026-08-03 07:00:00,2026-08-03 19:00:00,12.0,Completed,2026-08-03
1124,469,40,2026-08-03,2026-08-03 14:00:00,2026-08-04 02:00:00,12,2026-08-03 14:00:00,2026-08-04 02:00:00,12.0,Completed,2026-08-03
1125,527,67,2026-08-03,2026-08-03 09:00:00,2026-08-03 17:00:00,8,,,,Scheduled,2026-08-03
1126,472,84,2026-08-03,2026-08-03 15:00:00,2026-08-03 23:00:00,8,2026-08-03 15:00:00,2026-08-03 23:00:00,8.0,Completed,2026-08-03
1127,506,86,2026-08-03,2026-08-03 06:00:00,2026-08-03 10:00:00,4,2026-08-03 06:00:00,2026-08-03 10:00:00,4.0,Completed,2026-08-03
1128,546,19,2026-08-03,2026-08-03 14:00:00,2026-08-04 02:00:00,12,,,,Scheduled,2026-08-03
1129,440,79,2026-08-03,2026-08-03 14:00:00,2026-08-03 22:00:00,8,2026-08-03 14:00:00,2026-08-03 22:00:00,8.0,Completed,2026-08-03
1130,583,15,2026-08-03,2026-08-03 07:00:00,2026-08-03 15:00:00,8,,,,Scheduled,2026-08-03
1131,491,69,2026-08-03,2026-08-03 08:00:00,2026-08-03 16:00:00,8,2026-08-03 08:00:00,2026-08-03 16:00:00,8.0,Completed,2026-08-03
1132,599,44,2026-08-03,2026-08-03 14:00:00,2026-08-03 18:00:00,4,2026-08-03 14:00:00,2026-08-03 18:00:00,4.0,Completed,2026-08-03
1133,533,26,2026-08-03,2026-08-03 06:00:00,2026-08-03 12:00:00,6,2026-08-03 06:00:00,2026-08-03 12:00:00,6.0,Completed,2026-08-03
1134,17,4,2026-08-03,2026-08-03 14:00:00,2026-08-03 18:00:00,4,2026-08-03 14:00:00,2026-08-03 18:00:00,4.0,Completed,2026-08-03
1135,528,63,2026-08-03,2026-08-03 14:00:00,2026-08-03 18:00:00,4,2026-08-03 14:00:00,2026-08-03 18:00:00,4.0,Completed,2026-08-03
1136,247,61,2026-08-03,2026-08-03 07:00:00,2026-08-03 11:00:00,4,2026-08-03 07:00:00,2026-08-03 11:00:00,4.0,Completed,2026-08-03
1137,419,38,2026-08-03,2026-08-03 22:00:00,2026-08-04 04:00:00,6,2026-08-03 22:00:00,2026-08-04 04:00:00,6.0,Completed,2026-08-03
1138,611,36,2026-08-03,2026-08-03 08:00:00,2026-08-03 14:00:00,6,2026-08-03 08:00:00,2026-08-03 14:00:00,6.0,Completed,2026-08-03
1139,511,22,2026-08-03,2026-08-03 22:00:00,2026-08-04 02:00:00,4,2026-08-03 22:00:00,2026-08-04 02:00:00,4.0,Completed,2026-08-03
1140,532,5,2026-08-03,2026-08-03 08:00:00,2026-08-03 20:00:00,12,2026-08-03 08:00:00,2026-08-03 20:00:00,12.0,Completed,2026-08-03
1141,542,66,2026-08-03,2026-08-03 09:00:00,2026-08-03 17:00:00,8,2026-08-03 09:00:00,2026-08-03 17:00:00,8.0,Completed,2026-08-03
1142,602,74,2026-08-03,2026-08-03 07:00:00,2026-08-03 19:00:00,12,2026-08-03 07:00:00,2026-08-03 19:00:00,12.0,Completed,2026-08-03
1143,520,55,2026-08-03,2026-08-03 07:00:00,2026-08-03 15:00:00,8,2026-08-03 07:00:00,2026-08-03 15:00:00,8.0,Completed,2026-08-03
1144,446,62,2026-08-03,2026-08-03 15:00:00,2026-08-03 19:00:00,4,,,,Scheduled,2026-08-03
1145,598,52,2026-08-03,2026-08-03 08:00:00,2026-08-03 16:00:00,8,2026-08-03 08:00:00,2026-08-03 16:00:00,8.0,Completed,2026-08-03
1146,584,58,2026-08-03,2026-08-03 22:00:00,2026-08-04 10:00:00,12,,,0.0,No-Show,2026-08-03
1147,458,34,2026-08-03,2026-08-03 09:00:00,2026-08-03 15:00:00,6,2026-08-03 09:00:00,2026-08-03 15:00:00,6.0,Completed,2026-08-03
1148,9,60,2026-08-03,2026-08-03 06:00:00,2026-08-03 10:00:00,4,2026-08-03 06:00:00,2026-08-03 10:00:00,4.0,Completed,2026-08-03
1149,585,3,2026-08-03,2026-08-03 15:00:00,2026-08-03 19:00:00,4,2026-08-03 15:00:00,2026-08-03 19:00:00,4.0,Completed,2026-08-03
1150,476,45,2026-08-03,2026-08-03 07:00:00,2026-08-03 13:00:00,6,2026-08-03 07:00:00,2026-08-03 13:00:00,6.0,Completed,2026-08-03
1151,545,72,2026-08-03,2026-08-03 09:00:00,2026-08-03 21:00:00,12,2026-08-03 09:00:00,2026-08-03 21:00:00,12.0,Completed,2026-08-03
1152,20,1,2026-08-04,2026-08-04 22:00:00,2026-08-05 10:00:00,12,2026-08-04 22:00:00,2026-08-05 10:00:00,12.0,Completed,2026-08-04
1153,428,65,2026-08-04,2026-08-04 07:00:00,2026-08-04 15:00:00,8,2026-08-04 07:00:00,2026-08-04 15:00:00,8.0,Completed,2026-08-04
1154,557,81,2026-08-04,2026-08-04 15:00:00,2026-08-04 23:00:00,8,2026-08-04 15:00:00,2026-08-04 23:00:00,8.0,Completed,2026-08-04
1155,498,63,2026-08-04,2026-08-04 15:00:00,2026-08-04 23:00:00,8,2026-08-04 15:00:00,2026-08-04 23:00:00,8.0,Completed,2026-08-04
1156,551,72,2026-08-04,2026-08-04 09:00:00,2026-08-04 21:00:00,12,2026-08-04 09:00:00,2026-08-04 21:00:00,12.0,Completed,2026-08-04
1157,433,40,2026-08-04,2026-08-04 22:00:00,2026-08-05 04:00:00,6,2026-08-04 22:00:00,2026-08-05 04:00:00,6.0,Completed,2026-08-04
1158,576,76,2026-08-04,2026-08-04 09:00:00,2026-08-04 13:00:00,4,,,0.0,Cancelled - Employee,2026-08-04
1159,614,3,2026-08-04,2026-08-04 14:00:00,2026-08-04 18:00:00,4,,,0.0,Cancelled - Client,2026-08-04
1160,608,85,2026-08-04,2026-08-04 08:00:00,2026-08-04 12:00:00,4,2026-08-04 08:00:00,2026-08-04 12:00:00,4.0,Completed,2026-08-04
1161,456,58,2026-08-04,2026-08-04 22:00:00,2026-08-05 06:00:00,8,2026-08-04 22:00:00,2026-08-05 06:00:00,8.0,Completed,2026-08-04
1162,5,5,2026-08-04,2026-08-04 09:00:00,2026-08-04 15:00:00,6,2026-08-04 09:00:00,2026-08-04 15:00:00,6.0,Completed,2026-08-04
1163,394,49,2026-08-04,2026-08-04 06:00:00,2026-08-04 10:00:00,4,2026-08-04 06:00:00,2026-08-04 10:00:00,4.0,Completed,2026-08-04
1164,11,16,2026-08-04,2026-08-04 06:00:00,2026-08-04 18:00:00,12,,,0.0,No-Show,2026-08-04
1165,560,44,2026-08-04,2026-08-04 09:00:00,2026-08-04 17:00:00,8,2026-08-04 09:00:00,2026-08-04 17:00:00,8.0,Completed,2026-08-04
1166,546,19,2026-08-04,2026-08-04 08:00:00,2026-08-04 14:00:00,6,,,0.0,Cancelled - Client,2026-08-04
1167,528,61,2026-08-04,2026-08-04 06:00:00,2026-08-04 18:00:00,12,2026-08-04 06:00:00,2026-08-04 18:00:00,12.0,Completed,2026-08-04
1168,605,26,2026-08-04,2026-08-04 08:00:00,2026-08-04 14:00:00,6,2026-08-04 08:00:00,2026-08-04 14:00:00,6.0,Completed,2026-08-04
1169,442,55,2026-08-04,2026-08-04 22:00:00,2026-08-05 06:00:00,8,2026-08-04 22:00:00,2026-08-05 06:00:00,8.0,Completed,2026-08-04
1170,535,15,2026-08-04,2026-08-04 06:00:00,2026-08-04 10:00:00,4,2026-08-04 06:00:00,2026-08-04 10:00:00,4.0,Completed,2026-08-04
1171,545,62,2026-08-04,2026-08-04 14:00:00,2026-08-04 20:00:00,6,2026-08-04 14:00:00,2026-08-04 20:00:00,6.0,Completed,2026-08-04
1172,542,66,2026-08-04,2026-08-04 09:00:00,2026-08-04 21:00:00,12,2026-08-04 09:00:00,2026-08-04 21:00:00,12.0,Completed,2026-08-04
1173,587,70,2026-08-04,2026-08-04 09:00:00,2026-08-04 15:00:00,6,2026-08-04 09:00:00,2026-08-04 15:00:00,6.0,Completed,2026-08-04
1174,579,89,2026-08-04,2026-08-04 09:00:00,2026-08-04 13:00:00,4,2026-08-04 09:00:00,2026-08-04 13:00:00,4.0,Completed,2026-08-04
1175,594,82,2026-08-04,2026-08-04 14:00:00,2026-08-05 02:00:00,12,2026-08-04 14:00:00,2026-08-05 02:00:00,12.0,Completed,2026-08-04
1176,600,45,2026-08-04,2026-08-04 06:00:00,2026-08-04 12:00:00,6,,,0.0,Cancelled - Employee,2026-08-04
1177,613,34,2026-08-04,2026-08-04 07:00:00,2026-08-04 13:00:00,6,2026-08-04 07:00:00,2026-08-04 13:00:00,6.0,Completed,2026-08-04
1178,487,52,2026-08-04,2026-08-04 09:00:00,2026-08-04 17:00:00,8,2026-08-04 09:00:00,2026-08-04 17:00:00,8.0,Completed,2026-08-04
1179,555,73,2026-08-04,2026-08-04 08:00:00,2026-08-04 16:00:00,8,2026-08-04 08:00:00,2026-08-04 16:00:00,8.0,Completed,2026-08-04
1180,505,7,2026-08-04,2026-08-04 09:00:00,2026-08-04 15:00:00,6,2026-08-04 09:00:00,2026-08-04 15:00:00,6.0,Completed,2026-08-04
1181,27,43,2026-08-04,2026-08-04 08:00:00,2026-08-04 14:00:00,6,2026-08-04 08:00:00,2026-08-04 14:00:00,6.0,Completed,2026-08-04
1182,29,57,2026-08-04,2026-08-04 22:00:00,2026-08-05 10:00:00,12,2026-08-04 22:00:00,2026-08-05 10:00:00,12.0,Completed,2026-08-04
1183,506,41,2026-08-04,2026-08-04 07:00:00,2026-08-04 11:00:00,4,2026-08-04 07:00:00,2026-08-04 11:00:00,4.0,Completed,2026-08-04
1184,25,39,2026-08-04,2026-08-04 22:00:00,2026-08-05 10:00:00,12,2026-08-04 22:00:00,2026-08-05 10:00:00,12.0,Completed,2026-08-04
1185,509,28,2026-08-04,2026-08-04 22:00:00,2026-08-05 02:00:00,4,2026-08-04 22:00:00,2026-08-05 02:00:00,4.0,Completed,2026-08-04
1186,597,45,2026-08-05,2026-08-05 07:00:00,2026-08-05 19:00:00,12,2026-08-05 07:00:00,2026-08-05 19:00:00,12.0,Completed,2026-08-05
1187,25,22,2026-08-05,2026-08-05 07:00:00,2026-08-05 19:00:00,12,2026-08-05 07:00:00,2026-08-05 19:00:00,12.0,Completed,2026-08-05
1188,458,89,2026-08-05,2026-08-05 07:00:00,2026-08-05 19:00:00,12,2026-08-05 07:00:00,2026-08-05 19:00:00,12.0,Completed,2026-08-05
1189,614,49,2026-08-05,2026-08-05 22:00:00,2026-08-06 02:00:00,4,2026-08-05 22:00:00,2026-08-06 02:00:00,4.0,Completed,2026-08-05
1190,535,3,2026-08-05,2026-08-05 15:00:00,2026-08-06 03:00:00,12,2026-08-05 15:00:00,2026-08-06 03:00:00,12.0,Completed,2026-08-05
1191,598,90,2026-08-05,2026-08-05 08:00:00,2026-08-05 14:00:00,6,,,0.0,Cancelled - Employee,2026-08-05
1192,609,53,2026-08-05,2026-08-05 06:00:00,2026-08-05 14:00:00,8,2026-08-05 06:00:00,2026-08-05 14:00:00,8.0,Completed,2026-08-05
1193,576,76,2026-08-05,2026-08-05 09:00:00,2026-08-05 15:00:00,6,,,,Scheduled,2026-08-05
1194,27,43,2026-08-05,2026-08-05 06:00:00,2026-08-05 14:00:00,8,2026-08-05 06:00:00,2026-08-05 14:00:00,8.0,Completed,2026-08-05
1195,520,5,2026-08-05,2026-08-05 22:00:00,2026-08-06 06:00:00,8,2026-08-05 22:00:00,2026-08-06 06:00:00,8.0,Completed,2026-08-05
1196,528,63,2026-08-05,2026-08-05 09:00:00,2026-08-05 13:00:00,4,2026-08-05 09:00:00,2026-08-05 13:00:00,4.0,Completed,2026-08-05
1197,9,26,2026-08-05,2026-08-05 14:00:00,2026-08-05 22:00:00,8,2026-08-05 14:00:00,2026-08-05 22:00:00,8.0,Completed,2026-08-05
1198,594,37,2026-08-05,2026-08-05 06:00:00,2026-08-05 18:00:00,12,2026-08-05 06:00:00,2026-08-05 18:00:00,12.0,Completed,2026-08-05
1199,572,19,2026-08-05,2026-08-05 09:00:00,2026-08-05 17:00:00,8,,,0.0,Cancelled - Client,2026-08-05
1200,394,4,2026-08-05,2026-08-05 09:00:00,2026-08-05 21:00:00,12,2026-08-05 09:00:00,2026-08-05 21:00:00,12.0,Completed,2026-08-05
1201,247,72,2026-08-05,2026-08-05 22:00:00,2026-08-06 02:00:00,4,,,0.0,Cancelled - Client,2026-08-05
1202,592,34,2026-08-05,2026-08-05 22:00:00,2026-08-06 10:00:00,12,2026-08-05 22:00:00,2026-08-06 10:00:00,12.0,Completed,2026-08-05
1203,428,61,2026-08-05,2026-08-05 08:00:00,2026-08-05 20:00:00,12,2026-08-05 08:00:00,2026-08-05 20:00:00,12.0,Completed,2026-08-05
1204,456,60,2026-08-05,2026-08-05 09:00:00,2026-08-05 13:00:00,4,2026-08-05 09:00:00,2026-08-05 13:00:00,4.0,Completed,2026-08-05
1205,349,75,2026-08-05,2026-08-05 06:00:00,2026-08-05 14:00:00,8,2026-08-05 06:00:00,2026-08-05 14:00:00,8.0,Completed,2026-08-05
1206,14,85,2026-08-05,2026-08-05 07:00:00,2026-08-05 19:00:00,12,2026-08-05 07:00:00,2026-08-05 19:00:00,12.0,Completed,2026-08-05
1207,5,66,2026-08-05,2026-08-05 14:00:00,2026-08-05 20:00:00,6,2026-08-05 14:00:00,2026-08-05 20:00:00,6.0,Completed,2026-08-05
1208,551,65,2026-08-05,2026-08-05 22:00:00,2026-08-06 10:00:00,12,2026-08-05 22:00:00,2026-08-06 10:00:00,12.0,Completed,2026-08-05
1209,17,39,2026-08-05,2026-08-05 08:00:00,2026-08-05 12:00:00,4,2026-08-05 08:00:00,2026-08-05 12:00:00,4.0,Completed,2026-08-05
1210,564,58,2026-08-05,2026-08-05 15:00:00,2026-08-06 03:00:00,12,,,0.0,No-Show,2026-08-05
1211,607,28,2026-08-05,2026-08-05 22:00:00,2026-08-06 10:00:00,12,,,0.0,No-Show,2026-08-05
1212,505,33,2026-08-05,2026-08-05 07:00:00,2026-08-05 13:00:00,6,2026-08-05 07:00:00,2026-08-05 13:00:00,6.0,Completed,2026-08-05
1213,550,16,2026-08-05,2026-08-05 08:00:00,2026-08-05 14:00:00,6,2026-08-05 08:00:00,2026-08-05 14:00:00,6.0,Completed,2026-08-05
1214,30,40,2026-08-05,2026-08-05 09:00:00,2026-08-05 17:00:00,8,2026-08-05 09:00:00,2026-08-05 17:00:00,8.0,Completed,2026-08-05
1215,527,17,2026-08-05,2026-08-05 22:00:00,2026-08-06 06:00:00,8,2026-08-05 22:00:00,2026-08-06 06:00:00,8.0,Completed,2026-08-05
1216,11,55,2026-08-05,2026-08-05 09:00:00,2026-08-05 15:00:00,6,,,,Scheduled,2026-08-05
1217,585,64,2026-08-05,2026-08-05 14:00:00,2026-08-06 02:00:00,12,,,0.0,No-Show,2026-08-05
1218,555,1,2026-08-05,2026-08-05 06:00:00,2026-08-05 10:00:00,4,2026-08-05 06:00:00,2026-08-05 10:00:00,4.0,Completed,2026-08-05
1219,532,15,2026-08-05,2026-08-05 08:00:00,2026-08-05 20:00:00,12,2026-08-05 08:00:00,2026-08-05 20:00:00,12.0,Completed,2026-08-05
1220,532,56,2026-08-06,2026-08-06 22:00:00,2026-08-07 02:00:00,4,2026-08-06 22:00:00,2026-08-07 02:00:00,4.0,Completed,2026-08-06
1221,338,89,2026-08-06,2026-08-06 08:00:00,2026-08-06 14:00:00,6,2026-08-06 08:00:00,2026-08-06 14:00:00,6.0,Completed,2026-08-06
1222,535,64,2026-08-06,2026-08-06 14:00:00,2026-08-06 20:00:00,6,2026-08-06 14:00:00,2026-08-06 20:00:00,6.0,Completed,2026-08-06
1223,308,28,2026-08-06,2026-08-06 06:00:00,2026-08-06 18:00:00,12,2026-08-06 06:00:00,2026-08-06 18:00:00,12.0,Completed,2026-08-06
1224,395,41,2026-08-06,2026-08-06 22:00:00,2026-08-07 02:00:00,4,2026-08-06 22:00:00,2026-08-07 02:00:00,4.0,Completed,2026-08-06
1225,456,26,2026-08-06,2026-08-06 22:00:00,2026-08-07 10:00:00,12,2026-08-06 22:00:00,2026-08-07 10:00:00,12.0,Completed,2026-08-06
1226,585,16,2026-08-06,2026-08-06 22:00:00,2026-08-07 10:00:00,12,2026-08-06 22:00:00,2026-08-07 10:00:00,12.0,Completed,2026-08-06
1227,542,55,2026-08-06,2026-08-06 07:00:00,2026-08-06 13:00:00,6,2026-08-06 07:00:00,2026-08-06 13:00:00,6.0,Completed,2026-08-06
1228,17,1,2026-08-06,2026-08-06 22:00:00,2026-08-07 10:00:00,12,2026-08-06 22:00:00,2026-08-07 10:00:00,12.0,Completed,2026-08-06
1229,349,7,2026-08-06,2026-08-06 15:00:00,2026-08-07 03:00:00,12,2026-08-06 15:00:00,2026-08-07 03:00:00,12.0,Completed,2026-08-06
1230,436,43,2026-08-06,2026-08-06 14:00:00,2026-08-06 20:00:00,6,2026-08-06 14:00:00,2026-08-06 20:00:00,6.0,Completed,2026-08-06
1231,371,92,2026-08-06,2026-08-06 09:00:00,2026-08-06 13:00:00,4,2026-08-06 09:00:00,2026-08-06 13:00:00,4.0,Completed,2026-08-06
1232,613,40,2026-08-06,2026-08-06 07:00:00,2026-08-06 19:00:00,12,2026-08-06 07:00:00,2026-08-06 19:00:00,12.0,Completed,2026-08-06
1233,599,52,2026-08-06,2026-08-06 06:00:00,2026-08-06 14:00:00,8,2026-08-06 06:00:00,2026-08-06 14:00:00,8.0,Completed,2026-08-06
1234,602,79,2026-08-06,2026-08-06 08:00:00,2026-08-06 20:00:00,12,2026-08-06 08:00:00,2026-08-06 20:00:00,12.0,Completed,2026-08-06
1235,14,85,2026-08-06,2026-08-06 22:00:00,2026-08-07 04:00:00,6,,,0.0,Cancelled - Employee,2026-08-06
1236,607,17,2026-08-06,2026-08-06 08:00:00,2026-08-06 14:00:00,6,2026-08-06 08:00:00,2026-08-06 14:00:00,6.0,Completed,2026-08-06
1237,461,58,2026-08-06,2026-08-06 15:00:00,2026-08-06 23:00:00,8,2026-08-06 15:00:00,2026-08-06 23:00:00,8.0,Completed,2026-08-06
1238,505,59,2026-08-06,2026-08-06 07:00:00,2026-08-06 15:00:00,8,2026-08-06 07:00:00,2026-08-06 15:00:00,8.0,Completed,2026-08-06
1239,29,76,2026-08-06,2026-08-06 09:00:00,2026-08-06 15:00:00,6,2026-08-06 09:00:00,2026-08-06 15:00:00,6.0,Completed,2026-08-06
1240,491,45,2026-08-06,2026-08-06 08:00:00,2026-08-06 20:00:00,12,2026-08-06 08:00:00,2026-08-06 20:00:00,12.0,Completed,2026-08-06
1241,25,5,2026-08-06,2026-08-06 08:00:00,2026-08-06 16:00:00,8,,,0.0,Cancelled - Employee,2026-08-06
1242,576,65,2026-08-06,2026-08-06 09:00:00,2026-08-06 21:00:00,12,2026-08-06 09:00:00,2026-08-06 21:00:00,12.0,Completed,2026-08-06
1243,394,66,2026-08-06,2026-08-06 14:00:00,2026-08-06 18:00:00,4,2026-08-06 14:00:00,2026-08-06 18:00:00,4.0,Completed,2026-08-06
1244,527,94,2026-08-06,2026-08-06 09:00:00,2026-08-06 21:00:00,12,2026-08-06 09:00:00,2026-08-06 21:00:00,12.0,Completed,2026-08-06
1245,557,78,2026-08-06,2026-08-06 08:00:00,2026-08-06 20:00:00,12,2026-08-06 08:00:00,2026-08-06 20:00:00,12.0,Completed,2026-08-06
1246,528,62,2026-08-06,2026-08-06 08:00:00,2026-08-06 14:00:00,6,,,0.0,Cancelled - Client,2026-08-06
1247,609,44,2026-08-06,2026-08-06 15:00:00,2026-08-06 21:00:00,6,,,,Scheduled,2026-08-06
1248,247,61,2026-08-06,2026-08-06 15:00:00,2026-08-06 21:00:00,6,2026-08-06 15:00:00,2026-08-06 21:00:00,6.0,Completed,2026-08-06
1249,11,39,2026-08-06,2026-08-06 06:00:00,2026-08-06 10:00:00,4,2026-08-06 06:00:00,2026-08-06 10:00:00,4.0,Completed,2026-08-06
1250,555,4,2026-08-06,2026-08-06 14:00:00,2026-08-06 22:00:00,8,2026-08-06 14:00:00,2026-08-06 22:00:00,8.0,Completed,2026-08-06
1251,511,49,2026-08-06,2026-08-06 22:00:00,2026-08-07 06:00:00,8,,,0.0,No-Show,2026-08-06
1252,487,86,2026-08-06,2026-08-06 15:00:00,2026-08-06 19:00:00,4,,,0.0,Cancelled - Client,2026-08-06
1253,9,6,2026-08-06,2026-08-06 15:00:00,2026-08-07 03:00:00,12,,,0.0,No-Show,2026-08-06
1254,608,19,2026-08-06,2026-08-06 22:00:00,2026-08-07 02:00:00,4,2026-08-06 22:00:00,2026-08-07 02:00:00,4.0,Completed,2026-08-06
1255,440,28,2026-08-07,2026-08-07 09:00:00,2026-08-07 15:00:00,6,2026-08-07 09:00:00,2026-08-07 15:00:00,6.0,Completed,2026-08-07
1256,247,19,2026-08-07,2026-08-07 07:00:00,2026-08-07 13:00:00,6,,,,Scheduled,2026-08-07
1257,329,45,2026-08-07,2026-08-07 22:00:00,2026-08-08 06:00:00,8,2026-08-07 22:00:00,2026-08-08 06:00:00,8.0,Completed,2026-08-07
1258,511,22,2026-08-07,2026-08-07 09:00:00,2026-08-07 15:00:00,6,2026-08-07 09:00:00,2026-08-07 15:00:00,6.0,Completed,2026-08-07
1259,588,17,2026-08-07,2026-08-07 22:00:00,2026-08-08 02:00:00,4,,,0.0,Cancelled - Client,2026-08-07
1260,498,62,2026-08-07,2026-08-07 09:00:00,2026-08-07 15:00:00,6,2026-08-07 09:00:00,2026-08-07 15:00:00,6.0,Completed,2026-08-07
1261,517,21,2026-08-07,2026-08-07 14:00:00,2026-08-08 02:00:00,12,,,0.0,Cancelled - Employee,2026-08-07
1262,536,79,2026-08-07,2026-08-07 14:00:00,2026-08-08 02:00:00,12,2026-08-07 14:00:00,2026-08-08 02:00:00,12.0,Completed,2026-08-07
1263,622,95,2026-08-07,2026-08-07 14:00:00,2026-08-08 02:00:00,12,2026-08-07 14:00:00,2026-08-08 02:00:00,12.0,Completed,2026-08-07
1264,535,16,2026-08-07,2026-08-07 15:00:00,2026-08-07 21:00:00,6,2026-08-07 15:00:00,2026-08-07 21:00:00,6.0,Completed,2026-08-07
1265,18,58,2026-08-07,2026-08-07 14:00:00,2026-08-07 18:00:00,4,,,0.0,Cancelled - Employee,2026-08-07
1266,542,39,2026-08-07,2026-08-07 07:00:00,2026-08-07 19:00:00,12,2026-08-07 07:00:00,2026-08-07 19:00:00,12.0,Completed,2026-08-07
1267,609,52,2026-08-07,2026-08-07 09:00:00,2026-08-07 21:00:00,12,2026-08-07 09:00:00,2026-08-07 21:00:00,12.0,Completed,2026-08-07
1268,17,73,2026-08-07,2026-08-07 09:00:00,2026-08-07 21:00:00,12,2026-08-07 09:00:00,2026-08-07 21:00:00,12.0,Completed,2026-08-07
1269,582,81,2026-08-07,2026-08-07 06:00:00,2026-08-07 14:00:00,8,2026-08-07 06:00:00,2026-08-07 14:00:00,8.0,Completed,2026-08-07
1270,394,4,2026-08-07,2026-08-07 22:00:00,2026-08-08 02:00:00,4,,,0.0,No-Show,2026-08-07
1271,608,72,2026-08-07,2026-08-07 06:00:00,2026-08-07 10:00:00,4,2026-08-07 06:00:00,2026-08-07 10:00:00,4.0,Completed,2026-08-07
1272,528,63,2026-08-07,2026-08-07 06:00:00,2026-08-07 10:00:00,4,2026-08-07 06:00:00,2026-08-07 10:00:00,4.0,Completed,2026-08-07
1273,615,43,2026-08-07,2026-08-07 07:00:00,2026-08-07 11:00:00,4,2026-08-07 07:00:00,2026-08-07 11:00:00,4.0,Completed,2026-08-07
1274,585,49,2026-08-07,2026-08-07 14:00:00,2026-08-07 22:00:00,8,2026-08-07 14:00:00,2026-08-07 22:00:00,8.0,Completed,2026-08-07
1275,15,26,2026-08-07,2026-08-07 07:00:00,2026-08-07 11:00:00,4,2026-08-07 07:00:00,2026-08-07 11:00:00,4.0,Completed,2026-08-07
1276,500,70,2026-08-07,2026-08-07 08:00:00,2026-08-07 12:00:00,4,,,,Scheduled,2026-08-07
1277,520,5,2026-08-07,2026-08-07 09:00:00,2026-08-07 13:00:00,4,2026-08-07 09:00:00,2026-08-07 13:00:00,4.0,Completed,2026-08-07
1278,472,80,2026-08-07,2026-08-07 07:00:00,2026-08-07 19:00:00,12,2026-08-07 07:00:00,2026-08-07 19:00:00,12.0,Completed,2026-08-07
1279,476,69,2026-08-07,2026-08-07 06:00:00,2026-08-07 12:00:00,6,2026-08-07 06:00:00,2026-08-07 12:00:00,6.0,Completed,2026-08-07
1280,572,65,2026-08-07,2026-08-07 14:00:00,2026-08-07 18:00:00,4,,,0.0,No-Show,2026-08-07
1281,11,55,2026-08-07,2026-08-07 07:00:00,2026-08-07 13:00:00,6,2026-08-07 07:00:00,2026-08-07 13:00:00,6.0,Completed,2026-08-07
1282,25,1,2026-08-07,2026-08-07 14:00:00,2026-08-07 22:00:00,8,2026-08-07 14:00:00,2026-08-07 22:00:00,8.0,Completed,2026-08-07
1283,29,85,2026-08-07,2026-08-07 08:00:00,2026-08-07 16:00:00,8,2026-08-07 08:00:00,2026-08-07 16:00:00,8.0,Completed,2026-08-07
1284,532,15,2026-08-07,2026-08-07 14:00:00,2026-08-07 18:00:00,4,2026-08-07 14:00:00,2026-08-07 18:00:00,4.0,Completed,2026-08-07
1285,27,61,2026-08-07,2026-08-07 22:00:00,2026-08-08 10:00:00,12,2026-08-07 22:00:00,2026-08-08 10:00:00,12.0,Completed,2026-08-07
1286,495,89,2026-08-07,2026-08-07 22:00:00,2026-08-08 06:00:00,8,,,0.0,Cancelled - Employee,2026-08-07
1287,491,40,2026-08-07,2026-08-07 06:00:00,2026-08-07 14:00:00,8,,,0.0,Cancelled - Client,2026-08-07
1288,555,66,2026-08-07,2026-08-07 15:00:00,2026-08-08 03:00:00,12,,,0.0,Cancelled - Client,2026-08-07
1289,9,37,2026-08-07,2026-08-07 09:00:00,2026-08-07 17:00:00,8,2026-08-07 09:00:00,2026-08-07 17:00:00,8.0,Completed,2026-08-07
1290,506,92,2026-08-07,2026-08-07 09:00:00,2026-08-07 21:00:00,12,2026-08-07 09:00:00,2026-08-07 21:00:00,12.0,Completed,2026-08-07
1291,565,94,2026-08-07,2026-08-07 07:00:00,2026-08-07 13:00:00,6,2026-08-07 07:00:00,2026-08-07 13:00:00,6.0,Completed,2026-08-07
1292,621,1,2026-08-08,2026-08-08 07:00:00,2026-08-08 15:00:00,8,2026-08-08 07:00:00,2026-08-08 15:00:00,8.0,Completed,2026-08-08
1293,428,97,2026-08-08,2026-08-08 15:00:00,2026-08-09 03:00:00,12,2026-08-08 15:00:00,2026-08-09 03:00:00,12.0,Completed,2026-08-08
1294,615,76,2026-08-08,2026-08-08 09:00:00,2026-08-08 17:00:00,8,2026-08-08 09:00:00,2026-08-08 17:00:00,8.0,Completed,2026-08-08
1295,546,43,2026-08-08,2026-08-08 14:00:00,2026-08-09 02:00:00,12,2026-08-08 14:00:00,2026-08-09 02:00:00,12.0,Completed,2026-08-08
1296,495,45,2026-08-08,2026-08-08 15:00:00,2026-08-08 21:00:00,6,2026-08-08 15:00:00,2026-08-08 21:00:00,6.0,Completed,2026-08-08
1297,535,66,2026-08-08,2026-08-08 22:00:00,2026-08-09 06:00:00,8,2026-08-08 22:00:00,2026-08-09 06:00:00,8.0,Completed,2026-08-08
1298,612,72,2026-08-08,2026-08-08 15:00:00,2026-08-09 03:00:00,12,2026-08-08 15:00:00,2026-08-09 03:00:00,12.0,Completed,2026-08-08
1299,607,79,2026-08-08,2026-08-08 15:00:00,2026-08-08 23:00:00,8,2026-08-08 15:00:00,2026-08-08 23:00:00,8.0,Completed,2026-08-08
1300,551,63,2026-08-08,2026-08-08 15:00:00,2026-08-08 23:00:00,8,2026-08-08 15:00:00,2026-08-08 23:00:00,8.0,Completed,2026-08-08
1301,625,15,2026-08-08,2026-08-08 08:00:00,2026-08-08 12:00:00,4,2026-08-08 08:00:00,2026-08-08 12:00:00,4.0,Completed,2026-08-08
1302,27,85,2026-08-08,2026-08-08 09:00:00,2026-08-08 13:00:00,4,,,0.0,No-Show,2026-08-08
1303,349,81,2026-08-08,2026-08-08 22:00:00,2026-08-09 06:00:00,8,2026-08-08 22:00:00,2026-08-09 06:00:00,8.0,Completed,2026-08-08
1304,613,69,2026-08-08,2026-08-08 14:00:00,2026-08-08 20:00:00,6,2026-08-08 14:00:00,2026-08-08 20:00:00,6.0,Completed,2026-08-08
1305,550,49,2026-08-08,2026-08-08 14:00:00,2026-08-08 22:00:00,8,2026-08-08 14:00:00,2026-08-08 22:00:00,8.0,Completed,2026-08-08
1306,542,39,2026-08-08,2026-08-08 06:00:00,2026-08-08 12:00:00,6,2026-08-08 06:00:00,2026-08-08 12:00:00,6.0,Completed,2026-08-08
1307,20,4,2026-08-08,2026-08-08 09:00:00,2026-08-08 21:00:00,12,2026-08-08 09:00:00,2026-08-08 21:00:00,12.0,Completed,2026-08-08
1308,472,38,2026-08-08,2026-08-08 07:00:00,2026-08-08 19:00:00,12,2026-08-08 07:00:00,2026-08-08 19:00:00,12.0,Completed,2026-08-08
1309,598,92,2026-08-08,2026-08-08 14:00:00,2026-08-08 20:00:00,6,2026-08-08 14:00:00,2026-08-08 20:00:00,6.0,Completed,2026-08-08
1310,458,40,2026-08-08,2026-08-08 09:00:00,2026-08-08 15:00:00,6,2026-08-08 09:00:00,2026-08-08 15:00:00,6.0,Completed,2026-08-08
1311,22,58,2026-08-08,2026-08-08 22:00:00,2026-08-09 06:00:00,8,2026-08-08 22:00:00,2026-08-09 06:00:00,8.0,Completed,2026-08-08
1312,29,65,2026-08-08,2026-08-08 09:00:00,2026-08-08 21:00:00,12,2026-08-08 09:00:00,2026-08-08 21:00:00,12.0,Completed,2026-08-08
1313,433,86,2026-08-08,2026-08-08 22:00:00,2026-08-09 10:00:00,12,2026-08-08 22:00:00,2026-08-09 10:00:00,12.0,Completed,2026-08-08
1314,626,16,2026-08-08,2026-08-08 15:00:00,2026-08-08 21:00:00,6,2026-08-08 15:00:00,2026-08-08 21:00:00,6.0,Completed,2026-08-08
1315,14,19,2026-08-08,2026-08-08 06:00:00,2026-08-08 18:00:00,12,,,0.0,Cancelled - Employee,2026-08-08
1316,419,60,2026-08-08,2026-08-08 07:00:00,2026-08-08 15:00:00,8,2026-08-08 07:00:00,2026-08-08 15:00:00,8.0,Completed,2026-08-08
1317,509,94,2026-08-08,2026-08-08 06:00:00,2026-08-08 10:00:00,4,2026-08-08 06:00:00,2026-08-08 10:00:00,4.0,Completed,2026-08-08
1318,520,5,2026-08-08,2026-08-08 22:00:00,2026-08-09 06:00:00,8,2026-08-08 22:00:00,2026-08-09 06:00:00,8.0,Completed,2026-08-08
1319,620,17,2026-08-08,2026-08-08 09:00:00,2026-08-08 17:00:00,8,,,0.0,No-Show,2026-08-08
1320,584,26,2026-08-08,2026-08-08 09:00:00,2026-08-08 21:00:00,12,2026-08-08 09:00:00,2026-08-08 21:00:00,12.0,Completed,2026-08-08
1321,519,52,2026-08-08,2026-08-08 09:00:00,2026-08-08 17:00:00,8,,,0.0,Cancelled - Client,2026-08-08
1322,436,61,2026-08-08,2026-08-08 09:00:00,2026-08-08 15:00:00,6,2026-08-08 09:00:00,2026-08-08 15:00:00,6.0,Completed,2026-08-08
1323,493,82,2026-08-08,2026-08-08 08:00:00,2026-08-08 14:00:00,6,2026-08-08 08:00:00,2026-08-08 14:00:00,6.0,Completed,2026-08-08
1324,532,93,2026-08-08,2026-08-08 08:00:00,2026-08-08 12:00:00,4,2026-08-08 08:00:00,2026-08-08 12:00:00,4.0,Completed,2026-08-08
1325,614,55,2026-08-08,2026-08-08 06:00:00,2026-08-08 18:00:00,12,2026-08-08 06:00:00,2026-08-08 18:00:00,12.0,Completed,2026-08-08
1326,17,56,2026-08-08,2026-08-08 06:00:00,2026-08-08 12:00:00,6,2026-08-08 06:00:00,2026-08-08 12:00:00,6.0,Completed,2026-08-08
1327,18,84,2026-08-08,2026-08-08 06:00:00,2026-08-08 12:00:00,6,2026-08-08 06:00:00,2026-08-08 12:00:00,6.0,Completed,2026-08-08
1328,576,62,2026-08-08,2026-08-08 08:00:00,2026-08-08 14:00:00,6,2026-08-08 08:00:00,2026-08-08 14:00:00,6.0,Completed,2026-08-08
1329,487,70,2026-08-08,2026-08-08 15:00:00,2026-08-08 19:00:00,4,2026-08-08 15:00:00,2026-08-08 19:00:00,4.0,Completed,2026-08-08
1330,616,61,2026-08-09,2026-08-09 09:00:00,2026-08-09 15:00:00,6,2026-08-09 09:00:00,2026-08-09 15:00:00,6.0,Completed,2026-08-09
1331,527,17,2026-08-09,2026-08-09 14:00:00,2026-08-09 22:00:00,8,2026-08-09 14:00:00,2026-08-09 22:00:00,8.0,Completed,2026-08-09
1332,550,66,2026-08-09,2026-08-09 09:00:00,2026-08-09 15:00:00,6,2026-08-09 09:00:00,2026-08-09 15:00:00,6.0,Completed,2026-08-09
1333,532,49,2026-08-09,2026-08-09 07:00:00,2026-08-09 11:00:00,4,2026-08-09 07:00:00,2026-08-09 11:00:00,4.0,Completed,2026-08-09
1334,555,4,2026-08-09,2026-08-09 09:00:00,2026-08-09 15:00:00,6,2026-08-09 09:00:00,2026-08-09 15:00:00,6.0,Completed,2026-08-09
1335,600,52,2026-08-09,2026-08-09 07:00:00,2026-08-09 13:00:00,6,2026-08-09 07:00:00,2026-08-09 13:00:00,6.0,Completed,2026-08-09
1336,620,101,2026-08-09,2026-08-09 09:00:00,2026-08-09 13:00:00,4,2026-08-09 09:00:00,2026-08-09 13:00:00,4.0,Completed,2026-08-09
1337,498,76,2026-08-09,2026-08-09 15:00:00,2026-08-09 19:00:00,4,2026-08-09 15:00:00,2026-08-09 19:00:00,4.0,Completed,2026-08-09
1338,564,82,2026-08-09,2026-08-09 22:00:00,2026-08-10 02:00:00,4,2026-08-09 22:00:00,2026-08-10 02:00:00,4.0,Completed,2026-08-09
1339,623,40,2026-08-09,2026-08-09 15:00:00,2026-08-10 03:00:00,12,2026-08-09 15:00:00,2026-08-10 03:00:00,12.0,Completed,2026-08-09
1340,5,1,2026-08-09,2026-08-09 14:00:00,2026-08-09 22:00:00,8,2026-08-09 14:00:00,2026-08-09 22:00:00,8.0,Completed,2026-08-09
1341,476,45,2026-08-09,2026-08-09 08:00:00,2026-08-09 20:00:00,12,2026-08-09 08:00:00,2026-08-09 20:00:00,12.0,Completed,2026-08-09
1342,30,34,2026-08-09,2026-08-09 22:00:00,2026-08-10 10:00:00,12,,,,Scheduled,2026-08-09
1343,614,5,2026-08-09,2026-08-09 06:00:00,2026-08-09 14:00:00,8,2026-08-09 06:00:00,2026-08-09 14:00:00,8.0,Completed,2026-08-09
1344,621,22,2026-08-09,2026-08-09 22:00:00,2026-08-10 02:00:00,4,2026-08-09 22:00:00,2026-08-10 02:00:00,4.0,Completed,2026-08-09
1345,543,81,2026-08-09,2026-08-09 08:00:00,2026-08-09 14:00:00,6,2026-08-09 08:00:00,2026-08-09 14:00:00,6.0,Completed,2026-08-09
1346,625,95,2026-08-09,2026-08-09 09:00:00,2026-08-09 15:00:00,6,,,,Scheduled,2026-08-09
1347,533,84,2026-08-09,2026-08-09 06:00:00,2026-08-09 10:00:00,4,2026-08-09 06:00:00,2026-08-09 10:00:00,4.0,Completed,2026-08-09
1348,628,19,2026-08-09,2026-08-09 14:00:00,2026-08-10 02:00:00,12,2026-08-09 14:00:00,2026-08-10 02:00:00,12.0,Completed,2026-08-09
1349,25,68,2026-08-09,2026-08-09 09:00:00,2026-08-09 13:00:00,4,2026-08-09 09:00:00,2026-08-09 13:00:00,4.0,Completed,2026-08-09
1350,509,28,2026-08-09,2026-08-09 06:00:00,2026-08-09 14:00:00,8,2026-08-09 06:00:00,2026-08-09 14:00:00,8.0,Completed,2026-08-09
1351,546,63,2026-08-09,2026-08-09 09:00:00,2026-08-09 17:00:00,8,2026-08-09 09:00:00,2026-08-09 17:00:00,8.0,Completed,2026-08-09
1352,608,72,2026-08-09,2026-08-09 15:00:00,2026-08-10 03:00:00,12,2026-08-09 15:00:00,2026-08-10 03:00:00,12.0,Completed,2026-08-09
1353,611,100,2026-08-09,2026-08-09 08:00:00,2026-08-09 12:00:00,4,,,0.0,Cancelled - Employee,2026-08-09
1354,542,15,2026-08-09,2026-08-09 06:00:00,2026-08-09 12:00:00,6,2026-08-09 06:00:00,2026-08-09 12:00:00,6.0,Completed,2026-08-09
1355,29,85,2026-08-09,2026-08-09 06:00:00,2026-08-09 14:00:00,8,2026-08-09 06:00:00,2026-08-09 14:00:00,8.0,Completed,2026-08-09
1356,461,26,2026-08-09,2026-08-09 07:00:00,2026-08-09 19:00:00,12,,,0.0,No-Show,2026-08-09
1357,565,75,2026-08-09,2026-08-09 22:00:00,2026-08-10 04:00:00,6,2026-08-09 22:00:00,2026-08-10 04:00:00,6.0,Completed,2026-08-09
1358,517,74,2026-08-09,2026-08-09 09:00:00,2026-08-09 15:00:00,6,2026-08-09 09:00:00,2026-08-09 15:00:00,6.0,Completed,2026-08-09
1359,520,55,2026-08-09,2026-08-09 14:00:00,2026-08-09 20:00:00,6,,,0.0,No-Show,2026-08-09
1360,247,65,2026-08-09,2026-08-09 15:00:00,2026-08-09 23:00:00,8,2026-08-09 15:00:00,2026-08-09 23:00:00,8.0,Completed,2026-08-09
1361,20,39,2026-08-09,2026-08-09 07:00:00,2026-08-09 15:00:00,8,2026-08-09 07:00:00,2026-08-09 15:00:00,8.0,Completed,2026-08-09
1362,308,79,2026-08-09,2026-08-09 14:00:00,2026-08-09 20:00:00,6,2026-08-09 14:00:00,2026-08-09 20:00:00,6.0,Completed,2026-08-09
1363,615,62,2026-08-09,2026-08-09 09:00:00,2026-08-09 13:00:00,4,,,0.0,Cancelled - Client,2026-08-09
1364,585,16,2026-08-09,2026-08-09 09:00:00,2026-08-09 15:00:00,6,2026-08-09 09:00:00,2026-08-09 15:00:00,6.0,Completed,2026-08-09
1365,17,73,2026-08-09,2026-08-09 14:00:00,2026-08-10 02:00:00,12,2026-08-09 14:00:00,2026-08-10 02:00:00,12.0,Completed,2026-08-09
1366,14,10,2026-08-09,2026-08-09 22:00:00,2026-08-10 10:00:00,12,2026-08-09 22:00:00,2026-08-10 10:00:00,12.0,Completed,2026-08-09
1367,612,43,2026-08-09,2026-08-09 07:00:00,2026-08-09 19:00:00,12,2026-08-09 07:00:00,2026-08-09 19:00:00,12.0,Completed,2026-08-09
1368,519,89,2026-08-09,2026-08-09 08:00:00,2026-08-09 12:00:00,4,2026-08-09 08:00:00,2026-08-09 12:00:00,4.0,Completed,2026-08-09
1369,15,58,2026-08-09,2026-08-09 07:00:00,2026-08-09 13:00:00,6,,,0.0,Cancelled - Employee,2026-08-09
1370,598,86,2026-08-09,2026-08-09 15:00:00,2026-08-09 19:00:00,4,2026-08-09 15:00:00,2026-08-09 19:00:00,4.0,Completed,2026-08-09
1371,472,102,2026-08-10,2026-08-10 14:00:00,2026-08-11 02:00:00,12,2026-08-10 14:00:00,2026-08-11 02:00:00,12.0,Completed,2026-08-10
1372,509,81,2026-08-10,2026-08-10 09:00:00,2026-08-10 15:00:00,6,2026-08-10 09:00:00,2026-08-10 15:00:00,6.0,Completed,2026-08-10
1373,621,22,2026-08-10,2026-08-10 15:00:00,2026-08-10 19:00:00,4,2026-08-10 15:00:00,2026-08-10 19:00:00,4.0,Completed,2026-08-10
1374,607,17,2026-08-10,2026-08-10 06:00:00,2026-08-10 18:00:00,12,2026-08-10 06:00:00,2026-08-10 18:00:00,12.0,Completed,2026-08-10
1375,625,1,2026-08-10,2026-08-10 07:00:00,2026-08-10 15:00:00,8,2026-08-10 07:00:00,2026-08-10 15:00:00,8.0,Completed,2026-08-10
1376,616,85,2026-08-10,2026-08-10 09:00:00,2026-08-10 17:00:00,8,,,0.0,Cancelled - Employee,2026-08-10
1377,610,100,2026-08-10,2026-08-10 09:00:00,2026-08-10 13:00:00,4,2026-08-10 09:00:00,2026-08-10 13:00:00,4.0,Completed,2026-08-10
1378,614,55,2026-08-10,2026-08-10 15:00:00,2026-08-10 23:00:00,8,2026-08-10 15:00:00,2026-08-10 23:00:00,8.0,Completed,2026-08-10
1379,628,65,2026-08-10,2026-08-10 08:00:00,2026-08-10 20:00:00,12,2026-08-10 08:00:00,2026-08-10 20:00:00,12.0,Completed,2026-08-10
1380,626,39,2026-08-10,2026-08-10 07:00:00,2026-08-10 13:00:00,6,2026-08-10 07:00:00,2026-08-10 13:00:00,6.0,Completed,2026-08-10
1381,551,62,2026-08-10,2026-08-10 15:00:00,2026-08-10 19:00:00,4,2026-08-10 15:00:00,2026-08-10 19:00:00,4.0,Completed,2026-08-10
1382,440,59,2026-08-10,2026-08-10 14:00:00,2026-08-10 20:00:00,6,,,0.0,Cancelled - Client,2026-08-10
1383,608,57,2026-08-10,2026-08-10 22:00:00,2026-08-11 10:00:00,12,2026-08-10 22:00:00,2026-08-11 10:00:00,12.0,Completed,2026-08-10
1384,17,56,2026-08-10,2026-08-10 07:00:00,2026-08-10 13:00:00,6,2026-08-10 07:00:00,2026-08-10 13:00:00,6.0,Completed,2026-08-10
1385,528,61,2026-08-10,2026-08-10 14:00:00,2026-08-11 02:00:00,12,2026-08-10 14:00:00,2026-08-11 02:00:00,12.0,Completed,2026-08-10
1386,555,15,2026-08-10,2026-08-10 15:00:00,2026-08-10 19:00:00,4,2026-08-10 15:00:00,2026-08-10 19:00:00,4.0,Completed,2026-08-10
1387,536,79,2026-08-10,2026-08-10 09:00:00,2026-08-10 13:00:00,4,2026-08-10 09:00:00,2026-08-10 13:00:00,4.0,Completed,2026-08-10
1388,493,37,2026-08-10,2026-08-10 15:00:00,2026-08-11 03:00:00,12,2026-08-10 15:00:00,2026-08-11 03:00:00,12.0,Completed,2026-08-10
1389,26,101,2026-08-10,2026-08-10 15:00:00,2026-08-10 21:00:00,6,2026-08-10 15:00:00,2026-08-10 21:00:00,6.0,Completed,2026-08-10
1390,612,98,2026-08-10,2026-08-10 14:00:00,2026-08-10 22:00:00,8,2026-08-10 14:00:00,2026-08-10 22:00:00,8.0,Completed,2026-08-10
1391,20,93,2026-08-10,2026-08-10 15:00:00,2026-08-10 19:00:00,4,2026-08-10 15:00:00,2026-08-10 19:00:00,4.0,Completed,2026-08-10
1392,15,71,2026-08-10,2026-08-10 14:00:00,2026-08-10 18:00:00,4,2026-08-10 14:00:00,2026-08-10 18:00:00,4.0,Completed,2026-08-10
1393,560,45,2026-08-10,2026-08-10 08:00:00,2026-08-10 20:00:00,12,2026-08-10 08:00:00,2026-08-10 20:00:00,12.0,Completed,2026-08-10
1394,619,84,2026-08-10,2026-08-10 15:00:00,2026-08-10 19:00:00,4,2026-08-10 15:00:00,2026-08-10 19:00:00,4.0,Completed,2026-08-10
1395,495,52,2026-08-10,2026-08-10 07:00:00,2026-08-10 13:00:00,6,,,0.0,Cancelled - Employee,2026-08-10
1396,476,89,2026-08-10,2026-08-10 15:00:00,2026-08-10 21:00:00,6,2026-08-10 15:00:00,2026-08-10 21:00:00,6.0,Completed,2026-08-10
1397,572,76,2026-08-10,2026-08-10 09:00:00,2026-08-10 21:00:00,12,2026-08-10 09:00:00,2026-08-10 21:00:00,12.0,Completed,2026-08-10
1398,527,96,2026-08-10,2026-08-10 15:00:00,2026-08-11 03:00:00,12,,,,Scheduled,2026-08-10
1399,567,86,2026-08-10,2026-08-10 07:00:00,2026-08-10 13:00:00,6,2026-08-10 07:00:00,2026-08-10 13:00:00,6.0,Completed,2026-08-10
1400,520,5,2026-08-10,2026-08-10 15:00:00,2026-08-10 19:00:00,4,2026-08-10 15:00:00,2026-08-10 19:00:00,4.0,Completed,2026-08-10
1401,25,66,2026-08-10,2026-08-10 14:00:00,2026-08-10 18:00:00,4,2026-08-10 14:00:00,2026-08-10 18:00:00,4.0,Completed,2026-08-10
1402,596,40,2026-08-10,2026-08-10 22:00:00,2026-08-11 10:00:00,12,2026-08-10 22:00:00,2026-08-11 10:00:00,12.0,Completed,2026-08-10
1403,348,26,2026-08-10,2026-08-10 15:00:00,2026-08-10 23:00:00,8,2026-08-10 15:00:00,2026-08-10 23:00:00,8.0,Completed,2026-08-10
1404,585,73,2026-08-10,2026-08-10 15:00:00,2026-08-10 21:00:00,6,,,,Scheduled,2026-08-10
1405,511,49,2026-08-10,2026-08-10 08:00:00,2026-08-10 20:00:00,12,2026-08-10 08:00:00,2026-08-10 20:00:00,12.0,Completed,2026-08-10
1406,403,58,2026-08-10,2026-08-10 14:00:00,2026-08-10 20:00:00,6,2026-08-10 14:00:00,2026-08-10 20:00:00,6.0,Completed,2026-08-10
1407,630,16,2026-08-10,2026-08-10 15:00:00,2026-08-10 23:00:00,8,2026-08-10 15:00:00,2026-08-10 23:00:00,8.0,Completed,2026-08-10
1408,358,19,2026-08-10,2026-08-10 22:00:00,2026-08-11 10:00:00,12,2026-08-10 22:00:00,2026-08-11 10:00:00,12.0,Completed,2026-08-10
1409,582,75,2026-08-10,2026-08-10 14:00:00,2026-08-10 22:00:00,8,,,0.0,No-Show,2026-08-10
1410,597,92,2026-08-10,2026-08-10 14:00:00,2026-08-10 22:00:00,8,2026-08-10 14:00:00,2026-08-10 22:00:00,8.0,Completed,2026-08-10
1411,584,58,2026-08-11,2026-08-11 22:00:00,2026-08-12 04:00:00,6,2026-08-11 22:00:00,2026-08-12 04:00:00,6.0,Completed,2026-08-11
1412,565,59,2026-08-11,2026-08-11 22:00:00,2026-08-12 06:00:00,8,2026-08-11 22:00:00,2026-08-12 06:00:00,8.0,Completed,2026-08-11
1413,461,26,2026-08-11,2026-08-11 14:00:00,2026-08-11 22:00:00,8,2026-08-11 14:00:00,2026-08-11 22:00:00,8.0,Completed,2026-08-11
1414,550,55,2026-08-11,2026-08-11 22:00:00,2026-08-12 02:00:00,4,2026-08-11 22:00:00,2026-08-12 02:00:00,4.0,Completed,2026-08-11
1415,614,49,2026-08-11,2026-08-11 22:00:00,2026-08-12 02:00:00,4,2026-08-11 22:00:00,2026-08-12 02:00:00,4.0,Completed,2026-08-11
1416,30,89,2026-08-11,2026-08-11 14:00:00,2026-08-12 02:00:00,12,2026-08-11 14:00:00,2026-08-12 02:00:00,12.0,Completed,2026-08-11
1417,627,28,2026-08-11,2026-08-11 08:00:00,2026-08-11 14:00:00,6,2026-08-11 08:00:00,2026-08-11 14:00:00,6.0,Completed,2026-08-11
1418,26,17,2026-08-11,2026-08-11 14:00:00,2026-08-11 20:00:00,6,,,0.0,Cancelled - Employee,2026-08-11
1419,527,78,2026-08-11,2026-08-11 22:00:00,2026-08-12 10:00:00,12,2026-08-11 22:00:00,2026-08-12 10:00:00,12.0,Completed,2026-08-11
1420,621,56,2026-08-11,2026-08-11 07:00:00,2026-08-11 19:00:00,12,2026-08-11 07:00:00,2026-08-11 19:00:00,12.0,Completed,2026-08-11
1421,626,4,2026-08-11,2026-08-11 14:00:00,2026-08-11 22:00:00,8,2026-08-11 14:00:00,2026-08-11 22:00:00,8.0,Completed,2026-08-11
1422,11,66,2026-08-11,2026-08-11 09:00:00,2026-08-11 13:00:00,4,2026-08-11 09:00:00,2026-08-11 13:00:00,4.0,Completed,2026-08-11
1423,14,57,2026-08-11,2026-08-11 09:00:00,2026-08-11 21:00:00,12,2026-08-11 09:00:00,2026-08-11 21:00:00,12.0,Completed,2026-08-11
1424,625,1,2026-08-11,2026-08-11 06:00:00,2026-08-11 14:00:00,8,2026-08-11 06:00:00,2026-08-11 14:00:00,8.0,Completed,2026-08-11
1425,517,101,2026-08-11,2026-08-11 09:00:00,2026-08-11 15:00:00,6,2026-08-11 09:00:00,2026-08-11 15:00:00,6.0,Completed,2026-08-11
1426,394,5,2026-08-11,2026-08-11 09:00:00,2026-08-11 13:00:00,4,2026-08-11 09:00:00,2026-08-11 13:00:00,4.0,Completed,2026-08-11
1427,633,65,2026-08-11,2026-08-11 07:00:00,2026-08-11 11:00:00,4,2026-08-11 07:00:00,2026-08-11 11:00:00,4.0,Completed,2026-08-11
1428,535,16,2026-08-11,2026-08-11 07:00:00,2026-08-11 11:00:00,4,,,0.0,Cancelled - Employee,2026-08-11
1429,477,84,2026-08-11,2026-08-11 22:00:00,2026-08-12 02:00:00,4,,,,Scheduled,2026-08-11
1430,247,85,2026-08-11,2026-08-11 14:00:00,2026-08-11 22:00:00,8,2026-08-11 14:00:00,2026-08-11 22:00:00,8.0,Completed,2026-08-11
1431,546,61,2026-08-11,2026-08-11 07:00:00,2026-08-11 19:00:00,12,,,,Scheduled,2026-08-11
1432,22,82,2026-08-11,2026-08-11 22:00:00,2026-08-12 10:00:00,12,2026-08-11 22:00:00,2026-08-12 10:00:00,12.0,Completed,2026-08-11
1433,582,103,2026-08-11,2026-08-11 08:00:00,2026-08-11 14:00:00,6,2026-08-11 08:00:00,2026-08-11 14:00:00,6.0,Completed,2026-08-11
1434,519,53,2026-08-11,2026-08-11 06:00:00,2026-08-11 12:00:00,6,2026-08-11 06:00:00,2026-08-11 12:00:00,6.0,Completed,2026-08-11
1435,338,69,2026-08-11,2026-08-11 08:00:00,2026-08-11 14:00:00,6,2026-08-11 08:00:00,2026-08-11 14:00:00,6.0,Completed,2026-08-11
1436,607,51,2026-08-11,2026-08-11 06:00:00,2026-08-11 10:00:00,4,2026-08-11 06:00:00,2026-08-11 10:00:00,4.0,Completed,2026-08-11
1437,502,100,2026-08-11,2026-08-11 14:00:00,2026-08-11 20:00:00,6,2026-08-11 14:00:00,2026-08-11 20:00:00,6.0,Completed,2026-08-11
1438,597,40,2026-08-11,2026-08-11 07:00:00,2026-08-11 13:00:00,6,2026-08-11 07:00:00,2026-08-11 13:00:00,6.0,Completed,2026-08-11
1439,536,79,2026-08-11,2026-08-11 15:00:00,2026-08-11 19:00:00,4,2026-08-11 15:00:00,2026-08-11 19:00:00,4.0,Completed,2026-08-11
1440,493,71,2026-08-11,2026-08-11 15:00:00,2026-08-11 21:00:00,6,2026-08-11 15:00:00,2026-08-11 21:00:00,6.0,Completed,2026-08-11
1441,308,104,2026-08-11,2026-08-11 08:00:00,2026-08-11 20:00:00,12,2026-08-11 08:00:00,2026-08-11 20:00:00,12.0,Completed,2026-08-11
1442,599,52,2026-08-11,2026-08-11 06:00:00,2026-08-11 10:00:00,4,2026-08-11 06:00:00,2026-08-11 10:00:00,4.0,Completed,2026-08-11
1443,10,45,2026-08-11,2026-08-11 09:00:00,2026-08-11 13:00:00,4,2026-08-11 09:00:00,2026-08-11 13:00:00,4.0,Completed,2026-08-11
1444,498,62,2026-08-11,2026-08-11 09:00:00,2026-08-11 17:00:00,8,2026-08-11 09:00:00,2026-08-11 17:00:00,8.0,Completed,2026-08-11
1445,545,72,2026-08-11,2026-08-11 07:00:00,2026-08-11 11:00:00,4,2026-08-11 07:00:00,2026-08-11 11:00:00,4.0,Completed,2026-08-11
1446,576,97,2026-08-11,2026-08-11 15:00:00,2026-08-12 03:00:00,12,2026-08-11 15:00:00,2026-08-12 03:00:00,12.0,Completed,2026-08-11
1447,608,43,2026-08-11,2026-08-11 06:00:00,2026-08-11 12:00:00,6,,,,Scheduled,2026-08-11
1448,585,15,2026-08-11,2026-08-11 15:00:00,2026-08-11 23:00:00,8,2026-08-11 15:00:00,2026-08-11 23:00:00,8.0,Completed,2026-08-11
1449,428,19,2026-08-11,2026-08-11 08:00:00,2026-08-11 14:00:00,6,2026-08-11 08:00:00,2026-08-11 14:00:00,6.0,Completed,2026-08-11
1450,15,99,2026-08-12,2026-08-12 22:00:00,2026-08-13 04:00:00,6,2026-08-12 22:00:00,2026-08-13 04:00:00,6.0,Completed,2026-08-12
1451,615,43,2026-08-12,2026-08-12 07:00:00,2026-08-12 11:00:00,4,2026-08-12 07:00:00,2026-08-12 11:00:00,4.0,Completed,2026-08-12
1452,5,1,2026-08-12,2026-08-12 08:00:00,2026-08-12 14:00:00,6,2026-08-12 08:00:00,2026-08-12 14:00:00,6.0,Completed,2026-08-12
1453,30,86,2026-08-12,2026-08-12 06:00:00,2026-08-12 18:00:00,12,2026-08-12 06:00:00,2026-08-12 18:00:00,12.0,Completed,2026-08-12
1454,532,66,2026-08-12,2026-08-12 22:00:00,2026-08-13 10:00:00,12,2026-08-12 22:00:00,2026-08-13 10:00:00,12.0,Completed,2026-08-12
1455,546,19,2026-08-12,2026-08-12 14:00:00,2026-08-12 20:00:00,6,2026-08-12 14:00:00,2026-08-12 20:00:00,6.0,Completed,2026-08-12
1456,614,16,2026-08-12,2026-08-12 06:00:00,2026-08-12 12:00:00,6,2026-08-12 06:00:00,2026-08-12 12:00:00,6.0,Completed,2026-08-12
1457,632,101,2026-08-12,2026-08-12 07:00:00,2026-08-12 15:00:00,8,2026-08-12 07:00:00,2026-08-12 15:00:00,8.0,Completed,2026-08-12
1458,597,34,2026-08-12,2026-08-12 14:00:00,2026-08-12 22:00:00,8,2026-08-12 14:00:00,2026-08-12 22:00:00,8.0,Completed,2026-08-12
1459,550,4,2026-08-12,2026-08-12 07:00:00,2026-08-12 19:00:00,12,2026-08-12 07:00:00,2026-08-12 19:00:00,12.0,Completed,2026-08-12
1460,505,17,2026-08-12,2026-08-12 08:00:00,2026-08-12 16:00:00,8,2026-08-12 08:00:00,2026-08-12 16:00:00,8.0,Completed,2026-08-12
1461,625,55,2026-08-12,2026-08-12 22:00:00,2026-08-13 02:00:00,4,2026-08-12 22:00:00,2026-08-13 02:00:00,4.0,Completed,2026-08-12
1462,582,74,2026-08-12,2026-08-12 14:00:00,2026-08-12 20:00:00,6,2026-08-12 14:00:00,2026-08-12 20:00:00,6.0,Completed,2026-08-12
1463,14,61,2026-08-12,2026-08-12 06:00:00,2026-08-12 18:00:00,12,2026-08-12 06:00:00,2026-08-12 18:00:00,12.0,Completed,2026-08-12
1464,598,52,2026-08-12,2026-08-12 22:00:00,2026-08-13 10:00:00,12,2026-08-12 22:00:00,2026-08-13 10:00:00,12.0,Completed,2026-08-12
1465,545,98,2026-08-12,2026-08-12 09:00:00,2026-08-12 15:00:00,6,,,0.0,Cancelled - Client,2026-08-12
1466,588,79,2026-08-12,2026-08-12 14:00:00,2026-08-13 02:00:00,12,2026-08-12 14:00:00,2026-08-13 02:00:00,12.0,Completed,2026-08-12
1467,621,5,2026-08-12,2026-08-12 06:00:00,2026-08-12 14:00:00,8,,,0.0,Cancelled - Client,2026-08-12
1468,18,100,2026-08-12,2026-08-12 07:00:00,2026-08-12 15:00:00,8,2026-08-12 07:00:00,2026-08-12 15:00:00,8.0,Completed,2026-08-12
1469,579,45,2026-08-12,2026-08-12 08:00:00,2026-08-12 12:00:00,4,2026-08-12 08:00:00,2026-08-12 12:00:00,4.0,Completed,2026-08-12
1470,456,80,2026-08-12,2026-08-12 15:00:00,2026-08-12 19:00:00,4,2026-08-12 15:00:00,2026-08-12 19:00:00,4.0,Completed,2026-08-12
1471,502,26,2026-08-12,2026-08-12 06:00:00,2026-08-12 10:00:00,4,2026-08-12 06:00:00,2026-08-12 10:00:00,4.0,Completed,2026-08-12
1472,612,105,2026-08-12,2026-08-12 09:00:00,2026-08-12 17:00:00,8,,,,Scheduled,2026-08-12
1473,623,106,2026-08-12,2026-08-12 08:00:00,2026-08-12 14:00:00,6,2026-08-12 08:00:00,2026-08-12 14:00:00,6.0,Completed,2026-08-12
1474,491,40,2026-08-12,2026-08-12 22:00:00,2026-08-13 10:00:00,12,,,0.0,Cancelled - Employee,2026-08-12
1475,616,85,2026-08-12,2026-08-12 22:00:00,2026-08-13 10:00:00,12,2026-08-12 22:00:00,2026-08-13 10:00:00,12.0,Completed,2026-08-12
1476,635,6,2026-08-12,2026-08-12 15:00:00,2026-08-13 03:00:00,12,2026-08-12 15:00:00,2026-08-13 03:00:00,12.0,Completed,2026-08-12
1477,630,56,2026-08-12,2026-08-12 06:00:00,2026-08-12 12:00:00,6,2026-08-12 06:00:00,2026-08-12 12:00:00,6.0,Completed,2026-08-12
1478,440,104,2026-08-12,2026-08-12 08:00:00,2026-08-12 14:00:00,6,2026-08-12 08:00:00,2026-08-12 14:00:00,6.0,Completed,2026-08-12
1479,610,71,2026-08-12,2026-08-12 22:00:00,2026-08-13 10:00:00,12,2026-08-12 22:00:00,2026-08-13 10:00:00,12.0,Completed,2026-08-12
1480,25,15,2026-08-12,2026-08-12 09:00:00,2026-08-12 21:00:00,12,2026-08-12 09:00:00,2026-08-12 21:00:00,12.0,Completed,2026-08-12
1481,477,58,2026-08-12,2026-08-12 08:00:00,2026-08-12 16:00:00,8,,,,Scheduled,2026-08-12
1482,555,49,2026-08-12,2026-08-12 06:00:00,2026-08-12 10:00:00,4,,,0.0,Cancelled - Employee,2026-08-12
1483,428,65,2026-08-12,2026-08-12 22:00:00,2026-08-13 04:00:00,6,,,,Scheduled,2026-08-12
1484,338,89,2026-08-12,2026-08-12 07:00:00,2026-08-12 19:00:00,12,2026-08-12 07:00:00,2026-08-12 19:00:00,12.0,Completed,2026-08-12
1485,633,72,2026-08-12,2026-08-12 14:00:00,2026-08-12 18:00:00,4,,,0.0,Cancelled - Employee,2026-08-12
1486,394,95,2026-08-12,2026-08-12 09:00:00,2026-08-12 13:00:00,4,2026-08-12 09:00:00,2026-08-12 13:00:00,4.0,Completed,2026-08-12
1487,584,58,2026-08-13,2026-08-13 22:00:00,2026-08-14 10:00:00,12,2026-08-13 22:00:00,2026-08-14 10:00:00,12.0,Completed,2026-08-13
1488,546,72,2026-08-13,2026-08-13 15:00:00,2026-08-13 23:00:00,8,,,0.0,Cancelled - Client,2026-08-13
1489,537,40,2026-08-13,2026-08-13 06:00:00,2026-08-13 10:00:00,4,2026-08-13 06:00:00,2026-08-13 10:00:00,4.0,Completed,2026-08-13
1490,602,104,2026-08-13,2026-08-13 15:00:00,2026-08-13 23:00:00,8,2026-08-13 15:00:00,2026-08-13 23:00:00,8.0,Completed,2026-08-13
1491,403,87,2026-08-13,2026-08-13 14:00:00,2026-08-13 22:00:00,8,2026-08-13 14:00:00,2026-08-13 22:00:00,8.0,Completed,2026-08-13
1492,626,66,2026-08-13,2026-08-13 08:00:00,2026-08-13 20:00:00,12,2026-08-13 08:00:00,2026-08-13 20:00:00,12.0,Completed,2026-08-13
1493,585,5,2026-08-13,2026-08-13 08:00:00,2026-08-13 14:00:00,6,2026-08-13 08:00:00,2026-08-13 14:00:00,6.0,Completed,2026-08-13
1494,627,101,2026-08-13,2026-08-13 09:00:00,2026-08-13 15:00:00,6,2026-08-13 09:00:00,2026-08-13 15:00:00,6.0,Completed,2026-08-13
1495,616,76,2026-08-13,2026-08-13 08:00:00,2026-08-13 14:00:00,6,2026-08-13 08:00:00,2026-08-13 14:00:00,6.0,Completed,2026-08-13
1496,599,41,2026-08-13,2026-08-13 22:00:00,2026-08-14 04:00:00,6,2026-08-13 22:00:00,2026-08-14 04:00:00,6.0,Completed,2026-08-13
1497,632,28,2026-08-13,2026-08-13 08:00:00,2026-08-13 20:00:00,12,2026-08-13 08:00:00,2026-08-13 20:00:00,12.0,Completed,2026-08-13
1498,394,15,2026-08-13,2026-08-13 06:00:00,2026-08-13 12:00:00,6,2026-08-13 06:00:00,2026-08-13 12:00:00,6.0,Completed,2026-08-13
1499,576,62,2026-08-13,2026-08-13 07:00:00,2026-08-13 13:00:00,6,2026-08-13 07:00:00,2026-08-13 13:00:00,6.0,Completed,2026-08-13
1500,10,106,2026-08-13,2026-08-13 22:00:00,2026-08-14 10:00:00,12,2026-08-13 22:00:00,2026-08-14 10:00:00,12.0,Completed,2026-08-13
1501,9,26,2026-08-13,2026-08-13 15:00:00,2026-08-14 03:00:00,12,,,0.0,Cancelled - Client,2026-08-13
1502,498,19,2026-08-13,2026-08-13 14:00:00,2026-08-13 20:00:00,6,2026-08-13 14:00:00,2026-08-13 20:00:00,6.0,Completed,2026-08-13
1503,520,1,2026-08-13,2026-08-13 08:00:00,2026-08-13 14:00:00,6,,,0.0,Cancelled - Client,2026-08-13
1504,615,97,2026-08-13,2026-08-13 15:00:00,2026-08-13 21:00:00,6,2026-08-13 15:00:00,2026-08-13 21:00:00,6.0,Completed,2026-08-13
1505,636,53,2026-08-13,2026-08-13 06:00:00,2026-08-13 12:00:00,6,2026-08-13 06:00:00,2026-08-13 12:00:00,6.0,Completed,2026-08-13
1506,14,85,2026-08-13,2026-08-13 06:00:00,2026-08-13 18:00:00,12,2026-08-13 06:00:00,2026-08-13 18:00:00,12.0,Completed,2026-08-13
1507,517,78,2026-08-13,2026-08-13 14:00:00,2026-08-13 20:00:00,6,2026-08-13 14:00:00,2026-08-13 20:00:00,6.0,Completed,2026-08-13
1508,596,45,2026-08-13,2026-08-13 06:00:00,2026-08-13 18:00:00,12,,,0.0,Cancelled - Employee,2026-08-13
1509,635,71,2026-08-13,2026-08-13 14:00:00,2026-08-13 22:00:00,8,2026-08-13 14:00:00,2026-08-13 22:00:00,8.0,Completed,2026-08-13
1510,535,56,2026-08-13,2026-08-13 22:00:00,2026-08-14 06:00:00,8,,,0.0,No-Show,2026-08-13
1511,551,43,2026-08-13,2026-08-13 22:00:00,2026-08-14 02:00:00,4,2026-08-13 22:00:00,2026-08-14 02:00:00,4.0,Completed,2026-08-13
1512,5,55,2026-08-13,2026-08-13 08:00:00,2026-08-13 20:00:00,12,2026-08-13 08:00:00,2026-08-13 20:00:00,12.0,Completed,2026-08-13
1513,493,84,2026-08-13,2026-08-13 07:00:00,2026-08-13 13:00:00,6,2026-08-13 07:00:00,2026-08-13 13:00:00,6.0,Completed,2026-08-13
1514,545,105,2026-08-13,2026-08-13 07:00:00,2026-08-13 11:00:00,4,2026-08-13 07:00:00,2026-08-13 11:00:00,4.0,Completed,2026-08-13
1515,20,4,2026-08-13,2026-08-13 15:00:00,2026-08-14 03:00:00,12,2026-08-13 15:00:00,2026-08-14 03:00:00,12.0,Completed,2026-08-13
1516,22,107,2026-08-13,2026-08-13 06:00:00,2026-08-13 10:00:00,4,2026-08-13 06:00:00,2026-08-13 10:00:00,4.0,Completed,2026-08-13
1517,519,70,2026-08-13,2026-08-13 14:00:00,2026-08-13 22:00:00,8,2026-08-13 14:00:00,2026-08-13 22:00:00,8.0,Completed,2026-08-13
1518,536,17,2026-08-13,2026-08-13 07:00:00,2026-08-13 13:00:00,6,2026-08-13 07:00:00,2026-08-13 13:00:00,6.0,Completed,2026-08-13
1519,349,79,2026-08-13,2026-08-13 15:00:00,2026-08-13 21:00:00,6,2026-08-13 15:00:00,2026-08-13 21:00:00,6.0,Completed,2026-08-13
1520,598,89,2026-08-13,2026-08-13 06:00:00,2026-08-13 14:00:00,8,2026-08-13 06:00:00,2026-08-13 14:00:00,8.0,Completed,2026-08-13
1521,579,92,2026-08-13,2026-08-13 06:00:00,2026-08-13 10:00:00,4,,,0.0,Cancelled - Employee,2026-08-13
1522,542,22,2026-08-13,2026-08-13 14:00:00,2026-08-14 02:00:00,12,2026-08-13 14:00:00,2026-08-14 02:00:00,12.0,Completed,2026-08-13
1523,528,61,2026-08-13,2026-08-13 14:00:00,2026-08-13 22:00:00,8,2026-08-13 14:00:00,2026-08-13 22:00:00,8.0,Completed,2026-08-13
1524,630,16,2026-08-13,2026-08-13 07:00:00,2026-08-13 19:00:00,12,2026-08-13 07:00:00,2026-08-13 19:00:00,12.0,Completed,2026-08-13
1525,621,93,2026-08-13,2026-08-13 07:00:00,2026-08-13 13:00:00,6,2026-08-13 07:00:00,2026-08-13 13:00:00,6.0,Completed,2026-08-13
1526,247,65,2026-08-13,2026-08-13 14:00:00,2026-08-14 02:00:00,12,,,0.0,No-Show,2026-08-13
1527,458,52,2026-08-13,2026-08-13 09:00:00,2026-08-13 13:00:00,4,2026-08-13 09:00:00,2026-08-13 13:00:00,4.0,Completed,2026-08-13
1528,612,57,2026-08-13,2026-08-13 22:00:00,2026-08-14 02:00:00,4,2026-08-13 22:00:00,2026-08-14 02:00:00,4.0,Completed,2026-08-13
1529,588,74,2026-08-13,2026-08-13 07:00:00,2026-08-13 19:00:00,12,,,0.0,Cancelled - Client,2026-08-13
1530,535,5,2026-08-14,2026-08-14 15:00:00,2026-08-14 19:00:00,4,2026-08-14 15:00:00,2026-08-14 19:00:00,4.0,Completed,2026-08-14
1531,527,21,2026-08-14,2026-08-14 14:00:00,2026-08-15 02:00:00,12,2026-08-14 14:00:00,2026-08-15 02:00:00,12.0,Completed,2026-08-14
1532,619,102,2026-08-14,2026-08-14 07:00:00,2026-08-14 13:00:00,6,,,0.0,Cancelled - Client,2026-08-14
1533,576,108,2026-08-14,2026-08-14 22:00:00,2026-08-15 04:00:00,6,2026-08-14 22:00:00,2026-08-15 04:00:00,6.0,Completed,2026-08-14
1534,487,86,2026-08-14,2026-08-14 14:00:00,2026-08-14 18:00:00,4,2026-08-14 14:00:00,2026-08-14 18:00:00,4.0,Completed,2026-08-14
1535,621,55,2026-08-14,2026-08-14 08:00:00,2026-08-14 14:00:00,6,2026-08-14 08:00:00,2026-08-14 14:00:00,6.0,Completed,2026-08-14
1536,395,106,2026-08-14,2026-08-14 06:00:00,2026-08-14 10:00:00,4,2026-08-14 06:00:00,2026-08-14 10:00:00,4.0,Completed,2026-08-14
1537,5,16,2026-08-14,2026-08-14 15:00:00,2026-08-14 21:00:00,6,,,0.0,Cancelled - Employee,2026-08-14
1538,624,82,2026-08-14,2026-08-14 07:00:00,2026-08-14 13:00:00,6,,,0.0,Cancelled - Employee,2026-08-14
1539,588,17,2026-08-14,2026-08-14 07:00:00,2026-08-14 11:00:00,4,2026-08-14 07:00:00,2026-08-14 11:00:00,4.0,Completed,2026-08-14
1540,17,95,2026-08-14,2026-08-14 07:00:00,2026-08-14 13:00:00,6,2026-08-14 07:00:00,2026-08-14 13:00:00,6.0,Completed,2026-08-14
1541,630,73,2026-08-14,2026-08-14 14:00:00,2026-08-14 18:00:00,4,,,0.0,Cancelled - Client,2026-08-14
1542,616,85,2026-08-14,2026-08-14 08:00:00,2026-08-14 20:00:00,12,,,0.0,Cancelled - Employee,2026-08-14
1543,545,98,2026-08-14,2026-08-14 07:00:00,2026-08-14 13:00:00,6,2026-08-14 07:00:00,2026-08-14 13:00:00,6.0,Completed,2026-08-14
1544,615,43,2026-08-14,2026-08-14 14:00:00,2026-08-14 18:00:00,4,2026-08-14 14:00:00,2026-08-14 18:00:00,4.0,Completed,2026-08-14
1545,550,56,2026-08-14,2026-08-14 07:00:00,2026-08-14 11:00:00,4,,,0.0,Cancelled - Client,2026-08-14
1546,517,7,2026-08-14,2026-08-14 06:00:00,2026-08-14 14:00:00,8,,,,Scheduled,2026-08-14
1547,26,103,2026-08-14,2026-08-14 08:00:00,2026-08-14 20:00:00,12,,,0.0,Cancelled - Employee,2026-08-14
1548,12,87,2026-08-14,2026-08-14 07:00:00,2026-08-14 19:00:00,12,2026-08-14 07:00:00,2026-08-14 19:00:00,12.0,Completed,2026-08-14
1549,608,105,2026-08-14,2026-08-14 08:00:00,2026-08-14 14:00:00,6,2026-08-14 08:00:00,2026-08-14 14:00:00,6.0,Completed,2026-08-14
1550,555,49,2026-08-14,2026-08-14 22:00:00,2026-08-15 02:00:00,4,2026-08-14 22:00:00,2026-08-15 02:00:00,4.0,Completed,2026-08-14
1551,403,60,2026-08-14,2026-08-14 08:00:00,2026-08-14 16:00:00,8,2026-08-14 08:00:00,2026-08-14 16:00:00,8.0,Completed,2026-08-14
1552,505,104,2026-08-14,2026-08-14 14:00:00,2026-08-14 18:00:00,4,2026-08-14 14:00:00,2026-08-14 18:00:00,4.0,Completed,2026-08-14
1553,436,19,2026-08-14,2026-08-14 09:00:00,2026-08-14 15:00:00,6,,,,Scheduled,2026-08-14
1554,20,4,2026-08-14,2026-08-14 08:00:00,2026-08-14 16:00:00,8,2026-08-14 08:00:00,2026-08-14 16:00:00,8.0,Completed,2026-08-14
1555,528,72,2026-08-14,2026-08-14 14:00:00,2026-08-14 20:00:00,6,2026-08-14 14:00:00,2026-08-14 20:00:00,6.0,Completed,2026-08-14
1556,29,76,2026-08-14,2026-08-14 14:00:00,2026-08-14 18:00:00,4,2026-08-14 14:00:00,2026-08-14 18:00:00,4.0,Completed,2026-08-14
1557,596,52,2026-08-14,2026-08-14 06:00:00,2026-08-14 14:00:00,8,2026-08-14 06:00:00,2026-08-14 14:00:00,8.0,Completed,2026-08-14
1558,440,101,2026-08-14,2026-08-14 15:00:00,2026-08-14 21:00:00,6,2026-08-14 15:00:00,2026-08-14 21:00:00,6.0,Completed,2026-08-14
1559,419,36,2026-08-14,2026-08-14 09:00:00,2026-08-14 15:00:00,6,2026-08-14 09:00:00,2026-08-14 15:00:00,6.0,Completed,2026-08-14
1560,551,97,2026-08-14,2026-08-14 14:00:00,2026-08-15 02:00:00,12,,,,Scheduled,2026-08-14
1561,14,10,2026-08-14,2026-08-14 09:00:00,2026-08-14 17:00:00,8,2026-08-14 09:00:00,2026-08-14 17:00:00,8.0,Completed,2026-08-14
1562,610,38,2026-08-14,2026-08-14 14:00:00,2026-08-14 20:00:00,6,2026-08-14 14:00:00,2026-08-14 20:00:00,6.0,Completed,2026-08-14
1563,428,65,2026-08-14,2026-08-14 15:00:00,2026-08-14 23:00:00,8,2026-08-14 15:00:00,2026-08-14 23:00:00,8.0,Completed,2026-08-14
1564,637,79,2026-08-14,2026-08-14 14:00:00,2026-08-14 20:00:00,6,2026-08-14 14:00:00,2026-08-14 20:00:00,6.0,Completed,2026-08-14
1565,564,107,2026-08-14,2026-08-14 09:00:00,2026-08-14 21:00:00,12,,,0.0,No-Show,2026-08-14
1566,635,84,2026-08-14,2026-08-14 14:00:00,2026-08-14 20:00:00,6,2026-08-14 14:00:00,2026-08-14 20:00:00,6.0,Completed,2026-08-14
1567,626,1,2026-08-14,2026-08-14 14:00:00,2026-08-14 22:00:00,8,2026-08-14 14:00:00,2026-08-14 22:00:00,8.0,Completed,2026-08-14
1568,629,61,2026-08-14,2026-08-14 07:00:00,2026-08-14 19:00:00,12,2026-08-14 07:00:00,2026-08-14 19:00:00,12.0,Completed,2026-08-14
1569,25,15,2026-08-14,2026-08-14 22:00:00,2026-08-15 02:00:00,4,,,0.0,No-Show,2026-08-14
1570,598,45,2026-08-14,2026-08-14 14:00:00,2026-08-14 22:00:00,8,2026-08-14 14:00:00,2026-08-14 22:00:00,8.0,Completed,2026-08-14
1571,495,40,2026-08-14,2026-08-14 06:00:00,2026-08-14 10:00:00,4,2026-08-14 06:00:00,2026-08-14 10:00:00,4.0,Completed,2026-08-14
1572,585,66,2026-08-14,2026-08-14 09:00:00,2026-08-14 17:00:00,8,2026-08-14 09:00:00,2026-08-14 17:00:00,8.0,Completed,2026-08-14
1573,502,26,2026-08-14,2026-08-14 14:00:00,2026-08-14 20:00:00,6,2026-08-14 14:00:00,2026-08-14 20:00:00,6.0,Completed,2026-08-14
1574,358,57,2026-08-14,2026-08-14 08:00:00,2026-08-14 14:00:00,6,2026-08-14 08:00:00,2026-08-14 14:00:00,6.0,Completed,2026-08-14
1575,15,58,2026-08-14,2026-08-14 07:00:00,2026-08-14 13:00:00,6,2026-08-14 07:00:00,2026-08-14 13:00:00,6.0,Completed,2026-08-14
1576,536,78,2026-08-14,2026-08-14 09:00:00,2026-08-14 15:00:00,6,2026-08-14 09:00:00,2026-08-14 15:00:00,6.0,Completed,2026-08-14
1577,535,5,2026-08-15,2026-08-15 06:00:00,2026-08-15 14:00:00,8,2026-08-15 06:00:00,2026-08-15 14:00:00,8.0,Completed,2026-08-15
1578,528,19,2026-08-15,2026-08-15 22:00:00,2026-08-16 10:00:00,12,2026-08-15 22:00:00,2026-08-16 10:00:00,12.0,Completed,2026-08-15
1579,632,78,2026-08-15,2026-08-15 22:00:00,2026-08-16 02:00:00,4,2026-08-15 22:00:00,2026-08-16 02:00:00,4.0,Completed,2026-08-15
1580,498,65,2026-08-15,2026-08-15 22:00:00,2026-08-16 10:00:00,12,2026-08-15 22:00:00,2026-08-16 10:00:00,12.0,Completed,2026-08-15
1581,536,104,2026-08-15,2026-08-15 22:00:00,2026-08-16 02:00:00,4,2026-08-15 22:00:00,2026-08-16 02:00:00,4.0,Completed,2026-08-15
1582,29,61,2026-08-15,2026-08-15 08:00:00,2026-08-15 20:00:00,12,2026-08-15 08:00:00,2026-08-15 20:00:00,12.0,Completed,2026-08-15
1583,472,107,2026-08-15,2026-08-15 07:00:00,2026-08-15 15:00:00,8,,,0.0,Cancelled - Client,2026-08-15
1584,627,103,2026-08-15,2026-08-15 14:00:00,2026-08-15 20:00:00,6,2026-08-15 14:00:00,2026-08-15 20:00:00,6.0,Completed,2026-08-15
1585,14,85,2026-08-15,2026-08-15 15:00:00,2026-08-16 03:00:00,12,,,,Scheduled,2026-08-15
1586,395,106,2026-08-15,2026-08-15 15:00:00,2026-08-16 03:00:00,12,2026-08-15 15:00:00,2026-08-16 03:00:00,12.0,Completed,2026-08-15
1587,555,1,2026-08-15,2026-08-15 09:00:00,2026-08-15 17:00:00,8,2026-08-15 09:00:00,2026-08-15 17:00:00,8.0,Completed,2026-08-15
1588,308,28,2026-08-15,2026-08-15 06:00:00,2026-08-15 18:00:00,12,2026-08-15 06:00:00,2026-08-15 18:00:00,12.0,Completed,2026-08-15
1589,585,73,2026-08-15,2026-08-15 22:00:00,2026-08-16 10:00:00,12,2026-08-15 22:00:00,2026-08-16 10:00:00,12.0,Completed,2026-08-15
1590,394,15,2026-08-15,2026-08-15 06:00:00,2026-08-15 10:00:00,4,2026-08-15 06:00:00,2026-08-15 10:00:00,4.0,Completed,2026-08-15
1591,509,79,2026-08-15,2026-08-15 08:00:00,2026-08-15 16:00:00,8,2026-08-15 08:00:00,2026-08-15 16:00:00,8.0,Completed,2026-08-15
1592,456,100,2026-08-15,2026-08-15 07:00:00,2026-08-15 15:00:00,8,2026-08-15 07:00:00,2026-08-15 15:00:00,8.0,Completed,2026-08-15
1593,610,6,2026-08-15,2026-08-15 06:00:00,2026-08-15 10:00:00,4,2026-08-15 06:00:00,2026-08-15 10:00:00,4.0,Completed,2026-08-15
1594,10,40,2026-08-15,2026-08-15 07:00:00,2026-08-15 15:00:00,8,,,0.0,No-Show,2026-08-15
1595,625,95,2026-08-15,2026-08-15 07:00:00,2026-08-15 11:00:00,4,2026-08-15 07:00:00,2026-08-15 11:00:00,4.0,Completed,2026-08-15
1596,588,96,2026-08-15,2026-08-15 14:00:00,2026-08-16 02:00:00,12,2026-08-15 14:00:00,2026-08-16 02:00:00,12.0,Completed,2026-08-15
1597,502,80,2026-08-15,2026-08-15 14:00:00,2026-08-15 22:00:00,8,,,0.0,Cancelled - Client,2026-08-15
1598,491,89,2026-08-15,2026-08-15 15:00:00,2026-08-15 19:00:00,4,2026-08-15 15:00:00,2026-08-15 19:00:00,4.0,Completed,2026-08-15
1599,613,34,2026-08-15,2026-08-15 15:00:00,2026-08-15 21:00:00,6,2026-08-15 15:00:00,2026-08-15 21:00:00,6.0,Completed,2026-08-15
1600,517,17,2026-08-15,2026-08-15 07:00:00,2026-08-15 11:00:00,4,2026-08-15 07:00:00,2026-08-15 11:00:00,4.0,Completed,2026-08-15
1601,576,62,2026-08-15,2026-08-15 06:00:00,2026-08-15 18:00:00,12,2026-08-15 06:00:00,2026-08-15 18:00:00,12.0,Completed,2026-08-15
1602,329,92,2026-08-15,2026-08-15 15:00:00,2026-08-15 23:00:00,8,2026-08-15 15:00:00,2026-08-15 23:00:00,8.0,Completed,2026-08-15
1603,25,93,2026-08-15,2026-08-15 15:00:00,2026-08-15 23:00:00,8,2026-08-15 15:00:00,2026-08-15 23:00:00,8.0,Completed,2026-08-15
1604,551,108,2026-08-15,2026-08-15 09:00:00,2026-08-15 21:00:00,12,2026-08-15 09:00:00,2026-08-15 21:00:00,12.0,Completed,2026-08-15
1605,419,26,2026-08-15,2026-08-15 06:00:00,2026-08-15 18:00:00,12,2026-08-15 06:00:00,2026-08-15 18:00:00,12.0,Completed,2026-08-15
1606,592,45,2026-08-15,2026-08-15 09:00:00,2026-08-15 17:00:00,8,2026-08-15 09:00:00,2026-08-15 17:00:00,8.0,Completed,2026-08-15
1607,403,58,2026-08-15,2026-08-15 22:00:00,2026-08-16 10:00:00,12,2026-08-15 22:00:00,2026-08-16 10:00:00,12.0,Completed,2026-08-15
1608,616,76,2026-08-15,2026-08-15 22:00:00,2026-08-16 04:00:00,6,2026-08-15 22:00:00,2026-08-16 04:00:00,6.0,Completed,2026-08-15
1609,630,4,2026-08-15,2026-08-15 08:00:00,2026-08-15 16:00:00,8,2026-08-15 08:00:00,2026-08-15 16:00:00,8.0,Completed,2026-08-15
1610,633,72,2026-08-15,2026-08-15 22:00:00,2026-08-16 06:00:00,8,2026-08-15 22:00:00,2026-08-16 06:00:00,8.0,Completed,2026-08-15
1611,626,55,2026-08-15,2026-08-15 07:00:00,2026-08-15 15:00:00,8,2026-08-15 07:00:00,2026-08-15 15:00:00,8.0,Completed,2026-08-15
1612,527,59,2026-08-15,2026-08-15 14:00:00,2026-08-15 20:00:00,6,2026-08-15 14:00:00,2026-08-15 20:00:00,6.0,Completed,2026-08-15
1613,600,86,2026-08-15,2026-08-15 07:00:00,2026-08-15 19:00:00,12,2026-08-15 07:00:00,2026-08-15 19:00:00,12.0,Completed,2026-08-15
1614,520,56,2026-08-15,2026-08-15 08:00:00,2026-08-15 16:00:00,8,2026-08-15 08:00:00,2026-08-15 16:00:00,8.0,Completed,2026-08-15
1615,542,66,2026-08-15,2026-08-15 07:00:00,2026-08-15 13:00:00,6,2026-08-15 07:00:00,2026-08-15 13:00:00,6.0,Completed,2026-08-15
1616,550,16,2026-08-15,2026-08-15 06:00:00,2026-08-15 14:00:00,8,,,0.0,No-Show,2026-08-15
1617,358,57,2026-08-15,2026-08-15 22:00:00,2026-08-16 04:00:00,6,2026-08-15 22:00:00,2026-08-16 04:00:00,6.0,Completed,2026-08-15
1618,641,52,2026-08-15,2026-08-15 14:00:00,2026-08-16 02:00:00,12,2026-08-15 14:00:00,2026-08-16 02:00:00,12.0,Completed,2026-08-15
1619,612,65,2026-08-16,2026-08-16 15:00:00,2026-08-16 19:00:00,4,2026-08-16 15:00:00,2026-08-16 19:00:00,4.0,Completed,2026-08-16
1620,614,66,2026-08-16,2026-08-16 15:00:00,2026-08-16 19:00:00,4,,,0.0,No-Show,2026-08-16
1621,537,45,2026-08-16,2026-08-16 22:00:00,2026-08-17 02:00:00,4,2026-08-16 22:00:00,2026-08-17 02:00:00,4.0,Completed,2026-08-16
1622,546,85,2026-08-16,2026-08-16 22:00:00,2026-08-17 10:00:00,12,2026-08-16 22:00:00,2026-08-17 10:00:00,12.0,Completed,2026-08-16
1623,17,64,2026-08-16,2026-08-16 07:00:00,2026-08-16 19:00:00,12,2026-08-16 07:00:00,2026-08-16 19:00:00,12.0,Completed,2026-08-16
1624,247,108,2026-08-16,2026-08-16 07:00:00,2026-08-16 13:00:00,6,2026-08-16 07:00:00,2026-08-16 13:00:00,6.0,Completed,2026-08-16
1625,594,80,2026-08-16,2026-08-16 15:00:00,2026-08-16 23:00:00,8,2026-08-16 15:00:00,2026-08-16 23:00:00,8.0,Completed,2026-08-16
1626,14,62,2026-08-16,2026-08-16 22:00:00,2026-08-17 04:00:00,6,,,,Scheduled,2026-08-16
1627,565,21,2026-08-16,2026-08-16 08:00:00,2026-08-16 14:00:00,6,2026-08-16 08:00:00,2026-08-16 14:00:00,6.0,Completed,2026-08-16
1628,458,92,2026-08-16,2026-08-16 15:00:00,2026-08-16 21:00:00,6,2026-08-16 15:00:00,2026-08-16 21:00:00,6.0,Completed,2026-08-16
1629,500,52,2026-08-16,2026-08-16 09:00:00,2026-08-16 15:00:00,6,,,0.0,No-Show,2026-08-16
1630,637,51,2026-08-16,2026-08-16 07:00:00,2026-08-16 11:00:00,4,2026-08-16 07:00:00,2026-08-16 11:00:00,4.0,Completed,2026-08-16
1631,472,107,2026-08-16,2026-08-16 06:00:00,2026-08-16 10:00:00,4,2026-08-16 06:00:00,2026-08-16 10:00:00,4.0,Completed,2026-08-16
1632,505,81,2026-08-16,2026-08-16 07:00:00,2026-08-16 11:00:00,4,2026-08-16 07:00:00,2026-08-16 11:00:00,4.0,Completed,2026-08-16
1633,576,72,2026-08-16,2026-08-16 14:00:00,2026-08-16 20:00:00,6,,,0.0,No-Show,2026-08-16
1634,626,5,2026-08-16,2026-08-16 14:00:00,2026-08-16 20:00:00,6,2026-08-16 14:00:00,2026-08-16 20:00:00,6.0,Completed,2026-08-16
1635,542,16,2026-08-16,2026-08-16 22:00:00,2026-08-17 06:00:00,8,,,0.0,Cancelled - Client,2026-08-16
1636,598,40,2026-08-16,2026-08-16 14:00:00,2026-08-16 18:00:00,4,,,,Scheduled,2026-08-16
1637,619,99,2026-08-16,2026-08-16 22:00:00,2026-08-17 02:00:00,4,2026-08-16 22:00:00,2026-08-17 02:00:00,4.0,Completed,2026-08-16
1638,436,19,2026-08-16,2026-08-16 07:00:00,2026-08-16 19:00:00,12,2026-08-16 07:00:00,2026-08-16 19:00:00,12.0,Completed,2026-08-16
1639,527,101,2026-08-16,2026-08-16 14:00:00,2026-08-16 18:00:00,4,2026-08-16 14:00:00,2026-08-16 18:00:00,4.0,Completed,2026-08-16
1640,428,61,2026-08-16,2026-08-16 22:00:00,2026-08-17 10:00:00,12,2026-08-16 22:00:00,2026-08-17 10:00:00,12.0,Completed,2026-08-16
1641,579,89,2026-08-16,2026-08-16 14:00:00,2026-08-17 02:00:00,12,2026-08-16 14:00:00,2026-08-17 02:00:00,12.0,Completed,2026-08-16
1642,625,1,2026-08-16,2026-08-16 14:00:00,2026-08-17 02:00:00,12,2026-08-16 14:00:00,2026-08-17 02:00:00,12.0,Completed,2026-08-16
1643,419,26,2026-08-16,2026-08-16 15:00:00,2026-08-16 21:00:00,6,2026-08-16 15:00:00,2026-08-16 21:00:00,6.0,Completed,2026-08-16
1644,20,73,2026-08-16,2026-08-16 08:00:00,2026-08-16 14:00:00,6,2026-08-16 08:00:00,2026-08-16 14:00:00,6.0,Completed,2026-08-16
1645,394,56,2026-08-16,2026-08-16 09:00:00,2026-08-16 15:00:00,6,2026-08-16 09:00:00,2026-08-16 15:00:00,6.0,Completed,2026-08-16
1646,517,17,2026-08-16,2026-08-16 07:00:00,2026-08-16 19:00:00,12,2026-08-16 07:00:00,2026-08-16 19:00:00,12.0,Completed,2026-08-16
1647,13,82,2026-08-16,2026-08-16 22:00:00,2026-08-17 10:00:00,12,2026-08-16 22:00:00,2026-08-17 10:00:00,12.0,Completed,2026-08-16
1648,607,74,2026-08-16,2026-08-16 07:00:00,2026-08-16 13:00:00,6,2026-08-16 07:00:00,2026-08-16 13:00:00,6.0,Completed,2026-08-16
1649,592,110,2026-08-16,2026-08-16 14:00:00,2026-08-16 22:00:00,8,2026-08-16 14:00:00,2026-08-16 22:00:00,8.0,Completed,2026-08-16
1650,630,15,2026-08-16,2026-08-16 07:00:00,2026-08-16 11:00:00,4,2026-08-16 07:00:00,2026-08-16 11:00:00,4.0,Completed,2026-08-16
1651,599,111,2026-08-16,2026-08-16 06:00:00,2026-08-16 14:00:00,8,,,0.0,No-Show,2026-08-16
1652,535,55,2026-08-16,2026-08-16 08:00:00,2026-08-16 20:00:00,12,2026-08-16 08:00:00,2026-08-16 20:00:00,12.0,Completed,2026-08-16
1653,536,104,2026-08-16,2026-08-16 08:00:00,2026-08-16 14:00:00,6,,,0.0,No-Show,2026-08-16
1654,29,43,2026-08-16,2026-08-16 14:00:00,2026-08-16 18:00:00,4,2026-08-16 14:00:00,2026-08-16 18:00:00,4.0,Completed,2026-08-16
1655,348,58,2026-08-16,2026-08-16 22:00:00,2026-08-17 10:00:00,12,2026-08-16 22:00:00,2026-08-17 10:00:00,12.0,Completed,2026-08-16
1656,613,106,2026-08-16,2026-08-16 08:00:00,2026-08-16 14:00:00,6,2026-08-16 08:00:00,2026-08-16 14:00:00,6.0,Completed,2026-08-16
1657,395,40,2026-08-17,2026-08-17 09:00:00,2026-08-17 15:00:00,6,2026-08-17 09:00:00,2026-08-17 15:00:00,6.0,Completed,2026-08-17
1658,585,54,2026-08-17,2026-08-17 07:00:00,2026-08-17 11:00:00,4,,,0.0,Cancelled - Client,2026-08-17
1659,565,109,2026-08-17,2026-08-17 14:00:00,2026-08-17 22:00:00,8,2026-08-17 14:00:00,2026-08-17 22:00:00,8.0,Completed,2026-08-17
1660,458,45,2026-08-17,2026-08-17 14:00:00,2026-08-17 20:00:00,6,2026-08-17 14:00:00,2026-08-17 20:00:00,6.0,Completed,2026-08-17
1661,528,98,2026-08-17,2026-08-17 09:00:00,2026-08-17 15:00:00,6,2026-08-17 09:00:00,2026-08-17 15:00:00,6.0,Completed,2026-08-17
1662,520,1,2026-08-17,2026-08-17 15:00:00,2026-08-17 23:00:00,8,2026-08-17 15:00:00,2026-08-17 23:00:00,8.0,Completed,2026-08-17
1663,643,107,2026-08-17,2026-08-17 06:00:00,2026-08-17 12:00:00,6,2026-08-17 06:00:00,2026-08-17 12:00:00,6.0,Completed,2026-08-17
1664,579,52,2026-08-17,2026-08-17 15:00:00,2026-08-17 21:00:00,6,2026-08-17 15:00:00,2026-08-17 21:00:00,6.0,Completed,2026-08-17
1665,348,112,2026-08-17,2026-08-17 08:00:00,2026-08-17 20:00:00,12,2026-08-17 08:00:00,2026-08-17 20:00:00,12.0,Completed,2026-08-17
1666,22,102,2026-08-17,2026-08-17 08:00:00,2026-08-17 12:00:00,4,2026-08-17 08:00:00,2026-08-17 12:00:00,4.0,Completed,2026-08-17
1667,545,97,2026-08-17,2026-08-17 06:00:00,2026-08-17 12:00:00,6,2026-08-17 06:00:00,2026-08-17 12:00:00,6.0,Completed,2026-08-17
1668,594,26,2026-08-17,2026-08-17 14:00:00,2026-08-17 20:00:00,6,2026-08-17 14:00:00,2026-08-17 20:00:00,6.0,Completed,2026-08-17
1669,509,17,2026-08-17,2026-08-17 22:00:00,2026-08-18 02:00:00,4,2026-08-17 22:00:00,2026-08-18 02:00:00,4.0,Completed,2026-08-17
1670,472,58,2026-08-17,2026-08-17 08:00:00,2026-08-17 20:00:00,12,,,0.0,No-Show,2026-08-17
1671,29,43,2026-08-17,2026-08-17 06:00:00,2026-08-17 14:00:00,8,2026-08-17 06:00:00,2026-08-17 14:00:00,8.0,Completed,2026-08-17
1672,615,108,2026-08-17,2026-08-17 14:00:00,2026-08-17 18:00:00,4,2026-08-17 14:00:00,2026-08-17 18:00:00,4.0,Completed,2026-08-17
1673,625,4,2026-08-17,2026-08-17 08:00:00,2026-08-17 16:00:00,8,2026-08-17 08:00:00,2026-08-17 16:00:00,8.0,Completed,2026-08-17
1674,588,74,2026-08-17,2026-08-17 22:00:00,2026-08-18 10:00:00,12,,,0.0,Cancelled - Client,2026-08-17
1675,612,76,2026-08-17,2026-08-17 06:00:00,2026-08-17 18:00:00,12,2026-08-17 06:00:00,2026-08-17 18:00:00,12.0,Completed,2026-08-17
1676,20,22,2026-08-17,2026-08-17 07:00:00,2026-08-17 13:00:00,6,2026-08-17 07:00:00,2026-08-17 13:00:00,6.0,Completed,2026-08-17
1677,498,85,2026-08-17,2026-08-17 15:00:00,2026-08-17 19:00:00,4,2026-08-17 15:00:00,2026-08-17 19:00:00,4.0,Completed,2026-08-17
1678,535,55,2026-08-17,2026-08-17 09:00:00,2026-08-17 13:00:00,4,2026-08-17 09:00:00,2026-08-17 13:00:00,4.0,Completed,2026-08-17
1679,527,103,2026-08-17,2026-08-17 06:00:00,2026-08-17 10:00:00,4,2026-08-17 06:00:00,2026-08-17 10:00:00,4.0,Completed,2026-08-17
1680,505,28,2026-08-17,2026-08-17 07:00:00,2026-08-17 11:00:00,4,,,0.0,Cancelled - Employee,2026-08-17
1681,630,5,2026-08-17,2026-08-17 09:00:00,2026-08-17 17:00:00,8,2026-08-17 09:00:00,2026-08-17 17:00:00,8.0,Completed,2026-08-17
1682,495,111,2026-08-17,2026-08-17 08:00:00,2026-08-17 16:00:00,8,2026-08-17 08:00:00,2026-08-17 16:00:00,8.0,Completed,2026-08-17
1683,623,92,2026-08-17,2026-08-17 22:00:00,2026-08-18 10:00:00,12,,,,Scheduled,2026-08-17
1684,550,73,2026-08-17,2026-08-17 06:00:00,2026-08-17 14:00:00,8,2026-08-17 06:00:00,2026-08-17 14:00:00,8.0,Completed,2026-08-17
1685,456,87,2026-08-17,2026-08-17 22:00:00,2026-08-18 10:00:00,12,2026-08-17 22:00:00,2026-08-18 10:00:00,12.0,Completed,2026-08-17
1686,27,57,2026-08-17,2026-08-17 07:00:00,2026-08-17 13:00:00,6,2026-08-17 07:00:00,2026-08-17 13:00:00,6.0,Completed,2026-08-17
1687,555,16,2026-08-17,2026-08-17 14:00:00,2026-08-17 22:00:00,8,2026-08-17 14:00:00,2026-08-17 22:00:00,8.0,Completed,2026-08-17
1688,428,10,2026-08-17,2026-08-17 15:00:00,2026-08-17 19:00:00,4,2026-08-17 15:00:00,2026-08-17 19:00:00,4.0,Completed,2026-08-17
1689,10,70,2026-08-17,2026-08-17 15:00:00,2026-08-17 19:00:00,4,2026-08-17 15:00:00,2026-08-17 19:00:00,4.0,Completed,2026-08-17
1690,17,66,2026-08-17,2026-08-17 14:00:00,2026-08-17 18:00:00,4,2026-08-17 14:00:00,2026-08-17 18:00:00,4.0,Completed,2026-08-17
1691,329,86,2026-08-17,2026-08-17 09:00:00,2026-08-17 21:00:00,12,2026-08-17 09:00:00,2026-08-17 21:00:00,12.0,Completed,2026-08-17
1692,358,65,2026-08-17,2026-08-17 07:00:00,2026-08-17 13:00:00,6,2026-08-17 07:00:00,2026-08-17 13:00:00,6.0,Completed,2026-08-17
1693,619,100,2026-08-17,2026-08-17 14:00:00,2026-08-17 18:00:00,4,2026-08-17 14:00:00,2026-08-17 18:00:00,4.0,Completed,2026-08-17
1694,30,89,2026-08-17,2026-08-17 07:00:00,2026-08-17 15:00:00,8,2026-08-17 07:00:00,2026-08-17 15:00:00,8.0,Completed,2026-08-17
1695,247,62,2026-08-17,2026-08-17 22:00:00,2026-08-18 06:00:00,8,2026-08-17 22:00:00,2026-08-18 06:00:00,8.0,Completed,2026-08-17
1696,614,15,2026-08-17,2026-08-17 15:00:00,2026-08-17 21:00:00,6,,,0.0,No-Show,2026-08-17
1697,616,61,2026-08-17,2026-08-17 09:00:00,2026-08-17 21:00:00,12,2026-08-17 09:00:00,2026-08-17 21:00:00,12.0,Completed,2026-08-17
1698,543,101,2026-08-17,2026-08-17 06:00:00,2026-08-17 14:00:00,8,2026-08-17 06:00:00,2026-08-17 14:00:00,8.0,Completed,2026-08-17
1699,602,109,2026-08-18,2026-08-18 14:00:00,2026-08-18 22:00:00,8,2026-08-18 14:00:00,2026-08-18 22:00:00,8.0,Completed,2026-08-18
1700,633,65,2026-08-18,2026-08-18 22:00:00,2026-08-19 10:00:00,12,,,0.0,No-Show,2026-08-18
1701,11,1,2026-08-18,2026-08-18 08:00:00,2026-08-18 20:00:00,12,2026-08-18 08:00:00,2026-08-18 20:00:00,12.0,Completed,2026-08-18
1702,10,34,2026-08-18,2026-08-18 14:00:00,2026-08-18 22:00:00,8,2026-08-18 14:00:00,2026-08-18 22:00:00,8.0,Completed,2026-08-18
1703,567,41,2026-08-18,2026-08-18 14:00:00,2026-08-19 02:00:00,12,2026-08-18 14:00:00,2026-08-19 02:00:00,12.0,Completed,2026-08-18
1704,620,17,2026-08-18,2026-08-18 08:00:00,2026-08-18 20:00:00,12,2026-08-18 08:00:00,2026-08-18 20:00:00,12.0,Completed,2026-08-18
1705,495,69,2026-08-18,2026-08-18 07:00:00,2026-08-18 11:00:00,4,,,0.0,Cancelled - Employee,2026-08-18
1706,403,26,2026-08-18,2026-08-18 08:00:00,2026-08-18 20:00:00,12,,,0.0,Cancelled - Employee,2026-08-18
1707,641,111,2026-08-18,2026-08-18 15:00:00,2026-08-18 23:00:00,8,2026-08-18 15:00:00,2026-08-18 23:00:00,8.0,Completed,2026-08-18
1708,565,104,2026-08-18,2026-08-18 08:00:00,2026-08-18 20:00:00,12,2026-08-18 08:00:00,2026-08-18 20:00:00,12.0,Completed,2026-08-18
1709,642,43,2026-08-18,2026-08-18 08:00:00,2026-08-18 12:00:00,4,2026-08-18 08:00:00,2026-08-18 12:00:00,4.0,Completed,2026-08-18
1710,247,72,2026-08-18,2026-08-18 08:00:00,2026-08-18 20:00:00,12,2026-08-18 08:00:00,2026-08-18 20:00:00,12.0,Completed,2026-08-18
1711,546,19,2026-08-18,2026-08-18 14:00:00,2026-08-18 22:00:00,8,2026-08-18 14:00:00,2026-08-18 22:00:00,8.0,Completed,2026-08-18
1712,456,102,2026-08-18,2026-08-18 15:00:00,2026-08-18 19:00:00,4,2026-08-18 15:00:00,2026-08-18 19:00:00,4.0,Completed,2026-08-18
1713,520,56,2026-08-18,2026-08-18 14:00:00,2026-08-19 02:00:00,12,2026-08-18 14:00:00,2026-08-19 02:00:00,12.0,Completed,2026-08-18
1714,338,45,2026-08-18,2026-08-18 08:00:00,2026-08-18 12:00:00,4,2026-08-18 08:00:00,2026-08-18 12:00:00,4.0,Completed,2026-08-18
1715,625,73,2026-08-18,2026-08-18 09:00:00,2026-08-18 17:00:00,8,,,,Scheduled,2026-08-18
1716,509,28,2026-08-18,2026-08-18 07:00:00,2026-08-18 15:00:00,8,,,,Scheduled,2026-08-18
1717,612,61,2026-08-18,2026-08-18 06:00:00,2026-08-18 18:00:00,12,2026-08-18 06:00:00,2026-08-18 18:00:00,12.0,Completed,2026-08-18
1718,493,100,2026-08-18,2026-08-18 15:00:00,2026-08-18 23:00:00,8,,,0.0,Cancelled - Employee,2026-08-18
1719,506,40,2026-08-18,2026-08-18 09:00:00,2026-08-18 13:00:00,4,2026-08-18 09:00:00,2026-08-18 13:00:00,4.0,Completed,2026-08-18
1720,461,112,2026-08-18,2026-08-18 09:00:00,2026-08-18 21:00:00,12,2026-08-18 09:00:00,2026-08-18 21:00:00,12.0,Completed,2026-08-18
1721,551,98,2026-08-18,2026-08-18 14:00:00,2026-08-19 02:00:00,12,2026-08-18 14:00:00,2026-08-19 02:00:00,12.0,Completed,2026-08-18
1722,594,107,2026-08-18,2026-08-18 22:00:00,2026-08-19 02:00:00,4,2026-08-18 22:00:00,2026-08-19 02:00:00,4.0,Completed,2026-08-18
1723,18,99,2026-08-18,2026-08-18 06:00:00,2026-08-18 14:00:00,8,2026-08-18 06:00:00,2026-08-18 14:00:00,8.0,Completed,2026-08-18
1724,614,66,2026-08-18,2026-08-18 22:00:00,2026-08-19 06:00:00,8,2026-08-18 22:00:00,2026-08-19 06:00:00,8.0,Completed,2026-08-18
1725,638,89,2026-08-18,2026-08-18 22:00:00,2026-08-19 10:00:00,12,2026-08-18 22:00:00,2026-08-19 10:00:00,12.0,Completed,2026-08-18
1726,527,21,2026-08-18,2026-08-18 09:00:00,2026-08-18 21:00:00,12,2026-08-18 09:00:00,2026-08-18 21:00:00,12.0,Completed,2026-08-18
1727,532,5,2026-08-18,2026-08-18 06:00:00,2026-08-18 10:00:00,4,2026-08-18 06:00:00,2026-08-18 10:00:00,4.0,Completed,2026-08-18
1728,348,84,2026-08-18,2026-08-18 22:00:00,2026-08-19 02:00:00,4,2026-08-18 22:00:00,2026-08-19 02:00:00,4.0,Completed,2026-08-18
1729,20,22,2026-08-18,2026-08-18 06:00:00,2026-08-18 14:00:00,8,2026-08-18 06:00:00,2026-08-18 14:00:00,8.0,Completed,2026-08-18
1730,607,101,2026-08-18,2026-08-18 09:00:00,2026-08-18 15:00:00,6,2026-08-18 09:00:00,2026-08-18 15:00:00,6.0,Completed,2026-08-18
1731,627,79,2026-08-18,2026-08-18 15:00:00,2026-08-19 03:00:00,12,,,0.0,Cancelled - Employee,2026-08-18
1732,542,55,2026-08-18,2026-08-18 22:00:00,2026-08-19 06:00:00,8,2026-08-18 22:00:00,2026-08-19 06:00:00,8.0,Completed,2026-08-18
1733,629,76,2026-08-18,2026-08-18 07:00:00,2026-08-18 15:00:00,8,2026-08-18 07:00:00,2026-08-18 15:00:00,8.0,Completed,2026-08-18
1734,528,85,2026-08-18,2026-08-18 07:00:00,2026-08-18 11:00:00,4,2026-08-18 07:00:00,2026-08-18 11:00:00,4.0,Completed,2026-08-18
1735,5,16,2026-08-18,2026-08-18 14:00:00,2026-08-18 18:00:00,4,,,0.0,Cancelled - Employee,2026-08-18
1736,419,80,2026-08-18,2026-08-18 14:00:00,2026-08-19 02:00:00,12,2026-08-18 14:00:00,2026-08-19 02:00:00,12.0,Completed,2026-08-18
1737,394,15,2026-08-18,2026-08-18 06:00:00,2026-08-18 12:00:00,6,2026-08-18 06:00:00,2026-08-18 12:00:00,6.0,Completed,2026-08-18
1738,491,86,2026-08-18,2026-08-18 09:00:00,2026-08-18 13:00:00,4,2026-08-18 09:00:00,2026-08-18 13:00:00,4.0,Completed,2026-08-18
1739,598,52,2026-08-18,2026-08-18 06:00:00,2026-08-18 12:00:00,6,2026-08-18 06:00:00,2026-08-18 12:00:00,6.0,Completed,2026-08-18
1740,625,4,2026-08-19,2026-08-19 14:00:00,2026-08-19 20:00:00,6,,,0.0,Cancelled - Client,2026-08-19
1741,428,72,2026-08-19,2026-08-19 08:00:00,2026-08-19 20:00:00,12,2026-08-19 08:00:00,2026-08-19 20:00:00,12.0,Completed,2026-08-19
1742,576,85,2026-08-19,2026-08-19 14:00:00,2026-08-19 20:00:00,6,2026-08-19 14:00:00,2026-08-19 20:00:00,6.0,Completed,2026-08-19
1743,5,5,2026-08-19,2026-08-19 07:00:00,2026-08-19 19:00:00,12,2026-08-19 07:00:00,2026-08-19 19:00:00,12.0,Completed,2026-08-19
1744,620,28,2026-08-19,2026-08-19 08:00:00,2026-08-19 14:00:00,6,2026-08-19 08:00:00,2026-08-19 14:00:00,6.0,Completed,2026-08-19
1745,338,106,2026-08-19,2026-08-19 09:00:00,2026-08-19 21:00:00,12,2026-08-19 09:00:00,2026-08-19 21:00:00,12.0,Completed,2026-08-19
1746,616,43,2026-08-19,2026-08-19 14:00:00,2026-08-19 22:00:00,8,2026-08-19 14:00:00,2026-08-19 22:00:00,8.0,Completed,2026-08-19
1747,27,10,2026-08-19,2026-08-19 14:00:00,2026-08-19 18:00:00,4,2026-08-19 14:00:00,2026-08-19 18:00:00,4.0,Completed,2026-08-19
1748,579,52,2026-08-19,2026-08-19 07:00:00,2026-08-19 19:00:00,12,2026-08-19 07:00:00,2026-08-19 19:00:00,12.0,Completed,2026-08-19
1749,519,45,2026-08-19,2026-08-19 22:00:00,2026-08-20 04:00:00,6,,,0.0,Cancelled - Client,2026-08-19
1750,493,26,2026-08-19,2026-08-19 22:00:00,2026-08-20 04:00:00,6,2026-08-19 22:00:00,2026-08-20 04:00:00,6.0,Completed,2026-08-19
1751,14,65,2026-08-19,2026-08-19 14:00:00,2026-08-19 20:00:00,6,2026-08-19 14:00:00,2026-08-19 20:00:00,6.0,Completed,2026-08-19
1752,15,100,2026-08-19,2026-08-19 06:00:00,2026-08-19 12:00:00,6,2026-08-19 06:00:00,2026-08-19 12:00:00,6.0,Completed,2026-08-19
1753,491,53,2026-08-19,2026-08-19 06:00:00,2026-08-19 18:00:00,12,2026-08-19 06:00:00,2026-08-19 18:00:00,12.0,Completed,2026-08-19
1754,487,41,2026-08-19,2026-08-19 07:00:00,2026-08-19 13:00:00,6,2026-08-19 07:00:00,2026-08-19 13:00:00,6.0,Completed,2026-08-19
1755,308,96,2026-08-19,2026-08-19 07:00:00,2026-08-19 19:00:00,12,2026-08-19 07:00:00,2026-08-19 19:00:00,12.0,Completed,2026-08-19
1756,619,102,2026-08-19,2026-08-19 09:00:00,2026-08-19 13:00:00,4,2026-08-19 09:00:00,2026-08-19 13:00:00,4.0,Completed,2026-08-19
1757,20,1,2026-08-19,2026-08-19 15:00:00,2026-08-20 03:00:00,12,2026-08-19 15:00:00,2026-08-20 03:00:00,12.0,Completed,2026-08-19
1758,502,80,2026-08-19,2026-08-19 14:00:00,2026-08-20 02:00:00,12,2026-08-19 14:00:00,2026-08-20 02:00:00,12.0,Completed,2026-08-19
1759,555,15,2026-08-19,2026-08-19 14:00:00,2026-08-19 18:00:00,4,2026-08-19 14:00:00,2026-08-19 18:00:00,4.0,Completed,2026-08-19
1760,550,55,2026-08-19,2026-08-19 06:00:00,2026-08-19 14:00:00,8,2026-08-19 06:00:00,2026-08-19 14:00:00,8.0,Completed,2026-08-19
1761,12,37,2026-08-19,2026-08-19 15:00:00,2026-08-19 21:00:00,6,2026-08-19 15:00:00,2026-08-19 21:00:00,6.0,Completed,2026-08-19
1762,638,111,2026-08-19,2026-08-19 07:00:00,2026-08-19 19:00:00,12,,,0.0,Cancelled - Client,2026-08-19
1763,22,99,2026-08-19,2026-08-19 15:00:00,2026-08-19 21:00:00,6,2026-08-19 15:00:00,2026-08-19 21:00:00,6.0,Completed,2026-08-19
1764,630,22,2026-08-19,2026-08-19 06:00:00,2026-08-19 14:00:00,8,2026-08-19 06:00:00,2026-08-19 14:00:00,8.0,Completed,2026-08-19
1765,29,19,2026-08-19,2026-08-19 06:00:00,2026-08-19 14:00:00,8,2026-08-19 06:00:00,2026-08-19 14:00:00,8.0,Completed,2026-08-19
1766,624,113,2026-08-19,2026-08-19 09:00:00,2026-08-19 21:00:00,12,2026-08-19 09:00:00,2026-08-19 21:00:00,12.0,Completed,2026-08-19
1767,627,101,2026-08-19,2026-08-19 08:00:00,2026-08-19 14:00:00,6,2026-08-19 08:00:00,2026-08-19 14:00:00,6.0,Completed,2026-08-19
1768,626,73,2026-08-19,2026-08-19 22:00:00,2026-08-20 06:00:00,8,2026-08-19 22:00:00,2026-08-20 06:00:00,8.0,Completed,2026-08-19
1769,419,107,2026-08-19,2026-08-19 06:00:00,2026-08-19 14:00:00,8,2026-08-19 06:00:00,2026-08-19 14:00:00,8.0,Completed,2026-08-19
1770,26,67,2026-08-19,2026-08-19 07:00:00,2026-08-19 15:00:00,8,2026-08-19 07:00:00,2026-08-19 15:00:00,8.0,Completed,2026-08-19
1771,596,40,2026-08-19,2026-08-19 09:00:00,2026-08-19 21:00:00,12,2026-08-19 09:00:00,2026-08-19 21:00:00,12.0,Completed,2026-08-19
1772,11,49,2026-08-19,2026-08-19 15:00:00,2026-08-20 03:00:00,12,2026-08-19 15:00:00,2026-08-20 03:00:00,12.0,Completed,2026-08-19
1773,634,108,2026-08-19,2026-08-19 09:00:00,2026-08-19 21:00:00,12,2026-08-19 09:00:00,2026-08-19 21:00:00,12.0,Completed,2026-08-19
1774,642,76,2026-08-19,2026-08-19 06:00:00,2026-08-19 10:00:00,4,,,0.0,No-Show,2026-08-19
1775,637,17,2026-08-19,2026-08-19 09:00:00,2026-08-19 17:00:00,8,2026-08-19 09:00:00,2026-08-19 17:00:00,8.0,Completed,2026-08-19
1776,10,92,2026-08-19,2026-08-19 09:00:00,2026-08-19 13:00:00,4,2026-08-19 09:00:00,2026-08-19 13:00:00,4.0,Completed,2026-08-19
1777,394,93,2026-08-19,2026-08-19 15:00:00,2026-08-19 21:00:00,6,2026-08-19 15:00:00,2026-08-19 21:00:00,6.0,Completed,2026-08-19
1778,546,61,2026-08-19,2026-08-19 09:00:00,2026-08-19 13:00:00,4,2026-08-19 09:00:00,2026-08-19 13:00:00,4.0,Completed,2026-08-19
1779,632,104,2026-08-19,2026-08-19 09:00:00,2026-08-19 17:00:00,8,2026-08-19 09:00:00,2026-08-19 17:00:00,8.0,Completed,2026-08-19
1780,247,62,2026-08-19,2026-08-19 15:00:00,2026-08-19 23:00:00,8,2026-08-19 15:00:00,2026-08-19 23:00:00,8.0,Completed,2026-08-19
1781,537,92,2026-08-20,2026-08-20 08:00:00,2026-08-20 12:00:00,4,2026-08-20 08:00:00,2026-08-20 12:00:00,4.0,Completed,2026-08-20
1782,472,100,2026-08-20,2026-08-20 22:00:00,2026-08-21 10:00:00,12,,,0.0,Cancelled - Employee,2026-08-20
1783,642,61,2026-08-20,2026-08-20 08:00:00,2026-08-20 14:00:00,6,,,0.0,No-Show,2026-08-20
1784,29,19,2026-08-20,2026-08-20 15:00:00,2026-08-20 21:00:00,6,2026-08-20 15:00:00,2026-08-20 21:00:00,6.0,Completed,2026-08-20
1785,15,107,2026-08-20,2026-08-20 09:00:00,2026-08-20 13:00:00,4,,,0.0,No-Show,2026-08-20
1786,648,97,2026-08-20,2026-08-20 08:00:00,2026-08-20 16:00:00,8,,,0.0,Cancelled - Client,2026-08-20
1787,644,70,2026-08-20,2026-08-20 07:00:00,2026-08-20 15:00:00,8,2026-08-20 07:00:00,2026-08-20 15:00:00,8.0,Completed,2026-08-20
1788,433,115,2026-08-20,2026-08-20 22:00:00,2026-08-21 06:00:00,8,2026-08-20 22:00:00,2026-08-21 06:00:00,8.0,Completed,2026-08-20
1789,625,15,2026-08-20,2026-08-20 07:00:00,2026-08-20 13:00:00,6,2026-08-20 07:00:00,2026-08-20 13:00:00,6.0,Completed,2026-08-20
1790,394,1,2026-08-20,2026-08-20 14:00:00,2026-08-20 18:00:00,4,2026-08-20 14:00:00,2026-08-20 18:00:00,4.0,Completed,2026-08-20
1791,456,82,2026-08-20,2026-08-20 06:00:00,2026-08-20 18:00:00,12,2026-08-20 06:00:00,2026-08-20 18:00:00,12.0,Completed,2026-08-20
1792,519,52,2026-08-20,2026-08-20 22:00:00,2026-08-21 04:00:00,6,2026-08-20 22:00:00,2026-08-21 04:00:00,6.0,Completed,2026-08-20
1793,598,45,2026-08-20,2026-08-20 09:00:00,2026-08-20 21:00:00,12,2026-08-20 09:00:00,2026-08-20 21:00:00,12.0,Completed,2026-08-20
1794,551,10,2026-08-20,2026-08-20 07:00:00,2026-08-20 11:00:00,4,2026-08-20 07:00:00,2026-08-20 11:00:00,4.0,Completed,2026-08-20
1795,594,37,2026-08-20,2026-08-20 15:00:00,2026-08-20 23:00:00,8,2026-08-20 15:00:00,2026-08-20 23:00:00,8.0,Completed,2026-08-20
1796,338,69,2026-08-20,2026-08-20 09:00:00,2026-08-20 13:00:00,4,2026-08-20 09:00:00,2026-08-20 13:00:00,4.0,Completed,2026-08-20
1797,602,79,2026-08-20,2026-08-20 14:00:00,2026-08-20 20:00:00,6,2026-08-20 14:00:00,2026-08-20 20:00:00,6.0,Completed,2026-08-20
1798,582,17,2026-08-20,2026-08-20 15:00:00,2026-08-20 23:00:00,8,,,0.0,No-Show,2026-08-20
1799,640,56,2026-08-20,2026-08-20 22:00:00,2026-08-21 06:00:00,8,2026-08-20 22:00:00,2026-08-21 06:00:00,8.0,Completed,2026-08-20
1800,579,89,2026-08-20,2026-08-20 15:00:00,2026-08-21 03:00:00,12,,,0.0,Cancelled - Employee,2026-08-20
1801,629,62,2026-08-20,2026-08-20 08:00:00,2026-08-20 16:00:00,8,,,,Scheduled,2026-08-20
1802,550,73,2026-08-20,2026-08-20 22:00:00,2026-08-21 10:00:00,12,2026-08-20 22:00:00,2026-08-21 10:00:00,12.0,Completed,2026-08-20
1803,5,54,2026-08-20,2026-08-20 15:00:00,2026-08-20 21:00:00,6,2026-08-20 15:00:00,2026-08-20 21:00:00,6.0,Completed,2026-08-20
1804,487,41,2026-08-20,2026-08-20 07:00:00,2026-08-20 13:00:00,6,2026-08-20 07:00:00,2026-08-20 13:00:00,6.0,Completed,2026-08-20
1805,555,5,2026-08-20,2026-08-20 09:00:00,2026-08-20 13:00:00,4,2026-08-20 09:00:00,2026-08-20 13:00:00,4.0,Completed,2026-08-20
1806,565,67,2026-08-20,2026-08-20 15:00:00,2026-08-20 21:00:00,6,2026-08-20 15:00:00,2026-08-20 21:00:00,6.0,Completed,2026-08-20
1807,624,113,2026-08-20,2026-08-20 08:00:00,2026-08-20 20:00:00,12,2026-08-20 08:00:00,2026-08-20 20:00:00,12.0,Completed,2026-08-20
1808,395,111,2026-08-20,2026-08-20 22:00:00,2026-08-21 06:00:00,8,,,0.0,Cancelled - Employee,2026-08-20
1809,517,104,2026-08-20,2026-08-20 09:00:00,2026-08-20 13:00:00,4,2026-08-20 09:00:00,2026-08-20 13:00:00,4.0,Completed,2026-08-20
1810,527,59,2026-08-20,2026-08-20 15:00:00,2026-08-20 23:00:00,8,2026-08-20 15:00:00,2026-08-20 23:00:00,8.0,Completed,2026-08-20
1811,630,55,2026-08-20,2026-08-20 08:00:00,2026-08-20 14:00:00,6,2026-08-20 08:00:00,2026-08-20 14:00:00,6.0,Completed,2026-08-20
1812,597,40,2026-08-20,2026-08-20 07:00:00,2026-08-20 15:00:00,8,2026-08-20 07:00:00,2026-08-20 15:00:00,8.0,Completed,2026-08-20
1813,18,58,2026-08-20,2026-08-20 09:00:00,2026-08-20 17:00:00,8,2026-08-20 09:00:00,2026-08-20 17:00:00,8.0,Completed,2026-08-20
1814,584,102,2026-08-20,2026-08-20 07:00:00,2026-08-20 11:00:00,4,2026-08-20 07:00:00,2026-08-20 11:00:00,4.0,Completed,2026-08-20
1815,461,80,2026-08-20,2026-08-20 14:00:00,2026-08-20 22:00:00,8,2026-08-20 14:00:00,2026-08-20 22:00:00,8.0,Completed,2026-08-20
1816,440,109,2026-08-20,2026-08-20 06:00:00,2026-08-20 18:00:00,12,2026-08-20 06:00:00,2026-08-20 18:00:00,12.0,Completed,2026-08-20
1817,621,49,2026-08-20,2026-08-20 09:00:00,2026-08-20 13:00:00,4,2026-08-20 09:00:00,2026-08-20 13:00:00,4.0,Completed,2026-08-20
1818,619,26,2026-08-20,2026-08-20 06:00:00,2026-08-20 14:00:00,8,,,0.0,Cancelled - Employee,2026-08-20
1819,25,66,2026-08-20,2026-08-20 15:00:00,2026-08-20 21:00:00,6,2026-08-20 15:00:00,2026-08-20 21:00:00,6.0,Completed,2026-08-20
1820,645,43,2026-08-20,2026-08-20 06:00:00,2026-08-20 14:00:00,8,2026-08-20 06:00:00,2026-08-20 14:00:00,8.0,Completed,2026-08-20
1821,509,101,2026-08-20,2026-08-20 08:00:00,2026-08-20 16:00:00,8,2026-08-20 08:00:00,2026-08-20 16:00:00,8.0,Completed,2026-08-20
1822,615,85,2026-08-20,2026-08-20 22:00:00,2026-08-21 02:00:00,4,2026-08-20 22:00:00,2026-08-21 02:00:00,4.0,Completed,2026-08-20
1823,626,4,2026-08-20,2026-08-20 07:00:00,2026-08-20 11:00:00,4,2026-08-20 07:00:00,2026-08-20 11:00:00,4.0,Completed,2026-08-20
1824,358,91,2026-08-20,2026-08-20 07:00:00,2026-08-20 19:00:00,12,2026-08-20 07:00:00,2026-08-20 19:00:00,12.0,Completed,2026-08-20
1825,633,65,2026-08-20,2026-08-20 15:00:00,2026-08-21 03:00:00,12,2026-08-20 15:00:00,2026-08-21 03:00:00,12.0,Completed,2026-08-20
1826,458,53,2026-08-20,2026-08-20 09:00:00,2026-08-20 17:00:00,8,,,0.0,Cancelled - Client,2026-08-20
1827,546,19,2026-08-21,2026-08-21 09:00:00,2026-08-21 21:00:00,12,2026-08-21 09:00:00,2026-08-21 21:00:00,12.0,Completed,2026-08-21
1828,584,38,2026-08-21,2026-08-21 06:00:00,2026-08-21 12:00:00,6,2026-08-21 06:00:00,2026-08-21 12:00:00,6.0,Completed,2026-08-21
1829,607,96,2026-08-21,2026-08-21 07:00:00,2026-08-21 19:00:00,12,2026-08-21 07:00:00,2026-08-21 19:00:00,12.0,Completed,2026-08-21
1830,579,40,2026-08-21,2026-08-21 07:00:00,2026-08-21 15:00:00,8,2026-08-21 07:00:00,2026-08-21 15:00:00,8.0,Completed,2026-08-21
1831,394,56,2026-08-21,2026-08-21 22:00:00,2026-08-22 06:00:00,8,2026-08-21 22:00:00,2026-08-22 06:00:00,8.0,Completed,2026-08-21
1832,537,89,2026-08-21,2026-08-21 09:00:00,2026-08-21 13:00:00,4,2026-08-21 09:00:00,2026-08-21 13:00:00,4.0,Completed,2026-08-21
1833,627,103,2026-08-21,2026-08-21 14:00:00,2026-08-21 20:00:00,6,2026-08-21 14:00:00,2026-08-21 20:00:00,6.0,Completed,2026-08-21
1834,500,86,2026-08-21,2026-08-21 09:00:00,2026-08-21 15:00:00,6,2026-08-21 09:00:00,2026-08-21 15:00:00,6.0,Completed,2026-08-21
1835,29,65,2026-08-21,2026-08-21 09:00:00,2026-08-21 13:00:00,4,2026-08-21 09:00:00,2026-08-21 13:00:00,4.0,Completed,2026-08-21
1836,588,67,2026-08-21,2026-08-21 08:00:00,2026-08-21 16:00:00,8,,,,Scheduled,2026-08-21
1837,620,74,2026-08-21,2026-08-21 14:00:00,2026-08-21 18:00:00,4,,,0.0,Cancelled - Employee,2026-08-21
1838,643,26,2026-08-21,2026-08-21 09:00:00,2026-08-21 13:00:00,4,2026-08-21 09:00:00,2026-08-21 13:00:00,4.0,Completed,2026-08-21
1839,602,101,2026-08-21,2026-08-21 08:00:00,2026-08-21 16:00:00,8,2026-08-21 08:00:00,2026-08-21 16:00:00,8.0,Completed,2026-08-21
1840,594,80,2026-08-21,2026-08-21 09:00:00,2026-08-21 21:00:00,12,2026-08-21 09:00:00,2026-08-21 21:00:00,12.0,Completed,2026-08-21
1841,329,52,2026-08-21,2026-08-21 08:00:00,2026-08-21 20:00:00,12,2026-08-21 08:00:00,2026-08-21 20:00:00,12.0,Completed,2026-08-21
1842,338,53,2026-08-21,2026-08-21 22:00:00,2026-08-22 10:00:00,12,2026-08-21 22:00:00,2026-08-22 10:00:00,12.0,Completed,2026-08-21
1843,634,76,2026-08-21,2026-08-21 07:00:00,2026-08-21 15:00:00,8,2026-08-21 07:00:00,2026-08-21 15:00:00,8.0,Completed,2026-08-21
1844,650,58,2026-08-21,2026-08-21 08:00:00,2026-08-21 14:00:00,6,2026-08-21 08:00:00,2026-08-21 14:00:00,6.0,Completed,2026-08-21
1845,536,104,2026-08-21,2026-08-21 06:00:00,2026-08-21 10:00:00,4,2026-08-21 06:00:00,2026-08-21 10:00:00,4.0,Completed,2026-08-21
1846,509,109,2026-08-21,2026-08-21 14:00:00,2026-08-21 20:00:00,6,2026-08-21 14:00:00,2026-08-21 20:00:00,6.0,Completed,2026-08-21
1847,626,73,2026-08-21,2026-08-21 07:00:00,2026-08-21 13:00:00,6,2026-08-21 07:00:00,2026-08-21 13:00:00,6.0,Completed,2026-08-21
1848,25,4,2026-08-21,2026-08-21 22:00:00,2026-08-22 06:00:00,8,2026-08-21 22:00:00,2026-08-22 06:00:00,8.0,Completed,2026-08-21
1849,564,100,2026-08-21,2026-08-21 06:00:00,2026-08-21 18:00:00,12,,,0.0,Cancelled - Client,2026-08-21
1850,550,95,2026-08-21,2026-08-21 09:00:00,2026-08-21 17:00:00,8,2026-08-21 09:00:00,2026-08-21 17:00:00,8.0,Completed,2026-08-21
1851,625,1,2026-08-21,2026-08-21 09:00:00,2026-08-21 17:00:00,8,,,0.0,Cancelled - Client,2026-08-21
1852,555,66,2026-08-21,2026-08-21 06:00:00,2026-08-21 12:00:00,6,2026-08-21 06:00:00,2026-08-21 12:00:00,6.0,Completed,2026-08-21
1853,614,15,2026-08-21,2026-08-21 07:00:00,2026-08-21 13:00:00,6,2026-08-21 07:00:00,2026-08-21 13:00:00,6.0,Completed,2026-08-21
1854,612,85,2026-08-21,2026-08-21 06:00:00,2026-08-21 10:00:00,4,2026-08-21 06:00:00,2026-08-21 10:00:00,4.0,Completed,2026-08-21
1855,428,61,2026-08-21,2026-08-21 08:00:00,2026-08-21 12:00:00,4,,,0.0,Cancelled - Client,2026-08-21
1856,615,108,2026-08-21,2026-08-21 07:00:00,2026-08-21 15:00:00,8,2026-08-21 07:00:00,2026-08-21 15:00:00,8.0,Completed,2026-08-21
1857,520,5,2026-08-21,2026-08-21 14:00:00,2026-08-22 02:00:00,12,2026-08-21 14:00:00,2026-08-22 02:00:00,12.0,Completed,2026-08-21
1858,436,98,2026-08-21,2026-08-21 06:00:00,2026-08-21 18:00:00,12,2026-08-21 06:00:00,2026-08-21 18:00:00,12.0,Completed,2026-08-21
1859,26,17,2026-08-21,2026-08-21 14:00:00,2026-08-21 22:00:00,8,2026-08-21 14:00:00,2026-08-21 22:00:00,8.0,Completed,2026-08-21
1860,9,112,2026-08-21,2026-08-21 15:00:00,2026-08-21 23:00:00,8,2026-08-21 15:00:00,2026-08-21 23:00:00,8.0,Completed,2026-08-21
1861,597,45,2026-08-21,2026-08-21 22:00:00,2026-08-22 10:00:00,12,,,0.0,Cancelled - Client,2026-08-21
1862,527,28,2026-08-21,2026-08-21 14:00:00,2026-08-21 18:00:00,4,2026-08-21 14:00:00,2026-08-21 18:00:00,4.0,Completed,2026-08-21
1863,642,72,2026-08-21,2026-08-21 14:00:00,2026-08-21 22:00:00,8,2026-08-21 14:00:00,2026-08-21 22:00:00,8.0,Completed,2026-08-21
1864,582,81,2026-08-21,2026-08-21 14:00:00,2026-08-21 18:00:00,4,2026-08-21 14:00:00,2026-08-21 18:00:00,4.0,Completed,2026-08-21
1865,433,111,2026-08-21,2026-08-21 14:00:00,2026-08-21 20:00:00,6,2026-08-21 14:00:00,2026-08-21 20:00:00,6.0,Completed,2026-08-21
1866,17,55,2026-08-21,2026-08-21 09:00:00,2026-08-21 17:00:00,8,2026-08-21 09:00:00,2026-08-21 17:00:00,8.0,Completed,2026-08-21
1867,15,87,2026-08-22,2026-08-22 08:00:00,2026-08-22 16:00:00,8,,,,Scheduled,2026-08-22
1868,509,28,2026-08-22,2026-08-22 08:00:00,2026-08-22 12:00:00,4,2026-08-22 08:00:00,2026-08-22 12:00:00,4.0,Completed,2026-08-22
1869,500,70,2026-08-22,2026-08-22 08:00:00,2026-08-22 20:00:00,12,2026-08-22 08:00:00,2026-08-22 20:00:00,12.0,Completed,2026-08-22
1870,491,52,2026-08-22,2026-08-22 15:00:00,2026-08-23 03:00:00,12,2026-08-22 15:00:00,2026-08-23 03:00:00,12.0,Completed,2026-08-22
1871,5,55,2026-08-22,2026-08-22 08:00:00,2026-08-22 14:00:00,6,,,0.0,Cancelled - Client,2026-08-22
1872,20,56,2026-08-22,2026-08-22 15:00:00,2026-08-22 19:00:00,4,2026-08-22 15:00:00,2026-08-22 19:00:00,4.0,Completed,2026-08-22
1873,650,58,2026-08-22,2026-08-22 15:00:00,2026-08-22 23:00:00,8,2026-08-22 15:00:00,2026-08-22 23:00:00,8.0,Completed,2026-08-22
1874,627,101,2026-08-22,2026-08-22 15:00:00,2026-08-23 03:00:00,12,2026-08-22 15:00:00,2026-08-23 03:00:00,12.0,Completed,2026-08-22
1875,626,66,2026-08-22,2026-08-22 14:00:00,2026-08-22 20:00:00,6,2026-08-22 14:00:00,2026-08-22 20:00:00,6.0,Completed,2026-08-22
1876,615,43,2026-08-22,2026-08-22 22:00:00,2026-08-23 10:00:00,12,2026-08-22 22:00:00,2026-08-23 10:00:00,12.0,Completed,2026-08-22
1877,633,108,2026-08-22,2026-08-22 08:00:00,2026-08-22 16:00:00,8,2026-08-22 08:00:00,2026-08-22 16:00:00,8.0,Completed,2026-08-22
1878,17,93,2026-08-22,2026-08-22 07:00:00,2026-08-22 15:00:00,8,2026-08-22 07:00:00,2026-08-22 15:00:00,8.0,Completed,2026-08-22
1879,428,98,2026-08-22,2026-08-22 07:00:00,2026-08-22 11:00:00,4,,,,Scheduled,2026-08-22
1880,495,89,2026-08-22,2026-08-22 08:00:00,2026-08-22 16:00:00,8,2026-08-22 08:00:00,2026-08-22 16:00:00,8.0,Completed,2026-08-22
1881,555,5,2026-08-22,2026-08-22 06:00:00,2026-08-22 18:00:00,12,2026-08-22 06:00:00,2026-08-22 18:00:00,12.0,Completed,2026-08-22
1882,395,45,2026-08-22,2026-08-22 06:00:00,2026-08-22 12:00:00,6,2026-08-22 06:00:00,2026-08-22 12:00:00,6.0,Completed,2026-08-22
1883,26,117,2026-08-22,2026-08-22 09:00:00,2026-08-22 15:00:00,6,2026-08-22 09:00:00,2026-08-22 15:00:00,6.0,Completed,2026-08-22
1884,519,106,2026-08-22,2026-08-22 14:00:00,2026-08-23 02:00:00,12,2026-08-22 14:00:00,2026-08-23 02:00:00,12.0,Completed,2026-08-22
1885,629,85,2026-08-22,2026-08-22 09:00:00,2026-08-22 17:00:00,8,2026-08-22 09:00:00,2026-08-22 17:00:00,8.0,Completed,2026-08-22
1886,598,53,2026-08-22,2026-08-22 15:00:00,2026-08-22 23:00:00,8,2026-08-22 15:00:00,2026-08-22 23:00:00,8.0,Completed,2026-08-22
1887,584,82,2026-08-22,2026-08-22 08:00:00,2026-08-22 14:00:00,6,2026-08-22 08:00:00,2026-08-22 14:00:00,6.0,Completed,2026-08-22
1888,614,15,2026-08-22,2026-08-22 07:00:00,2026-08-22 19:00:00,12,2026-08-22 07:00:00,2026-08-22 19:00:00,12.0,Completed,2026-08-22
1889,546,72,2026-08-22,2026-08-22 08:00:00,2026-08-22 20:00:00,12,2026-08-22 08:00:00,2026-08-22 20:00:00,12.0,Completed,2026-08-22
1890,338,69,2026-08-22,2026-08-22 15:00:00,2026-08-22 23:00:00,8,2026-08-22 15:00:00,2026-08-22 23:00:00,8.0,Completed,2026-08-22
1891,472,6,2026-08-22,2026-08-22 14:00:00,2026-08-23 02:00:00,12,,,0.0,No-Show,2026-08-22
1892,585,22,2026-08-22,2026-08-22 07:00:00,2026-08-22 19:00:00,12,2026-08-22 07:00:00,2026-08-22 19:00:00,12.0,Completed,2026-08-22
1893,29,116,2026-08-22,2026-08-22 06:00:00,2026-08-22 14:00:00,8,2026-08-22 06:00:00,2026-08-22 14:00:00,8.0,Completed,2026-08-22
1894,348,26,2026-08-22,2026-08-22 15:00:00,2026-08-22 21:00:00,6,2026-08-22 15:00:00,2026-08-22 21:00:00,6.0,Completed,2026-08-22
1895,535,73,2026-08-22,2026-08-22 09:00:00,2026-08-22 15:00:00,6,2026-08-22 09:00:00,2026-08-22 15:00:00,6.0,Completed,2026-08-22
1896,643,113,2026-08-22,2026-08-22 06:00:00,2026-08-22 12:00:00,6,2026-08-22 06:00:00,2026-08-22 12:00:00,6.0,Completed,2026-08-22
1897,517,51,2026-08-22,2026-08-22 15:00:00,2026-08-22 23:00:00,8,2026-08-22 15:00:00,2026-08-22 23:00:00,8.0,Completed,2026-08-22
1898,638,40,2026-08-22,2026-08-22 22:00:00,2026-08-23 06:00:00,8,2026-08-22 22:00:00,2026-08-23 06:00:00,8.0,Completed,2026-08-22
1899,612,76,2026-08-22,2026-08-22 14:00:00,2026-08-22 18:00:00,4,2026-08-22 14:00:00,2026-08-22 18:00:00,4.0,Completed,2026-08-22
1900,594,107,2026-08-22,2026-08-22 22:00:00,2026-08-23 10:00:00,12,2026-08-22 22:00:00,2026-08-23 10:00:00,12.0,Completed,2026-08-22
1901,537,111,2026-08-22,2026-08-22 15:00:00,2026-08-23 03:00:00,12,2026-08-22 15:00:00,2026-08-23 03:00:00,12.0,Completed,2026-08-22
1902,632,17,2026-08-22,2026-08-22 15:00:00,2026-08-22 19:00:00,4,2026-08-22 15:00:00,2026-08-22 19:00:00,4.0,Completed,2026-08-22
1903,634,19,2026-08-22,2026-08-22 15:00:00,2026-08-23 03:00:00,12,2026-08-22 15:00:00,2026-08-23 03:00:00,12.0,Completed,2026-08-22
1904,630,4,2026-08-22,2026-08-22 07:00:00,2026-08-22 13:00:00,6,2026-08-22 07:00:00,2026-08-22 13:00:00,6.0,Completed,2026-08-22
1905,600,86,2026-08-22,2026-08-22 14:00:00,2026-08-22 20:00:00,6,,,0.0,Cancelled - Client,2026-08-22
1906,620,109,2026-08-22,2026-08-22 06:00:00,2026-08-22 14:00:00,8,2026-08-22 06:00:00,2026-08-22 14:00:00,8.0,Completed,2026-08-22
1907,597,92,2026-08-22,2026-08-22 09:00:00,2026-08-22 17:00:00,8,2026-08-22 09:00:00,2026-08-22 17:00:00,8.0,Completed,2026-08-22
1908,624,100,2026-08-22,2026-08-22 08:00:00,2026-08-22 14:00:00,6,2026-08-22 08:00:00,2026-08-22 14:00:00,6.0,Completed,2026-08-22
1909,545,65,2026-08-22,2026-08-22 08:00:00,2026-08-22 14:00:00,6,2026-08-22 08:00:00,2026-08-22 14:00:00,6.0,Completed,2026-08-22
1910,637,79,2026-08-22,2026-08-22 22:00:00,2026-08-23 02:00:00,4,2026-08-22 22:00:00,2026-08-23 02:00:00,4.0,Completed,2026-08-22
1911,576,61,2026-08-22,2026-08-22 15:00:00,2026-08-23 03:00:00,12,2026-08-22 15:00:00,2026-08-23 03:00:00,12.0,Completed,2026-08-22
1912,625,1,2026-08-22,2026-08-22 06:00:00,2026-08-22 14:00:00,8,2026-08-22 06:00:00,2026-08-22 14:00:00,8.0,Completed,2026-08-22
1913,433,89,2026-08-23,2026-08-23 07:00:00,2026-08-23 13:00:00,6,2026-08-23 07:00:00,2026-08-23 13:00:00,6.0,Completed,2026-08-23
1914,537,115,2026-08-23,2026-08-23 15:00:00,2026-08-23 21:00:00,6,2026-08-23 15:00:00,2026-08-23 21:00:00,6.0,Completed,2026-08-23
1915,614,114,2026-08-23,2026-08-23 09:00:00,2026-08-23 15:00:00,6,2026-08-23 09:00:00,2026-08-23 15:00:00,6.0,Completed,2026-08-23
1916,635,6,2026-08-23,2026-08-23 15:00:00,2026-08-23 21:00:00,6,,,0.0,Cancelled - Client,2026-08-23
1917,517,117,2026-08-23,2026-08-23 07:00:00,2026-08-23 11:00:00,4,2026-08-23 07:00:00,2026-08-23 11:00:00,4.0,Completed,2026-08-23
1918,440,81,2026-08-23,2026-08-23 15:00:00,2026-08-23 21:00:00,6,2026-08-23 15:00:00,2026-08-23 21:00:00,6.0,Completed,2026-08-23
1919,472,36,2026-08-23,2026-08-23 15:00:00,2026-08-23 23:00:00,8,2026-08-23 15:00:00,2026-08-23 23:00:00,8.0,Completed,2026-08-23
1920,594,107,2026-08-23,2026-08-23 08:00:00,2026-08-23 14:00:00,6,2026-08-23 08:00:00,2026-08-23 14:00:00,6.0,Completed,2026-08-23
1921,633,97,2026-08-23,2026-08-23 08:00:00,2026-08-23 20:00:00,12,2026-08-23 08:00:00,2026-08-23 20:00:00,12.0,Completed,2026-08-23
1922,329,45,2026-08-23,2026-08-23 06:00:00,2026-08-23 12:00:00,6,,,0.0,Cancelled - Employee,2026-08-23
1923,642,98,2026-08-23,2026-08-23 14:00:00,2026-08-24 02:00:00,12,2026-08-23 14:00:00,2026-08-24 02:00:00,12.0,Completed,2026-08-23
1924,588,17,2026-08-23,2026-08-23 08:00:00,2026-08-23 12:00:00,4,2026-08-23 08:00:00,2026-08-23 12:00:00,4.0,Completed,2026-08-23
1925,564,37,2026-08-23,2026-08-23 14:00:00,2026-08-23 22:00:00,8,2026-08-23 14:00:00,2026-08-23 22:00:00,8.0,Completed,2026-08-23
1926,625,1,2026-08-23,2026-08-23 06:00:00,2026-08-23 10:00:00,4,2026-08-23 06:00:00,2026-08-23 10:00:00,4.0,Completed,2026-08-23
1927,643,100,2026-08-23,2026-08-23 09:00:00,2026-08-23 21:00:00,12,2026-08-23 09:00:00,2026-08-23 21:00:00,12.0,Completed,2026-08-23
1928,394,55,2026-08-23,2026-08-23 15:00:00,2026-08-23 19:00:00,4,2026-08-23 15:00:00,2026-08-23 19:00:00,4.0,Completed,2026-08-23
1929,17,5,2026-08-23,2026-08-23 07:00:00,2026-08-23 13:00:00,6,2026-08-23 07:00:00,2026-08-23 13:00:00,6.0,Completed,2026-08-23
1930,436,119,2026-08-23,2026-08-23 07:00:00,2026-08-23 15:00:00,8,2026-08-23 07:00:00,2026-08-23 15:00:00,8.0,Completed,2026-08-23
1931,555,56,2026-08-23,2026-08-23 07:00:00,2026-08-23 19:00:00,12,2026-08-23 07:00:00,2026-08-23 19:00:00,12.0,Completed,2026-08-23
1932,634,108,2026-08-23,2026-08-23 07:00:00,2026-08-23 11:00:00,4,2026-08-23 07:00:00,2026-08-23 11:00:00,4.0,Completed,2026-08-23
1933,509,59,2026-08-23,2026-08-23 14:00:00,2026-08-23 18:00:00,4,,,0.0,Cancelled - Client,2026-08-23
1934,498,85,2026-08-23,2026-08-23 22:00:00,2026-08-24 06:00:00,8,2026-08-23 22:00:00,2026-08-24 06:00:00,8.0,Completed,2026-08-23
1935,646,26,2026-08-23,2026-08-23 14:00:00,2026-08-23 20:00:00,6,2026-08-23 14:00:00,2026-08-23 20:00:00,6.0,Completed,2026-08-23
1936,615,19,2026-08-23,2026-08-23 08:00:00,2026-08-23 16:00:00,8,2026-08-23 08:00:00,2026-08-23 16:00:00,8.0,Completed,2026-08-23
1937,576,61,2026-08-23,2026-08-23 14:00:00,2026-08-24 02:00:00,12,2026-08-23 14:00:00,2026-08-24 02:00:00,12.0,Completed,2026-08-23
1938,491,90,2026-08-23,2026-08-23 14:00:00,2026-08-23 18:00:00,4,2026-08-23 14:00:00,2026-08-23 18:00:00,4.0,Completed,2026-08-23
1939,637,67,2026-08-23,2026-08-23 22:00:00,2026-08-24 02:00:00,4,,,0.0,Cancelled - Client,2026-08-23
1940,632,96,2026-08-23,2026-08-23 14:00:00,2026-08-23 20:00:00,6,2026-08-23 14:00:00,2026-08-23 20:00:00,6.0,Completed,2026-08-23
1941,597,52,2026-08-23,2026-08-23 14:00:00,2026-08-23 18:00:00,4,,,,Scheduled,2026-08-23
1942,653,66,2026-08-23,2026-08-23 09:00:00,2026-08-23 21:00:00,12,2026-08-23 09:00:00,2026-08-23 21:00:00,12.0,Completed,2026-08-23
1943,602,33,2026-08-23,2026-08-23 09:00:00,2026-08-23 15:00:00,6,2026-08-23 09:00:00,2026-08-23 15:00:00,6.0,Completed,2026-08-23
1944,582,109,2026-08-23,2026-08-23 08:00:00,2026-08-23 12:00:00,4,2026-08-23 08:00:00,2026-08-23 12:00:00,4.0,Completed,2026-08-23
1945,640,49,2026-08-23,2026-08-23 07:00:00,2026-08-23 19:00:00,12,2026-08-23 07:00:00,2026-08-23 19:00:00,12.0,Completed,2026-08-23
1946,527,79,2026-08-23,2026-08-23 09:00:00,2026-08-23 13:00:00,4,2026-08-23 09:00:00,2026-08-23 13:00:00,4.0,Completed,2026-08-23
1947,532,73,2026-08-23,2026-08-23 08:00:00,2026-08-23 20:00:00,12,2026-08-23 08:00:00,2026-08-23 20:00:00,12.0,Completed,2026-08-23
1948,20,15,2026-08-23,2026-08-23 08:00:00,2026-08-23 12:00:00,4,2026-08-23 08:00:00,2026-08-23 12:00:00,4.0,Completed,2026-08-23
1949,551,116,2026-08-23,2026-08-23 07:00:00,2026-08-23 15:00:00,8,,,0.0,No-Show,2026-08-23
1950,620,104,2026-08-23,2026-08-23 22:00:00,2026-08-24 10:00:00,12,2026-08-23 22:00:00,2026-08-24 10:00:00,12.0,Completed,2026-08-23
1951,543,78,2026-08-23,2026-08-23 09:00:00,2026-08-23 15:00:00,6,,,0.0,Cancelled - Employee,2026-08-23
1952,15,58,2026-08-23,2026-08-23 09:00:00,2026-08-23 21:00:00,12,2026-08-23 09:00:00,2026-08-23 21:00:00,12.0,Completed,2026-08-23
1953,428,65,2026-08-23,2026-08-23 22:00:00,2026-08-24 10:00:00,12,2026-08-23 22:00:00,2026-08-24 10:00:00,12.0,Completed,2026-08-23
1954,626,95,2026-08-23,2026-08-23 14:00:00,2026-08-23 22:00:00,8,2026-08-23 14:00:00,2026-08-23 22:00:00,8.0,Completed,2026-08-23
1955,536,101,2026-08-23,2026-08-23 15:00:00,2026-08-23 23:00:00,8,2026-08-23 15:00:00,2026-08-23 23:00:00,8.0,Completed,2026-08-23
1956,644,40,2026-08-23,2026-08-23 22:00:00,2026-08-24 10:00:00,12,,,0.0,No-Show,2026-08-23
1957,656,111,2026-08-23,2026-08-23 15:00:00,2026-08-23 21:00:00,6,2026-08-23 15:00:00,2026-08-23 21:00:00,6.0,Completed,2026-08-23
1958,645,120,2026-08-23,2026-08-23 22:00:00,2026-08-24 06:00:00,8,2026-08-23 22:00:00,2026-08-24 06:00:00,8.0,Completed,2026-08-23
1959,624,102,2026-08-24,2026-08-24 08:00:00,2026-08-24 14:00:00,6,2026-08-24 08:00:00,2026-08-24 14:00:00,6.0,Completed,2026-08-24
1960,537,41,2026-08-24,2026-08-24 06:00:00,2026-08-24 14:00:00,8,2026-08-24 06:00:00,2026-08-24 14:00:00,8.0,Completed,2026-08-24
1961,598,121,2026-08-24,2026-08-24 15:00:00,2026-08-24 21:00:00,6,2026-08-24 15:00:00,2026-08-24 21:00:00,6.0,Completed,2026-08-24
1962,5,95,2026-08-24,2026-08-24 22:00:00,2026-08-25 06:00:00,8,2026-08-24 22:00:00,2026-08-25 06:00:00,8.0,Completed,2026-08-24
1963,26,109,2026-08-24,2026-08-24 09:00:00,2026-08-24 17:00:00,8,,,0.0,Cancelled - Employee,2026-08-24
1964,632,81,2026-08-24,2026-08-24 09:00:00,2026-08-24 17:00:00,8,2026-08-24 09:00:00,2026-08-24 17:00:00,8.0,Completed,2026-08-24
1965,495,92,2026-08-24,2026-08-24 15:00:00,2026-08-24 19:00:00,4,2026-08-24 15:00:00,2026-08-24 19:00:00,4.0,Completed,2026-08-24
1966,520,54,2026-08-24,2026-08-24 07:00:00,2026-08-24 15:00:00,8,2026-08-24 07:00:00,2026-08-24 15:00:00,8.0,Completed,2026-08-24
1967,648,19,2026-08-24,2026-08-24 06:00:00,2026-08-24 18:00:00,12,,,0.0,Cancelled - Employee,2026-08-24
1968,543,104,2026-08-24,2026-08-24 09:00:00,2026-08-24 17:00:00,8,,,0.0,No-Show,2026-08-24
1969,25,4,2026-08-24,2026-08-24 09:00:00,2026-08-24 13:00:00,4,2026-08-24 09:00:00,2026-08-24 13:00:00,4.0,Completed,2026-08-24
1970,550,15,2026-08-24,2026-08-24 06:00:00,2026-08-24 10:00:00,4,2026-08-24 06:00:00,2026-08-24 10:00:00,4.0,Completed,2026-08-24
1971,630,55,2026-08-24,2026-08-24 07:00:00,2026-08-24 11:00:00,4,2026-08-24 07:00:00,2026-08-24 11:00:00,4.0,Completed,2026-08-24
1972,500,34,2026-08-24,2026-08-24 06:00:00,2026-08-24 12:00:00,6,2026-08-24 06:00:00,2026-08-24 12:00:00,6.0,Completed,2026-08-24
1973,642,72,2026-08-24,2026-08-24 09:00:00,2026-08-24 21:00:00,12,2026-08-24 09:00:00,2026-08-24 21:00:00,12.0,Completed,2026-08-24
1974,640,49,2026-08-24,2026-08-24 14:00:00,2026-08-25 02:00:00,12,2026-08-24 14:00:00,2026-08-25 02:00:00,12.0,Completed,2026-08-24
1975,11,1,2026-08-24,2026-08-24 14:00:00,2026-08-24 22:00:00,8,2026-08-24 14:00:00,2026-08-24 22:00:00,8.0,Completed,2026-08-24
1976,27,65,2026-08-24,2026-08-24 08:00:00,2026-08-24 14:00:00,6,2026-08-24 08:00:00,2026-08-24 14:00:00,6.0,Completed,2026-08-24
1977,12,6,2026-08-24,2026-08-24 15:00:00,2026-08-24 21:00:00,6,2026-08-24 15:00:00,2026-08-24 21:00:00,6.0,Completed,2026-08-24
1978,348,82,2026-08-24,2026-08-24 06:00:00,2026-08-24 14:00:00,8,2026-08-24 06:00:00,2026-08-24 14:00:00,8.0,Completed,2026-08-24
1979,635,26,2026-08-24,2026-08-24 14:00:00,2026-08-24 18:00:00,4,2026-08-24 14:00:00,2026-08-24 18:00:00,4.0,Completed,2026-08-24
1980,625,66,2026-08-24,2026-08-24 06:00:00,2026-08-24 12:00:00,6,,,0.0,Cancelled - Employee,2026-08-24
1981,491,111,2026-08-24,2026-08-24 22:00:00,2026-08-25 02:00:00,4,2026-08-24 22:00:00,2026-08-25 02:00:00,4.0,Completed,2026-08-24
1982,546,43,2026-08-24,2026-08-24 06:00:00,2026-08-24 12:00:00,6,2026-08-24 06:00:00,2026-08-24 12:00:00,6.0,Completed,2026-08-24
1983,20,22,2026-08-24,2026-08-24 07:00:00,2026-08-24 11:00:00,4,2026-08-24 07:00:00,2026-08-24 11:00:00,4.0,Completed,2026-08-24
1984,18,107,2026-08-24,2026-08-24 07:00:00,2026-08-24 19:00:00,12,2026-08-24 07:00:00,2026-08-24 19:00:00,12.0,Completed,2026-08-24
1985,620,79,2026-08-24,2026-08-24 08:00:00,2026-08-24 20:00:00,12,,,,Scheduled,2026-08-24
1986,597,89,2026-08-24,2026-08-24 15:00:00,2026-08-24 19:00:00,4,2026-08-24 15:00:00,2026-08-24 19:00:00,4.0,Completed,2026-08-24
1987,600,115,2026-08-24,2026-08-24 07:00:00,2026-08-24 19:00:00,12,2026-08-24 07:00:00,2026-08-24 19:00:00,12.0,Completed,2026-08-24
1988,602,51,2026-08-24,2026-08-24 09:00:00,2026-08-24 15:00:00,6,,,0.0,Cancelled - Employee,2026-08-24
1989,519,52,2026-08-24,2026-08-24 14:00:00,2026-08-24 18:00:00,4,,,,Scheduled,2026-08-24
1990,623,106,2026-08-24,2026-08-24 15:00:00,2026-08-25 03:00:00,12,,,0.0,Cancelled - Client,2026-08-24
1991,616,85,2026-08-24,2026-08-24 14:00:00,2026-08-25 02:00:00,12,2026-08-24 14:00:00,2026-08-25 02:00:00,12.0,Completed,2026-08-24
1992,612,61,2026-08-24,2026-08-24 07:00:00,2026-08-24 15:00:00,8,,,0.0,Cancelled - Employee,2026-08-24
1993,555,64,2026-08-24,2026-08-24 22:00:00,2026-08-25 06:00:00,8,2026-08-24 22:00:00,2026-08-25 06:00:00,8.0,Completed,2026-08-24
1994,643,58,2026-08-24,2026-08-24 14:00:00,2026-08-24 22:00:00,8,2026-08-24 14:00:00,2026-08-24 22:00:00,8.0,Completed,2026-08-24
1995,607,101,2026-08-24,2026-08-24 08:00:00,2026-08-24 12:00:00,4,,,,Scheduled,2026-08-24
1996,551,118,2026-08-24,2026-08-24 14:00:00,2026-08-24 18:00:00,4,2026-08-24 14:00:00,2026-08-24 18:00:00,4.0,Completed,2026-08-24
1997,13,80,2026-08-24,2026-08-24 06:00:00,2026-08-24 12:00:00,6,,,0.0,No-Show,2026-08-24
1998,565,17,2026-08-24,2026-08-24 08:00:00,2026-08-24 16:00:00,8,2026-08-24 08:00:00,2026-08-24 16:00:00,8.0,Completed,2026-08-24
1999,653,5,2026-08-24,2026-08-24 07:00:00,2026-08-24 13:00:00,6,2026-08-24 07:00:00,2026-08-24 13:00:00,6.0,Completed,2026-08-24
2000,517,59,2026-08-24,2026-08-24 08:00:00,2026-08-24 14:00:00,6,2026-08-24 08:00:00,2026-08-24 14:00:00,6.0,Completed,2026-08-24
2001,436,10,2026-08-24,2026-08-24 14:00:00,2026-08-24 20:00:00,6,2026-08-24 14:00:00,2026-08-24 20:00:00,6.0,Completed,2026-08-24
2002,29,116,2026-08-24,2026-08-24 08:00:00,2026-08-24 14:00:00,6,2026-08-24 08:00:00,2026-08-24 14:00:00,6.0,Completed,2026-08-24
2003,533,112,2026-08-24,2026-08-24 14:00:00,2026-08-24 20:00:00,6,,,0.0,Cancelled - Employee,2026-08-24
2004,567,40,2026-08-24,2026-08-24 15:00:00,2026-08-25 03:00:00,12,,,0.0,Cancelled - Employee,2026-08-24
2005,638,69,2026-08-24,2026-08-24 09:00:00,2026-08-24 21:00:00,12,,,0.0,No-Show,2026-08-24
2006,627,28,2026-08-24,2026-08-24 22:00:00,2026-08-25 02:00:00,4,2026-08-24 22:00:00,2026-08-25 02:00:00,4.0,Completed,2026-08-24
2007,17,56,2026-08-24,2026-08-24 14:00:00,2026-08-24 18:00:00,4,2026-08-24 14:00:00,2026-08-24 18:00:00,4.0,Completed,2026-08-24
2008,614,73,2026-08-24,2026-08-24 14:00:00,2026-08-24 22:00:00,8,,,0.0,Cancelled - Employee,2026-08-24
2009,637,101,2026-08-25,2026-08-25 06:00:00,2026-08-25 14:00:00,8,2026-08-25 06:00:00,2026-08-25 14:00:00,8.0,Completed,2026-08-25
2010,648,72,2026-08-25,2026-08-25 15:00:00,2026-08-25 21:00:00,6,2026-08-25 15:00:00,2026-08-25 21:00:00,6.0,Completed,2026-08-25
2011,536,75,2026-08-25,2026-08-25 06:00:00,2026-08-25 18:00:00,12,,,0.0,Cancelled - Client,2026-08-25
2012,550,15,2026-08-25,2026-08-25 15:00:00,2026-08-25 19:00:00,4,2026-08-25 15:00:00,2026-08-25 19:00:00,4.0,Completed,2026-08-25
2013,612,118,2026-08-25,2026-08-25 08:00:00,2026-08-25 20:00:00,12,2026-08-25 08:00:00,2026-08-25 20:00:00,12.0,Completed,2026-08-25
2014,643,82,2026-08-25,2026-08-25 09:00:00,2026-08-25 15:00:00,6,2026-08-25 09:00:00,2026-08-25 15:00:00,6.0,Completed,2026-08-25
2015,428,85,2026-08-25,2026-08-25 22:00:00,2026-08-26 04:00:00,6,2026-08-25 22:00:00,2026-08-26 04:00:00,6.0,Completed,2026-08-25
2016,509,103,2026-08-25,2026-08-25 08:00:00,2026-08-25 16:00:00,8,2026-08-25 08:00:00,2026-08-25 16:00:00,8.0,Completed,2026-08-25
2017,436,97,2026-08-25,2026-08-25 07:00:00,2026-08-25 11:00:00,4,2026-08-25 07:00:00,2026-08-25 11:00:00,4.0,Completed,2026-08-25
2018,555,1,2026-08-25,2026-08-25 14:00:00,2026-08-25 22:00:00,8,2026-08-25 14:00:00,2026-08-25 22:00:00,8.0,Completed,2026-08-25
2019,629,62,2026-08-25,2026-08-25 22:00:00,2026-08-26 04:00:00,6,2026-08-25 22:00:00,2026-08-26 04:00:00,6.0,Completed,2026-08-25
2020,646,6,2026-08-25,2026-08-25 09:00:00,2026-08-25 13:00:00,4,2026-08-25 09:00:00,2026-08-25 13:00:00,4.0,Completed,2026-08-25
2021,10,111,2026-08-25,2026-08-25 09:00:00,2026-08-25 21:00:00,12,2026-08-25 09:00:00,2026-08-25 21:00:00,12.0,Completed,2026-08-25
2022,656,92,2026-08-25,2026-08-25 15:00:00,2026-08-25 19:00:00,4,2026-08-25 15:00:00,2026-08-25 19:00:00,4.0,Completed,2026-08-25
2023,624,26,2026-08-25,2026-08-25 14:00:00,2026-08-25 22:00:00,8,2026-08-25 14:00:00,2026-08-25 22:00:00,8.0,Completed,2026-08-25
2024,433,52,2026-08-25,2026-08-25 07:00:00,2026-08-25 19:00:00,12,2026-08-25 07:00:00,2026-08-25 19:00:00,12.0,Completed,2026-08-25
2025,598,45,2026-08-25,2026-08-25 22:00:00,2026-08-26 06:00:00,8,2026-08-25 22:00:00,2026-08-26 06:00:00,8.0,Completed,2026-08-25
2026,20,49,2026-08-25,2026-08-25 07:00:00,2026-08-25 13:00:00,6,,,0.0,Cancelled - Client,2026-08-25
2027,394,66,2026-08-25,2026-08-25 08:00:00,2026-08-25 12:00:00,4,,,0.0,Cancelled - Client,2026-08-25
2028,247,116,2026-08-25,2026-08-25 14:00:00,2026-08-26 02:00:00,12,,,0.0,Cancelled - Employee,2026-08-25
2029,638,40,2026-08-25,2026-08-25 15:00:00,2026-08-25 21:00:00,6,2026-08-25 15:00:00,2026-08-25 21:00:00,6.0,Completed,2026-08-25
2030,594,58,2026-08-25,2026-08-25 07:00:00,2026-08-25 19:00:00,12,2026-08-25 07:00:00,2026-08-25 19:00:00,12.0,Completed,2026-08-25
2031,472,107,2026-08-25,2026-08-25 22:00:00,2026-08-26 06:00:00,8,,,0.0,No-Show,2026-08-25
2032,27,19,2026-08-25,2026-08-25 15:00:00,2026-08-25 19:00:00,4,2026-08-25 15:00:00,2026-08-25 19:00:00,4.0,Completed,2026-08-25
2033,650,80,2026-08-25,2026-08-25 07:00:00,2026-08-25 19:00:00,12,2026-08-25 07:00:00,2026-08-25 19:00:00,12.0,Completed,2026-08-25
2034,15,84,2026-08-25,2026-08-25 14:00:00,2026-08-26 02:00:00,12,2026-08-25 14:00:00,2026-08-26 02:00:00,12.0,Completed,2026-08-25
2035,14,65,2026-08-25,2026-08-25 07:00:00,2026-08-25 19:00:00,12,2026-08-25 07:00:00,2026-08-25 19:00:00,12.0,Completed,2026-08-25
2036,654,71,2026-08-25,2026-08-25 15:00:00,2026-08-26 03:00:00,12,,,0.0,Cancelled - Employee,2026-08-25
2037,477,87,2026-08-25,2026-08-25 08:00:00,2026-08-25 12:00:00,4,2026-08-25 08:00:00,2026-08-25 12:00:00,4.0,Completed,2026-08-25
2038,565,117,2026-08-25,2026-08-25 06:00:00,2026-08-25 12:00:00,6,2026-08-25 06:00:00,2026-08-25 12:00:00,6.0,Completed,2026-08-25
2039,576,108,2026-08-25,2026-08-25 22:00:00,2026-08-26 02:00:00,4,2026-08-25 22:00:00,2026-08-26 02:00:00,4.0,Completed,2026-08-25
2040,329,89,2026-08-25,2026-08-25 08:00:00,2026-08-25 12:00:00,4,2026-08-25 08:00:00,2026-08-25 12:00:00,4.0,Completed,2026-08-25
2041,535,4,2026-08-25,2026-08-25 06:00:00,2026-08-25 14:00:00,8,2026-08-25 06:00:00,2026-08-25 14:00:00,8.0,Completed,2026-08-25
2042,625,56,2026-08-25,2026-08-25 09:00:00,2026-08-25 15:00:00,6,2026-08-25 09:00:00,2026-08-25 15:00:00,6.0,Completed,2026-08-25
2043,12,102,2026-08-25,2026-08-25 06:00:00,2026-08-25 18:00:00,12,,,,Scheduled,2026-08-25
2044,30,53,2026-08-25,2026-08-25 08:00:00,2026-08-25 20:00:00,12,2026-08-25 08:00:00,2026-08-25 20:00:00,12.0,Completed,2026-08-25
2045,545,120,2026-08-25,2026-08-25 07:00:00,2026-08-25 15:00:00,8,2026-08-25 07:00:00,2026-08-25 15:00:00,8.0,Completed,2026-08-25
2046,358,61,2026-08-25,2026-08-25 07:00:00,2026-08-25 19:00:00,12,2026-08-25 07:00:00,2026-08-25 19:00:00,12.0,Completed,2026-08-25
2047,627,104,2026-08-25,2026-08-25 07:00:00,2026-08-25 15:00:00,8,,,0.0,Cancelled - Client,2026-08-25
2048,602,28,2026-08-25,2026-08-25 08:00:00,2026-08-25 16:00:00,8,2026-08-25 08:00:00,2026-08-25 16:00:00,8.0,Completed,2026-08-25
2049,616,43,2026-08-25,2026-08-25 08:00:00,2026-08-25 20:00:00,12,,,0.0,Cancelled - Employee,2026-08-25
2050,653,73,2026-08-25,2026-08-25 14:00:00,2026-08-26 02:00:00,12,2026-08-25 14:00:00,2026-08-26 02:00:00,12.0,Completed,2026-08-25
2051,440,17,2026-08-25,2026-08-25 07:00:00,2026-08-25 19:00:00,12,2026-08-25 07:00:00,2026-08-25 19:00:00,12.0,Completed,2026-08-25
2052,517,79,2026-08-25,2026-08-25 09:00:00,2026-08-25 17:00:00,8,2026-08-25 09:00:00,2026-08-25 17:00:00,8.0,Completed,2026-08-25
2053,619,38,2026-08-25,2026-08-25 15:00:00,2026-08-25 21:00:00,6,,,0.0,No-Show,2026-08-25
2054,588,67,2026-08-25,2026-08-25 22:00:00,2026-08-26 10:00:00,12,2026-08-25 22:00:00,2026-08-26 10:00:00,12.0,Completed,2026-08-25
2055,493,113,2026-08-25,2026-08-25 07:00:00,2026-08-25 13:00:00,6,2026-08-25 07:00:00,2026-08-25 13:00:00,6.0,Completed,2026-08-25
2056,657,41,2026-08-25,2026-08-25 15:00:00,2026-08-25 21:00:00,6,2026-08-25 15:00:00,2026-08-25 21:00:00,6.0,Completed,2026-08-25
2057,25,55,2026-08-25,2026-08-25 07:00:00,2026-08-25 11:00:00,4,2026-08-25 07:00:00,2026-08-25 11:00:00,4.0,Completed,2026-08-25
2058,25,1,2026-08-26,2026-08-26 08:00:00,2026-08-26 12:00:00,4,2026-08-26 08:00:00,2026-08-26 12:00:00,4.0,Completed,2026-08-26
2059,645,85,2026-08-26,2026-08-26 22:00:00,2026-08-27 06:00:00,8,,,0.0,No-Show,2026-08-26
2060,614,55,2026-08-26,2026-08-26 07:00:00,2026-08-26 13:00:00,6,2026-08-26 07:00:00,2026-08-26 13:00:00,6.0,Completed,2026-08-26
2061,565,109,2026-08-26,2026-08-26 14:00:00,2026-08-26 22:00:00,8,2026-08-26 14:00:00,2026-08-26 22:00:00,8.0,Completed,2026-08-26
2062,619,58,2026-08-26,2026-08-26 22:00:00,2026-08-27 04:00:00,6,2026-08-26 22:00:00,2026-08-27 04:00:00,6.0,Completed,2026-08-26
2063,624,99,2026-08-26,2026-08-26 22:00:00,2026-08-27 10:00:00,12,2026-08-26 22:00:00,2026-08-27 10:00:00,12.0,Completed,2026-08-26
2064,642,19,2026-08-26,2026-08-26 07:00:00,2026-08-26 11:00:00,4,,,0.0,Cancelled - Client,2026-08-26
2065,616,62,2026-08-26,2026-08-26 08:00:00,2026-08-26 20:00:00,12,,,0.0,Cancelled - Client,2026-08-26
2066,532,4,2026-08-26,2026-08-26 22:00:00,2026-08-27 02:00:00,4,,,0.0,Cancelled - Client,2026-08-26
2067,627,101,2026-08-26,2026-08-26 14:00:00,2026-08-27 02:00:00,12,2026-08-26 14:00:00,2026-08-27 02:00:00,12.0,Completed,2026-08-26
2068,26,51,2026-08-26,2026-08-26 15:00:00,2026-08-27 03:00:00,12,,,0.0,No-Show,2026-08-26
2069,440,103,2026-08-26,2026-08-26 14:00:00,2026-08-27 02:00:00,12,,,0.0,Cancelled - Client,2026-08-26
2070,348,107,2026-08-26,2026-08-26 06:00:00,2026-08-26 18:00:00,12,2026-08-26 06:00:00,2026-08-26 18:00:00,12.0,Completed,2026-08-26
2071,658,66,2026-08-26,2026-08-26 08:00:00,2026-08-26 14:00:00,6,,,0.0,Cancelled - Client,2026-08-26
2072,653,73,2026-08-26,2026-08-26 15:00:00,2026-08-26 23:00:00,8,2026-08-26 15:00:00,2026-08-26 23:00:00,8.0,Completed,2026-08-26
2073,14,65,2026-08-26,2026-08-26 22:00:00,2026-08-27 02:00:00,4,2026-08-26 22:00:00,2026-08-27 02:00:00,4.0,Completed,2026-08-26
2074,20,64,2026-08-26,2026-08-26 22:00:00,2026-08-27 02:00:00,4,2026-08-26 22:00:00,2026-08-27 02:00:00,4.0,Completed,2026-08-26
2075,584,113,2026-08-26,2026-08-26 15:00:00,2026-08-26 21:00:00,6,,,0.0,Cancelled - Employee,2026-08-26
2076,596,40,2026-08-26,2026-08-26 09:00:00,2026-08-26 17:00:00,8,2026-08-26 09:00:00,2026-08-26 17:00:00,8.0,Completed,2026-08-26
2077,428,61,2026-08-26,2026-08-26 06:00:00,2026-08-26 14:00:00,8,2026-08-26 06:00:00,2026-08-26 14:00:00,8.0,Completed,2026-08-26
2078,358,120,2026-08-26,2026-08-26 22:00:00,2026-08-27 10:00:00,12,2026-08-26 22:00:00,2026-08-27 10:00:00,12.0,Completed,2026-08-26
2079,567,45,2026-08-26,2026-08-26 14:00:00,2026-08-27 02:00:00,12,2026-08-26 14:00:00,2026-08-27 02:00:00,12.0,Completed,2026-08-26
2080,394,15,2026-08-26,2026-08-26 09:00:00,2026-08-26 13:00:00,4,2026-08-26 09:00:00,2026-08-26 13:00:00,4.0,Completed,2026-08-26
2081,10,92,2026-08-26,2026-08-26 09:00:00,2026-08-26 21:00:00,12,,,0.0,No-Show,2026-08-26
2082,620,104,2026-08-26,2026-08-26 15:00:00,2026-08-26 21:00:00,6,,,,Scheduled,2026-08-26
2083,545,10,2026-08-26,2026-08-26 06:00:00,2026-08-26 10:00:00,4,2026-08-26 06:00:00,2026-08-26 10:00:00,4.0,Completed,2026-08-26
2084,598,52,2026-08-26,2026-08-26 09:00:00,2026-08-26 17:00:00,8,2026-08-26 09:00:00,2026-08-26 17:00:00,8.0,Completed,2026-08-26
2085,456,26,2026-08-26,2026-08-26 09:00:00,2026-08-26 21:00:00,12,2026-08-26 09:00:00,2026-08-26 21:00:00,12.0,Completed,2026-08-26
2086,582,17,2026-08-26,2026-08-26 08:00:00,2026-08-26 14:00:00,6,2026-08-26 08:00:00,2026-08-26 14:00:00,6.0,Completed,2026-08-26
2087,643,100,2026-08-26,2026-08-26 06:00:00,2026-08-26 14:00:00,8,2026-08-26 06:00:00,2026-08-26 14:00:00,8.0,Completed,2026-08-26
2088,536,81,2026-08-26,2026-08-26 09:00:00,2026-08-26 15:00:00,6,,,0.0,Cancelled - Employee,2026-08-26
2089,626,5,2026-08-26,2026-08-26 08:00:00,2026-08-26 16:00:00,8,2026-08-26 08:00:00,2026-08-26 16:00:00,8.0,Completed,2026-08-26
2090,535,56,2026-08-26,2026-08-26 07:00:00,2026-08-26 11:00:00,4,2026-08-26 07:00:00,2026-08-26 11:00:00,4.0,Completed,2026-08-26
2091,657,69,2026-08-26,2026-08-26 06:00:00,2026-08-26 18:00:00,12,2026-08-26 06:00:00,2026-08-26 18:00:00,12.0,Completed,2026-08-26
2092,655,70,2026-08-26,2026-08-26 22:00:00,2026-08-27 06:00:00,8,2026-08-26 22:00:00,2026-08-27 06:00:00,8.0,Completed,2026-08-26
2093,635,82,2026-08-26,2026-08-26 06:00:00,2026-08-26 12:00:00,6,,,0.0,Cancelled - Client,2026-08-26
2094,644,111,2026-08-26,2026-08-26 14:00:00,2026-08-26 18:00:00,4,2026-08-26 14:00:00,2026-08-26 18:00:00,4.0,Completed,2026-08-26
2095,27,72,2026-08-26,2026-08-26 06:00:00,2026-08-26 12:00:00,6,2026-08-26 06:00:00,2026-08-26 12:00:00,6.0,Completed,2026-08-26
2096,550,114,2026-08-26,2026-08-26 14:00:00,2026-08-26 20:00:00,6,2026-08-26 14:00:00,2026-08-26 20:00:00,6.0,Completed,2026-08-26
2097,436,43,2026-08-26,2026-08-26 06:00:00,2026-08-26 12:00:00,6,2026-08-26 06:00:00,2026-08-26 12:00:00,6.0,Completed,2026-08-26
2098,18,38,2026-08-26,2026-08-26 08:00:00,2026-08-26 14:00:00,6,2026-08-26 08:00:00,2026-08-26 14:00:00,6.0,Completed,2026-08-26
2099,612,118,2026-08-26,2026-08-26 06:00:00,2026-08-26 10:00:00,4,2026-08-26 06:00:00,2026-08-26 10:00:00,4.0,Completed,2026-08-26
2100,641,89,2026-08-26,2026-08-26 14:00:00,2026-08-26 22:00:00,8,2026-08-26 14:00:00,2026-08-26 22:00:00,8.0,Completed,2026-08-26
2101,493,87,2026-08-26,2026-08-26 09:00:00,2026-08-26 17:00:00,8,,,0.0,Cancelled - Client,2026-08-26
2102,461,26,2026-08-27,2026-08-27 06:00:00,2026-08-27 12:00:00,6,,,0.0,No-Show,2026-08-27
2103,500,52,2026-08-27,2026-08-27 08:00:00,2026-08-27 12:00:00,4,,,0.0,Cancelled - Employee,2026-08-27
2104,17,56,2026-08-27,2026-08-27 15:00:00,2026-08-27 23:00:00,8,2026-08-27 15:00:00,2026-08-27 23:00:00,8.0,Completed,2026-08-27
2105,633,62,2026-08-27,2026-08-27 07:00:00,2026-08-27 13:00:00,6,,,0.0,Cancelled - Employee,2026-08-27
2106,588,67,2026-08-27,2026-08-27 09:00:00,2026-08-27 17:00:00,8,2026-08-27 09:00:00,2026-08-27 17:00:00,8.0,Completed,2026-08-27
2107,653,5,2026-08-27,2026-08-27 14:00:00,2026-08-27 18:00:00,4,2026-08-27 14:00:00,2026-08-27 18:00:00,4.0,Completed,2026-08-27
2108,509,33,2026-08-27,2026-08-27 07:00:00,2026-08-27 11:00:00,4,2026-08-27 07:00:00,2026-08-27 11:00:00,4.0,Completed,2026-08-27
2109,643,107,2026-08-27,2026-08-27 06:00:00,2026-08-27 18:00:00,12,2026-08-27 06:00:00,2026-08-27 18:00:00,12.0,Completed,2026-08-27
2110,487,89,2026-08-27,2026-08-27 08:00:00,2026-08-27 20:00:00,12,,,0.0,No-Show,2026-08-27
2111,27,97,2026-08-27,2026-08-27 08:00:00,2026-08-27 16:00:00,8,,,0.0,No-Show,2026-08-27
2112,20,95,2026-08-27,2026-08-27 15:00:00,2026-08-28 03:00:00,12,2026-08-27 15:00:00,2026-08-28 03:00:00,12.0,Completed,2026-08-27
2113,650,113,2026-08-27,2026-08-27 14:00:00,2026-08-27 18:00:00,4,2026-08-27 14:00:00,2026-08-27 18:00:00,4.0,Completed,2026-08-27
2114,30,40,2026-08-27,2026-08-27 14:00:00,2026-08-27 20:00:00,6,2026-08-27 14:00:00,2026-08-27 20:00:00,6.0,Completed,2026-08-27
2115,348,58,2026-08-27,2026-08-27 08:00:00,2026-08-27 14:00:00,6,,,0.0,No-Show,2026-08-27
2116,616,19,2026-08-27,2026-08-27 15:00:00,2026-08-27 23:00:00,8,,,0.0,Cancelled - Client,2026-08-27
2117,625,66,2026-08-27,2026-08-27 09:00:00,2026-08-27 21:00:00,12,,,0.0,Cancelled - Employee,2026-08-27
2118,565,101,2026-08-27,2026-08-27 14:00:00,2026-08-27 22:00:00,8,,,,Scheduled,2026-08-27
2119,644,92,2026-08-27,2026-08-27 07:00:00,2026-08-27 13:00:00,6,2026-08-27 07:00:00,2026-08-27 13:00:00,6.0,Completed,2026-08-27
2120,428,72,2026-08-27,2026-08-27 07:00:00,2026-08-27 11:00:00,4,,,0.0,No-Show,2026-08-27
2121,545,61,2026-08-27,2026-08-27 08:00:00,2026-08-27 20:00:00,12,2026-08-27 08:00:00,2026-08-27 20:00:00,12.0,Completed,2026-08-27
2122,656,111,2026-08-27,2026-08-27 06:00:00,2026-08-27 12:00:00,6,2026-08-27 06:00:00,2026-08-27 12:00:00,6.0,Completed,2026-08-27
2123,22,102,2026-08-27,2026-08-27 22:00:00,2026-08-28 10:00:00,12,2026-08-27 22:00:00,2026-08-28 10:00:00,12.0,Completed,2026-08-27
2124,662,84,2026-08-27,2026-08-27 22:00:00,2026-08-28 06:00:00,8,,,0.0,No-Show,2026-08-27
2125,546,120,2026-08-27,2026-08-27 15:00:00,2026-08-27 19:00:00,4,2026-08-27 15:00:00,2026-08-27 19:00:00,4.0,Completed,2026-08-27
2126,536,104,2026-08-27,2026-08-27 07:00:00,2026-08-27 19:00:00,12,2026-08-27 07:00:00,2026-08-27 19:00:00,12.0,Completed,2026-08-27
2127,543,51,2026-08-27,2026-08-27 08:00:00,2026-08-27 20:00:00,12,2026-08-27 08:00:00,2026-08-27 20:00:00,12.0,Completed,2026-08-27
2128,9,71,2026-08-27,2026-08-27 14:00:00,2026-08-27 20:00:00,6,2026-08-27 14:00:00,2026-08-27 20:00:00,6.0,Completed,2026-08-27
2129,659,79,2026-08-27,2026-08-27 06:00:00,2026-08-27 12:00:00,6,2026-08-27 06:00:00,2026-08-27 12:00:00,6.0,Completed,2026-08-27
2130,18,100,2026-08-27,2026-08-27 07:00:00,2026-08-27 13:00:00,6,,,0.0,Cancelled - Client,2026-08-27
2131,247,119,2026-08-27,2026-08-27 14:00:00,2026-08-27 22:00:00,8,2026-08-27 14:00:00,2026-08-27 22:00:00,8.0,Completed,2026-08-27
2132,584,37,2026-08-27,2026-08-27 09:00:00,2026-08-27 21:00:00,12,,,,Scheduled,2026-08-27
2133,627,28,2026-08-27,2026-08-27 15:00:00,2026-08-28 03:00:00,12,,,0.0,Cancelled - Client,2026-08-27
2134,620,103,2026-08-27,2026-08-27 07:00:00,2026-08-27 13:00:00,6,2026-08-27 07:00:00,2026-08-27 13:00:00,6.0,Completed,2026-08-27
2135,520,55,2026-08-27,2026-08-27 06:00:00,2026-08-27 18:00:00,12,2026-08-27 06:00:00,2026-08-27 18:00:00,12.0,Completed,2026-08-27
2136,648,65,2026-08-27,2026-08-27 15:00:00,2026-08-27 19:00:00,4,,,0.0,No-Show,2026-08-27
2137,436,10,2026-08-27,2026-08-27 22:00:00,2026-08-28 04:00:00,6,2026-08-27 22:00:00,2026-08-28 04:00:00,6.0,Completed,2026-08-27
2138,645,108,2026-08-27,2026-08-27 14:00:00,2026-08-27 18:00:00,4,2026-08-27 14:00:00,2026-08-27 18:00:00,4.0,Completed,2026-08-27
2139,25,1,2026-08-27,2026-08-27 14:00:00,2026-08-28 02:00:00,12,2026-08-27 14:00:00,2026-08-28 02:00:00,12.0,Completed,2026-08-27
2140,582,117,2026-08-27,2026-08-27 09:00:00,2026-08-27 17:00:00,8,2026-08-27 09:00:00,2026-08-27 17:00:00,8.0,Completed,2026-08-27
2141,630,126,2026-08-27,2026-08-27 14:00:00,2026-08-27 18:00:00,4,2026-08-27 14:00:00,2026-08-27 18:00:00,4.0,Completed,2026-08-27
2142,14,43,2026-08-27,2026-08-27 07:00:00,2026-08-27 19:00:00,12,2026-08-27 07:00:00,2026-08-27 19:00:00,12.0,Completed,2026-08-27
2143,642,85,2026-08-27,2026-08-27 06:00:00,2026-08-27 18:00:00,12,2026-08-27 06:00:00,2026-08-27 18:00:00,12.0,Completed,2026-08-27
2144,585,73,2026-08-27,2026-08-27 15:00:00,2026-08-27 23:00:00,8,2026-08-27 15:00:00,2026-08-27 23:00:00,8.0,Completed,2026-08-27
2145,607,17,2026-08-27,2026-08-27 15:00:00,2026-08-28 03:00:00,12,,,0.0,Cancelled - Client,2026-08-27
2146,527,75,2026-08-27,2026-08-27 07:00:00,2026-08-27 19:00:00,12,2026-08-27 07:00:00,2026-08-27 19:00:00,12.0,Completed,2026-08-27
2147,567,69,2026-08-27,2026-08-27 08:00:00,2026-08-27 20:00:00,12,2026-08-27 08:00:00,2026-08-27 20:00:00,12.0,Completed,2026-08-27
2148,555,15,2026-08-27,2026-08-27 08:00:00,2026-08-27 16:00:00,8,2026-08-27 08:00:00,2026-08-27 16:00:00,8.0,Completed,2026-08-27
2149,456,82,2026-08-27,2026-08-27 22:00:00,2026-08-28 10:00:00,12,2026-08-27 22:00:00,2026-08-28 10:00:00,12.0,Completed,2026-08-27
2150,491,121,2026-08-27,2026-08-27 14:00:00,2026-08-27 20:00:00,6,2026-08-27 14:00:00,2026-08-27 20:00:00,6.0,Completed,2026-08-27
2151,472,87,2026-08-27,2026-08-27 08:00:00,2026-08-27 16:00:00,8,2026-08-27 08:00:00,2026-08-27 16:00:00,8.0,Completed,2026-08-27
2152,29,120,2026-08-28,2026-08-28 06:00:00,2026-08-28 10:00:00,4,2026-08-28 06:00:00,2026-08-28 10:00:00,4.0,Completed,2026-08-28
2153,13,113,2026-08-28,2026-08-28 22:00:00,2026-08-29 04:00:00,6,2026-08-28 22:00:00,2026-08-29 04:00:00,6.0,Completed,2026-08-28
2154,543,17,2026-08-28,2026-08-28 07:00:00,2026-08-28 19:00:00,12,2026-08-28 07:00:00,2026-08-28 19:00:00,12.0,Completed,2026-08-28
2155,461,6,2026-08-28,2026-08-28 15:00:00,2026-08-28 23:00:00,8,,,0.0,No-Show,2026-08-28
2156,18,58,2026-08-28,2026-08-28 15:00:00,2026-08-28 19:00:00,4,2026-08-28 15:00:00,2026-08-28 19:00:00,4.0,Completed,2026-08-28
2157,517,96,2026-08-28,2026-08-28 09:00:00,2026-08-28 13:00:00,4,2026-08-28 09:00:00,2026-08-28 13:00:00,4.0,Completed,2026-08-28
2158,433,52,2026-08-28,2026-08-28 14:00:00,2026-08-29 02:00:00,12,2026-08-28 14:00:00,2026-08-29 02:00:00,12.0,Completed,2026-08-28
2159,596,111,2026-08-28,2026-08-28 06:00:00,2026-08-28 10:00:00,4,2026-08-28 06:00:00,2026-08-28 10:00:00,4.0,Completed,2026-08-28
2160,493,37,2026-08-28,2026-08-28 14:00:00,2026-08-29 02:00:00,12,2026-08-28 14:00:00,2026-08-29 02:00:00,12.0,Completed,2026-08-28
2161,659,101,2026-08-28,2026-08-28 14:00:00,2026-08-29 02:00:00,12,,,0.0,Cancelled - Client,2026-08-28
2162,536,28,2026-08-28,2026-08-28 09:00:00,2026-08-28 21:00:00,12,2026-08-28 09:00:00,2026-08-28 21:00:00,12.0,Completed,2026-08-28
2163,576,85,2026-08-28,2026-08-28 07:00:00,2026-08-28 15:00:00,8,2026-08-28 07:00:00,2026-08-28 15:00:00,8.0,Completed,2026-08-28
2164,12,100,2026-08-28,2026-08-28 14:00:00,2026-08-29 02:00:00,12,2026-08-28 14:00:00,2026-08-29 02:00:00,12.0,Completed,2026-08-28
2165,14,65,2026-08-28,2026-08-28 08:00:00,2026-08-28 20:00:00,12,2026-08-28 08:00:00,2026-08-28 20:00:00,12.0,Completed,2026-08-28
2166,329,40,2026-08-28,2026-08-28 07:00:00,2026-08-28 19:00:00,12,,,0.0,No-Show,2026-08-28
2167,11,66,2026-08-28,2026-08-28 09:00:00,2026-08-28 17:00:00,8,2026-08-28 09:00:00,2026-08-28 17:00:00,8.0,Completed,2026-08-28
2168,633,43,2026-08-28,2026-08-28 07:00:00,2026-08-28 19:00:00,12,,,0.0,No-Show,2026-08-28
2169,491,89,2026-08-28,2026-08-28 08:00:00,2026-08-28 20:00:00,12,2026-08-28 08:00:00,2026-08-28 20:00:00,12.0,Completed,2026-08-28
2170,620,81,2026-08-28,2026-08-28 15:00:00,2026-08-28 23:00:00,8,2026-08-28 15:00:00,2026-08-28 23:00:00,8.0,Completed,2026-08-28
2171,625,5,2026-08-28,2026-08-28 07:00:00,2026-08-28 13:00:00,6,2026-08-28 07:00:00,2026-08-28 13:00:00,6.0,Completed,2026-08-28
2172,5,4,2026-08-28,2026-08-28 08:00:00,2026-08-28 14:00:00,6,2026-08-28 08:00:00,2026-08-28 14:00:00,6.0,Completed,2026-08-28
2173,656,106,2026-08-28,2026-08-28 08:00:00,2026-08-28 12:00:00,4,2026-08-28 08:00:00,2026-08-28 12:00:00,4.0,Completed,2026-08-28
2174,546,61,2026-08-28,2026-08-28 07:00:00,2026-08-28 11:00:00,4,2026-08-28 07:00:00,2026-08-28 11:00:00,4.0,Completed,2026-08-28
2175,654,80,2026-08-28,2026-08-28 22:00:00,2026-08-29 04:00:00,6,2026-08-28 22:00:00,2026-08-29 04:00:00,6.0,Completed,2026-08-28
2176,458,45,2026-08-28,2026-08-28 09:00:00,2026-08-28 17:00:00,8,2026-08-28 09:00:00,2026-08-28 17:00:00,8.0,Completed,2026-08-28
2177,545,91,2026-08-28,2026-08-28 06:00:00,2026-08-28 18:00:00,12,2026-08-28 06:00:00,2026-08-28 18:00:00,12.0,Completed,2026-08-28
2178,663,55,2026-08-28,2026-08-28 15:00:00,2026-08-29 03:00:00,12,2026-08-28 15:00:00,2026-08-29 03:00:00,12.0,Completed,2026-08-28
2179,247,116,2026-08-28,2026-08-28 15:00:00,2026-08-28 19:00:00,4,2026-08-28 15:00:00,2026-08-28 19:00:00,4.0,Completed,2026-08-28
2180,600,53,2026-08-28,2026-08-28 15:00:00,2026-08-28 19:00:00,4,,,0.0,Cancelled - Client,2026-08-28
2181,535,22,2026-08-28,2026-08-28 08:00:00,2026-08-28 12:00:00,4,2026-08-28 08:00:00,2026-08-28 12:00:00,4.0,Completed,2026-08-28
2182,428,118,2026-08-28,2026-08-28 14:00:00,2026-08-28 20:00:00,6,2026-08-28 14:00:00,2026-08-28 20:00:00,6.0,Completed,2026-08-28
2183,395,69,2026-08-28,2026-08-28 06:00:00,2026-08-28 14:00:00,8,,,0.0,Cancelled - Employee,2026-08-28
2184,648,97,2026-08-28,2026-08-28 22:00:00,2026-08-29 02:00:00,4,2026-08-28 22:00:00,2026-08-29 02:00:00,4.0,Completed,2026-08-28
2185,520,15,2026-08-28,2026-08-28 15:00:00,2026-08-28 23:00:00,8,,,0.0,Cancelled - Client,2026-08-28
2186,509,117,2026-08-28,2026-08-28 22:00:00,2026-08-29 10:00:00,12,,,0.0,Cancelled - Employee,2026-08-28
2187,644,110,2026-08-28,2026-08-28 08:00:00,2026-08-28 20:00:00,12,2026-08-28 08:00:00,2026-08-28 20:00:00,12.0,Completed,2026-08-28
2188,607,104,2026-08-28,2026-08-28 15:00:00,2026-08-29 03:00:00,12,,,0.0,Cancelled - Client,2026-08-28
2189,472,107,2026-08-28,2026-08-28 15:00:00,2026-08-28 23:00:00,8,2026-08-28 15:00:00,2026-08-28 23:00:00,8.0,Completed,2026-08-28
2190,358,19,2026-08-28,2026-08-28 08:00:00,2026-08-28 20:00:00,12,2026-08-28 08:00:00,2026-08-28 20:00:00,12.0,Completed,2026-08-28
2191,550,126,2026-08-28,2026-08-28 08:00:00,2026-08-28 20:00:00,12,2026-08-28 08:00:00,2026-08-28 20:00:00,12.0,Completed,2026-08-28
2192,642,72,2026-08-28,2026-08-28 14:00:00,2026-08-28 22:00:00,8,,,0.0,No-Show,2026-08-28
2193,477,71,2026-08-28,2026-08-28 07:00:00,2026-08-28 15:00:00,8,2026-08-28 07:00:00,2026-08-28 15:00:00,8.0,Completed,2026-08-28
2194,394,1,2026-08-28,2026-08-28 08:00:00,2026-08-28 14:00:00,6,2026-08-28 08:00:00,2026-08-28 14:00:00,6.0,Completed,2026-08-28
2195,650,87,2026-08-28,2026-08-28 07:00:00,2026-08-28 15:00:00,8,2026-08-28 07:00:00,2026-08-28 15:00:00,8.0,Completed,2026-08-28
2196,533,84,2026-08-28,2026-08-28 06:00:00,2026-08-28 18:00:00,12,2026-08-28 06:00:00,2026-08-28 18:00:00,12.0,Completed,2026-08-28
2197,596,92,2026-08-29,2026-08-29 09:00:00,2026-08-29 15:00:00,6,2026-08-29 09:00:00,2026-08-29 15:00:00,6.0,Completed,2026-08-29
2198,623,45,2026-08-29,2026-08-29 22:00:00,2026-08-30 02:00:00,4,2026-08-29 22:00:00,2026-08-30 02:00:00,4.0,Completed,2026-08-29
2199,9,124,2026-08-29,2026-08-29 15:00:00,2026-08-29 21:00:00,6,2026-08-29 15:00:00,2026-08-29 21:00:00,6.0,Completed,2026-08-29
2200,546,62,2026-08-29,2026-08-29 06:00:00,2026-08-29 18:00:00,12,2026-08-29 06:00:00,2026-08-29 18:00:00,12.0,Completed,2026-08-29
2201,519,89,2026-08-29,2026-08-29 06:00:00,2026-08-29 10:00:00,4,2026-08-29 06:00:00,2026-08-29 10:00:00,4.0,Completed,2026-08-29
2202,565,101,2026-08-29,2026-08-29 15:00:00,2026-08-29 19:00:00,4,2026-08-29 15:00:00,2026-08-29 19:00:00,4.0,Completed,2026-08-29
2203,607,17,2026-08-29,2026-08-29 08:00:00,2026-08-29 14:00:00,6,2026-08-29 08:00:00,2026-08-29 14:00:00,6.0,Completed,2026-08-29
2204,616,119,2026-08-29,2026-08-29 14:00:00,2026-08-29 18:00:00,4,2026-08-29 14:00:00,2026-08-29 18:00:00,4.0,Completed,2026-08-29
2205,650,26,2026-08-29,2026-08-29 06:00:00,2026-08-29 14:00:00,8,2026-08-29 06:00:00,2026-08-29 14:00:00,8.0,Completed,2026-08-29
2206,576,72,2026-08-29,2026-08-29 08:00:00,2026-08-29 16:00:00,8,,,0.0,Cancelled - Client,2026-08-29
2207,662,58,2026-08-29,2026-08-29 06:00:00,2026-08-29 12:00:00,6,2026-08-29 06:00:00,2026-08-29 12:00:00,6.0,Completed,2026-08-29
2208,658,73,2026-08-29,2026-08-29 07:00:00,2026-08-29 15:00:00,8,2026-08-29 07:00:00,2026-08-29 15:00:00,8.0,Completed,2026-08-29
2209,532,66,2026-08-29,2026-08-29 15:00:00,2026-08-30 03:00:00,12,2026-08-29 15:00:00,2026-08-30 03:00:00,12.0,Completed,2026-08-29
2210,555,122,2026-08-29,2026-08-29 09:00:00,2026-08-29 13:00:00,4,2026-08-29 09:00:00,2026-08-29 13:00:00,4.0,Completed,2026-08-29
2211,14,19,2026-08-29,2026-08-29 08:00:00,2026-08-29 16:00:00,8,,,0.0,Cancelled - Client,2026-08-29
2212,545,61,2026-08-29,2026-08-29 22:00:00,2026-08-30 10:00:00,12,2026-08-29 22:00:00,2026-08-30 10:00:00,12.0,Completed,2026-08-29
2213,491,40,2026-08-29,2026-08-29 22:00:00,2026-08-30 02:00:00,4,,,0.0,Cancelled - Client,2026-08-29
2214,645,43,2026-08-29,2026-08-29 08:00:00,2026-08-29 12:00:00,4,2026-08-29 08:00:00,2026-08-29 12:00:00,4.0,Completed,2026-08-29
2215,661,52,2026-08-29,2026-08-29 14:00:00,2026-08-29 20:00:00,6,2026-08-29 14:00:00,2026-08-29 20:00:00,6.0,Completed,2026-08-29
2216,5,56,2026-08-29,2026-08-29 22:00:00,2026-08-30 04:00:00,6,2026-08-29 22:00:00,2026-08-30 04:00:00,6.0,Completed,2026-08-29
2217,643,113,2026-08-29,2026-08-29 08:00:00,2026-08-29 12:00:00,4,2026-08-29 08:00:00,2026-08-29 12:00:00,4.0,Completed,2026-08-29
2218,597,69,2026-08-29,2026-08-29 15:00:00,2026-08-29 19:00:00,4,2026-08-29 15:00:00,2026-08-29 19:00:00,4.0,Completed,2026-08-29
2219,635,83,2026-08-29,2026-08-29 09:00:00,2026-08-29 21:00:00,12,2026-08-29 09:00:00,2026-08-29 21:00:00,12.0,Completed,2026-08-29
2220,17,15,2026-08-29,2026-08-29 07:00:00,2026-08-29 15:00:00,8,2026-08-29 07:00:00,2026-08-29 15:00:00,8.0,Completed,2026-08-29
2221,536,104,2026-08-29,2026-08-29 09:00:00,2026-08-29 13:00:00,4,2026-08-29 09:00:00,2026-08-29 13:00:00,4.0,Completed,2026-08-29
2222,247,120,2026-08-29,2026-08-29 22:00:00,2026-08-30 06:00:00,8,2026-08-29 22:00:00,2026-08-30 06:00:00,8.0,Completed,2026-08-29
2223,602,59,2026-08-29,2026-08-29 15:00:00,2026-08-30 03:00:00,12,2026-08-29 15:00:00,2026-08-30 03:00:00,12.0,Completed,2026-08-29
2224,665,10,2026-08-29,2026-08-29 22:00:00,2026-08-30 04:00:00,6,2026-08-29 22:00:00,2026-08-30 04:00:00,6.0,Completed,2026-08-29
2225,456,100,2026-08-29,2026-08-29 08:00:00,2026-08-29 16:00:00,8,2026-08-29 08:00:00,2026-08-29 16:00:00,8.0,Completed,2026-08-29
2226,663,4,2026-08-29,2026-08-29 09:00:00,2026-08-29 13:00:00,4,,,0.0,No-Show,2026-08-29
2227,348,102,2026-08-29,2026-08-29 07:00:00,2026-08-29 19:00:00,12,2026-08-29 07:00:00,2026-08-29 19:00:00,12.0,Completed,2026-08-29
2228,567,111,2026-08-29,2026-08-29 06:00:00,2026-08-29 18:00:00,12,,,0.0,Cancelled - Employee,2026-08-29
2229,656,86,2026-08-29,2026-08-29 08:00:00,2026-08-29 16:00:00,8,2026-08-29 08:00:00,2026-08-29 16:00:00,8.0,Completed,2026-08-29
2230,20,55,2026-08-29,2026-08-29 15:00:00,2026-08-29 19:00:00,4,2026-08-29 15:00:00,2026-08-29 19:00:00,4.0,Completed,2026-08-29
2231,477,37,2026-08-29,2026-08-29 07:00:00,2026-08-29 11:00:00,4,2026-08-29 07:00:00,2026-08-29 11:00:00,4.0,Completed,2026-08-29
2232,502,107,2026-08-29,2026-08-29 09:00:00,2026-08-29 13:00:00,4,2026-08-29 09:00:00,2026-08-29 13:00:00,4.0,Completed,2026-08-29
2233,632,128,2026-08-29,2026-08-29 07:00:00,2026-08-29 11:00:00,4,,,0.0,Cancelled - Employee,2026-08-29
2234,13,127,2026-08-29,2026-08-29 22:00:00,2026-08-30 06:00:00,8,2026-08-29 22:00:00,2026-08-30 06:00:00,8.0,Completed,2026-08-29
2235,627,103,2026-08-29,2026-08-29 14:00:00,2026-08-29 20:00:00,6,,,0.0,Cancelled - Client,2026-08-29
2236,629,65,2026-08-29,2026-08-29 06:00:00,2026-08-29 14:00:00,8,2026-08-29 06:00:00,2026-08-29 14:00:00,8.0,Completed,2026-08-29
2237,626,1,2026-08-29,2026-08-29 15:00:00,2026-08-30 03:00:00,12,2026-08-29 15:00:00,2026-08-30 03:00:00,12.0,Completed,2026-08-29
2238,620,79,2026-08-29,2026-08-29 07:00:00,2026-08-29 19:00:00,12,2026-08-29 07:00:00,2026-08-29 19:00:00,12.0,Completed,2026-08-29
2239,613,70,2026-08-29,2026-08-29 15:00:00,2026-08-29 21:00:00,6,2026-08-29 15:00:00,2026-08-29 21:00:00,6.0,Completed,2026-08-29
2240,428,85,2026-08-29,2026-08-29 08:00:00,2026-08-29 16:00:00,8,,,0.0,Cancelled - Client,2026-08-29
2241,5,93,2026-08-30,2026-08-30 15:00:00,2026-08-31 03:00:00,12,2026-08-30 15:00:00,2026-08-31 03:00:00,12.0,Completed,2026-08-30
2242,588,104,2026-08-30,2026-08-30 09:00:00,2026-08-30 15:00:00,6,2026-08-30 09:00:00,2026-08-30 15:00:00,6.0,Completed,2026-08-30
2243,620,109,2026-08-30,2026-08-30 07:00:00,2026-08-30 19:00:00,12,,,0.0,Cancelled - Client,2026-08-30
2244,626,54,2026-08-30,2026-08-30 08:00:00,2026-08-30 14:00:00,6,2026-08-30 08:00:00,2026-08-30 14:00:00,6.0,Completed,2026-08-30
2245,12,6,2026-08-30,2026-08-30 14:00:00,2026-08-30 18:00:00,4,2026-08-30 14:00:00,2026-08-30 18:00:00,4.0,Completed,2026-08-30
2246,428,120,2026-08-30,2026-08-30 14:00:00,2026-08-30 18:00:00,4,,,0.0,Cancelled - Client,2026-08-30
2247,642,98,2026-08-30,2026-08-30 06:00:00,2026-08-30 12:00:00,6,2026-08-30 06:00:00,2026-08-30 12:00:00,6.0,Completed,2026-08-30
2248,29,61,2026-08-30,2026-08-30 06:00:00,2026-08-30 14:00:00,8,2026-08-30 06:00:00,2026-08-30 14:00:00,8.0,Completed,2026-08-30
2249,26,7,2026-08-30,2026-08-30 09:00:00,2026-08-30 15:00:00,6,2026-08-30 09:00:00,2026-08-30 15:00:00,6.0,Completed,2026-08-30
2250,576,19,2026-08-30,2026-08-30 22:00:00,2026-08-31 10:00:00,12,,,,Scheduled,2026-08-30
2251,394,15,2026-08-30,2026-08-30 14:00:00,2026-08-30 22:00:00,8,2026-08-30 14:00:00,2026-08-30 22:00:00,8.0,Completed,2026-08-30
2252,491,90,2026-08-30,2026-08-30 14:00:00,2026-08-30 18:00:00,4,2026-08-30 14:00:00,2026-08-30 18:00:00,4.0,Completed,2026-08-30
2253,614,126,2026-08-30,2026-08-30 07:00:00,2026-08-30 13:00:00,6,2026-08-30 07:00:00,2026-08-30 13:00:00,6.0,Completed,2026-08-30
2254,629,65,2026-08-30,2026-08-30 15:00:00,2026-08-30 21:00:00,6,2026-08-30 15:00:00,2026-08-30 21:00:00,6.0,Completed,2026-08-30
2255,536,101,2026-08-30,2026-08-30 22:00:00,2026-08-31 06:00:00,8,,,0.0,Cancelled - Employee,2026-08-30
2256,635,87,2026-08-30,2026-08-30 15:00:00,2026-08-30 23:00:00,8,2026-08-30 15:00:00,2026-08-30 23:00:00,8.0,Completed,2026-08-30
2257,565,81,2026-08-30,2026-08-30 07:00:00,2026-08-30 15:00:00,8,,,0.0,Cancelled - Employee,2026-08-30
2258,545,85,2026-08-30,2026-08-30 09:00:00,2026-08-30 17:00:00,8,2026-08-30 09:00:00,2026-08-30 17:00:00,8.0,Completed,2026-08-30
2259,655,40,2026-08-30,2026-08-30 07:00:00,2026-08-30 15:00:00,8,2026-08-30 07:00:00,2026-08-30 15:00:00,8.0,Completed,2026-08-30
2260,668,80,2026-08-30,2026-08-30 06:00:00,2026-08-30 12:00:00,6,2026-08-30 06:00:00,2026-08-30 12:00:00,6.0,Completed,2026-08-30
2261,527,28,2026-08-30,2026-08-30 09:00:00,2026-08-30 13:00:00,4,,,0.0,Cancelled - Employee,2026-08-30
2262,550,49,2026-08-30,2026-08-30 06:00:00,2026-08-30 12:00:00,6,2026-08-30 06:00:00,2026-08-30 12:00:00,6.0,Completed,2026-08-30
2263,612,108,2026-08-30,2026-08-30 06:00:00,2026-08-30 12:00:00,6,2026-08-30 06:00:00,2026-08-30 12:00:00,6.0,Completed,2026-08-30
2264,18,84,2026-08-30,2026-08-30 07:00:00,2026-08-30 13:00:00,6,,,0.0,Cancelled - Employee,2026-08-30
2265,14,72,2026-08-30,2026-08-30 22:00:00,2026-08-31 06:00:00,8,2026-08-30 22:00:00,2026-08-31 06:00:00,8.0,Completed,2026-08-30
2266,663,5,2026-08-30,2026-08-30 09:00:00,2026-08-30 15:00:00,6,2026-08-30 09:00:00,2026-08-30 15:00:00,6.0,Completed,2026-08-30
2267,519,34,2026-08-30,2026-08-30 22:00:00,2026-08-31 10:00:00,12,2026-08-30 22:00:00,2026-08-31 10:00:00,12.0,Completed,2026-08-30
2268,500,52,2026-08-30,2026-08-30 14:00:00,2026-08-30 18:00:00,4,2026-08-30 14:00:00,2026-08-30 18:00:00,4.0,Completed,2026-08-30
2269,602,96,2026-08-30,2026-08-30 07:00:00,2026-08-30 13:00:00,6,,,0.0,Cancelled - Employee,2026-08-30
2270,440,74,2026-08-30,2026-08-30 06:00:00,2026-08-30 10:00:00,4,2026-08-30 06:00:00,2026-08-30 10:00:00,4.0,Completed,2026-08-30
2271,493,107,2026-08-30,2026-08-30 06:00:00,2026-08-30 18:00:00,12,2026-08-30 06:00:00,2026-08-30 18:00:00,12.0,Completed,2026-08-30
2272,633,130,2026-08-30,2026-08-30 14:00:00,2026-08-30 20:00:00,6,2026-08-30 14:00:00,2026-08-30 20:00:00,6.0,Completed,2026-08-30
2273,11,55,2026-08-30,2026-08-30 06:00:00,2026-08-30 10:00:00,4,2026-08-30 06:00:00,2026-08-30 10:00:00,4.0,Completed,2026-08-30
2274,535,22,2026-08-30,2026-08-30 22:00:00,2026-08-31 04:00:00,6,2026-08-30 22:00:00,2026-08-31 04:00:00,6.0,Completed,2026-08-30
2275,666,1,2026-08-30,2026-08-30 08:00:00,2026-08-30 14:00:00,6,,,0.0,Cancelled - Employee,2026-08-30
2276,509,17,2026-08-30,2026-08-30 22:00:00,2026-08-31 02:00:00,4,2026-08-30 22:00:00,2026-08-31 02:00:00,4.0,Completed,2026-08-30
2277,659,79,2026-08-30,2026-08-30 08:00:00,2026-08-30 16:00:00,8,2026-08-30 08:00:00,2026-08-30 16:00:00,8.0,Completed,2026-08-30
2278,329,45,2026-08-30,2026-08-30 15:00:00,2026-08-30 21:00:00,6,2026-08-30 15:00:00,2026-08-30 21:00:00,6.0,Completed,2026-08-30
2279,25,56,2026-08-30,2026-08-30 14:00:00,2026-08-30 18:00:00,4,2026-08-30 14:00:00,2026-08-30 18:00:00,4.0,Completed,2026-08-30
2280,585,4,2026-08-30,2026-08-30 15:00:00,2026-08-31 03:00:00,12,2026-08-30 15:00:00,2026-08-31 03:00:00,12.0,Completed,2026-08-30
2281,461,100,2026-08-30,2026-08-30 14:00:00,2026-08-30 20:00:00,6,2026-08-30 14:00:00,2026-08-30 20:00:00,6.0,Completed,2026-08-30
2282,579,111,2026-08-30,2026-08-30 22:00:00,2026-08-31 02:00:00,4,,,,Scheduled,2026-08-30
2283,22,26,2026-08-30,2026-08-30 06:00:00,2026-08-30 10:00:00,4,2026-08-30 06:00:00,2026-08-30 10:00:00,4.0,Completed,2026-08-30
2284,638,86,2026-08-30,2026-08-30 07:00:00,2026-08-30 19:00:00,12,,,0.0,Cancelled - Client,2026-08-30
2285,594,127,2026-08-30,2026-08-30 14:00:00,2026-08-30 20:00:00,6,2026-08-30 14:00:00,2026-08-30 20:00:00,6.0,Completed,2026-08-30
2286,555,73,2026-08-30,2026-08-30 22:00:00,2026-08-31 10:00:00,12,2026-08-30 22:00:00,2026-08-31 10:00:00,12.0,Completed,2026-08-30
2287,358,118,2026-08-30,2026-08-30 15:00:00,2026-08-31 03:00:00,12,,,0.0,No-Show,2026-08-30
2288,627,78,2026-08-30,2026-08-30 22:00:00,2026-08-31 06:00:00,8,,,0.0,Cancelled - Client,2026-08-30
2289,632,128,2026-08-30,2026-08-30 08:00:00,2026-08-30 12:00:00,4,2026-08-30 08:00:00,2026-08-30 12:00:00,4.0,Completed,2026-08-30
2290,9,58,2026-08-30,2026-08-30 22:00:00,2026-08-31 02:00:00,4,2026-08-30 22:00:00,2026-08-31 02:00:00,4.0,Completed,2026-08-30
2291,640,66,2026-08-30,2026-08-30 07:00:00,2026-08-30 13:00:00,6,2026-08-30 07:00:00,2026-08-30 13:00:00,6.0,Completed,2026-08-30
2292,15,113,2026-08-30,2026-08-30 08:00:00,2026-08-30 20:00:00,12,2026-08-30 08:00:00,2026-08-30 20:00:00,12.0,Completed,2026-08-30
2293,582,75,2026-08-30,2026-08-30 08:00:00,2026-08-30 14:00:00,6,,,0.0,Cancelled - Employee,2026-08-30
2294,661,89,2026-08-31,2026-08-31 22:00:00,2026-09-01 06:00:00,8,2026-08-31 22:00:00,2026-09-01 06:00:00,8.0,Completed,2026-08-31
2295,358,120,2026-08-31,2026-08-31 14:00:00,2026-08-31 18:00:00,4,2026-08-31 14:00:00,2026-08-31 18:00:00,4.0,Completed,2026-08-31
2296,665,97,2026-08-31,2026-08-31 08:00:00,2026-08-31 20:00:00,12,2026-08-31 08:00:00,2026-08-31 20:00:00,12.0,Completed,2026-08-31
2297,667,86,2026-08-31,2026-08-31 08:00:00,2026-08-31 16:00:00,8,,,0.0,Cancelled - Employee,2026-08-31
2298,29,57,2026-08-31,2026-08-31 07:00:00,2026-08-31 13:00:00,6,2026-08-31 07:00:00,2026-08-31 13:00:00,6.0,Completed,2026-08-31
2299,428,62,2026-08-31,2026-08-31 07:00:00,2026-08-31 19:00:00,12,2026-08-31 07:00:00,2026-08-31 19:00:00,12.0,Completed,2026-08-31
2300,12,107,2026-08-31,2026-08-31 14:00:00,2026-08-31 18:00:00,4,2026-08-31 14:00:00,2026-08-31 18:00:00,4.0,Completed,2026-08-31
2301,487,45,2026-08-31,2026-08-31 06:00:00,2026-08-31 12:00:00,6,,,0.0,Cancelled - Client,2026-08-31
2302,664,66,2026-08-31,2026-08-31 07:00:00,2026-08-31 15:00:00,8,2026-08-31 07:00:00,2026-08-31 15:00:00,8.0,Completed,2026-08-31
2303,13,102,2026-08-31,2026-08-31 22:00:00,2026-09-01 02:00:00,4,2026-08-31 22:00:00,2026-09-01 02:00:00,4.0,Completed,2026-08-31
2304,657,111,2026-08-31,2026-08-31 14:00:00,2026-08-31 22:00:00,8,2026-08-31 14:00:00,2026-08-31 22:00:00,8.0,Completed,2026-08-31
2305,472,82,2026-08-31,2026-08-31 14:00:00,2026-08-31 18:00:00,4,2026-08-31 14:00:00,2026-08-31 18:00:00,4.0,Completed,2026-08-31
2306,440,117,2026-08-31,2026-08-31 06:00:00,2026-08-31 10:00:00,4,2026-08-31 06:00:00,2026-08-31 10:00:00,4.0,Completed,2026-08-31
2307,535,126,2026-08-31,2026-08-31 08:00:00,2026-08-31 16:00:00,8,2026-08-31 08:00:00,2026-08-31 16:00:00,8.0,Completed,2026-08-31
2308,502,113,2026-08-31,2026-08-31 06:00:00,2026-08-31 14:00:00,8,2026-08-31 06:00:00,2026-08-31 14:00:00,8.0,Completed,2026-08-31
2309,17,95,2026-08-31,2026-08-31 22:00:00,2026-09-01 04:00:00,6,2026-08-31 22:00:00,2026-09-01 04:00:00,6.0,Completed,2026-08-31
2310,654,38,2026-08-31,2026-08-31 15:00:00,2026-08-31 21:00:00,6,2026-08-31 15:00:00,2026-08-31 21:00:00,6.0,Completed,2026-08-31
2311,644,52,2026-08-31,2026-08-31 07:00:00,2026-08-31 13:00:00,6,2026-08-31 07:00:00,2026-08-31 13:00:00,6.0,Completed,2026-08-31
2312,520,64,2026-08-31,2026-08-31 06:00:00,2026-08-31 14:00:00,8,,,,Scheduled,2026-08-31
2313,620,128,2026-08-31,2026-08-31 15:00:00,2026-08-31 19:00:00,4,,,0.0,Cancelled - Employee,2026-08-31
2314,655,41,2026-08-31,2026-08-31 08:00:00,2026-08-31 16:00:00,8,,,0.0,Cancelled - Employee,2026-08-31
2315,14,65,2026-08-31,2026-08-31 06:00:00,2026-08-31 10:00:00,4,,,0.0,Cancelled - Employee,2026-08-31
2316,11,1,2026-08-31,2026-08-31 14:00:00,2026-08-31 18:00:00,4,2026-08-31 14:00:00,2026-08-31 18:00:00,4.0,Completed,2026-08-31
2317,643,99,2026-08-31,2026-08-31 07:00:00,2026-08-31 15:00:00,8,2026-08-31 07:00:00,2026-08-31 15:00:00,8.0,Completed,2026-08-31
2318,650,58,2026-08-31,2026-08-31 22:00:00,2026-09-01 06:00:00,8,2026-08-31 22:00:00,2026-09-01 06:00:00,8.0,Completed,2026-08-31
2319,585,22,2026-08-31,2026-08-31 06:00:00,2026-08-31 18:00:00,12,2026-08-31 06:00:00,2026-08-31 18:00:00,12.0,Completed,2026-08-31
2320,582,104,2026-08-31,2026-08-31 22:00:00,2026-09-01 02:00:00,4,2026-08-31 22:00:00,2026-09-01 02:00:00,4.0,Completed,2026-08-31
2321,506,40,2026-08-31,2026-08-31 07:00:00,2026-08-31 19:00:00,12,2026-08-31 07:00:00,2026-08-31 19:00:00,12.0,Completed,2026-08-31
2322,607,101,2026-08-31,2026-08-31 07:00:00,2026-08-31 11:00:00,4,2026-08-31 07:00:00,2026-08-31 11:00:00,4.0,Completed,2026-08-31
2323,545,72,2026-08-31,2026-08-31 15:00:00,2026-08-31 19:00:00,4,2026-08-31 15:00:00,2026-08-31 19:00:00,4.0,Completed,2026-08-31
2324,670,5,2026-08-31,2026-08-31 08:00:00,2026-08-31 16:00:00,8,2026-08-31 08:00:00,2026-08-31 16:00:00,8.0,Completed,2026-08-31
2325,648,108,2026-08-31,2026-08-31 09:00:00,2026-08-31 17:00:00,8,2026-08-31 09:00:00,2026-08-31 17:00:00,8.0,Completed,2026-08-31
2326,612,43,2026-08-31,2026-08-31 06:00:00,2026-08-31 10:00:00,4,2026-08-31 06:00:00,2026-08-31 10:00:00,4.0,Completed,2026-08-31
2327,626,15,2026-08-31,2026-08-31 06:00:00,2026-08-31 14:00:00,8,2026-08-31 06:00:00,2026-08-31 14:00:00,8.0,Completed,2026-08-31
2328,588,74,2026-08-31,2026-08-31 09:00:00,2026-08-31 21:00:00,12,2026-08-31 09:00:00,2026-08-31 21:00:00,12.0,Completed,2026-08-31
2329,627,17,2026-08-31,2026-08-31 14:00:00,2026-09-01 02:00:00,12,2026-08-31 14:00:00,2026-09-01 02:00:00,12.0,Completed,2026-08-31
2330,632,109,2026-08-31,2026-08-31 15:00:00,2026-08-31 21:00:00,6,,,0.0,Cancelled - Client,2026-08-31
2331,633,85,2026-08-31,2026-08-31 15:00:00,2026-08-31 19:00:00,4,,,0.0,Cancelled - Employee,2026-08-31
2332,493,26,2026-08-31,2026-08-31 14:00:00,2026-08-31 20:00:00,6,2026-08-31 14:00:00,2026-08-31 20:00:00,6.0,Completed,2026-08-31
2333,669,54,2026-08-31,2026-08-31 09:00:00,2026-08-31 15:00:00,6,2026-08-31 09:00:00,2026-08-31 15:00:00,6.0,Completed,2026-08-31
2334,576,61,2026-08-31,2026-08-31 15:00:00,2026-08-31 23:00:00,8,2026-08-31 15:00:00,2026-08-31 23:00:00,8.0,Completed,2026-08-31
2335,395,70,2026-08-31,2026-08-31 14:00:00,2026-08-31 18:00:00,4,2026-08-31 14:00:00,2026-08-31 18:00:00,4.0,Completed,2026-08-31
2336,659,59,2026-08-31,2026-08-31 07:00:00,2026-08-31 11:00:00,4,,,0.0,No-Show,2026-08-31
2337,30,121,2026-08-31,2026-08-31 09:00:00,2026-08-31 15:00:00,6,2026-08-31 09:00:00,2026-08-31 15:00:00,6.0,Completed,2026-08-31
2338,532,55,2026-08-31,2026-08-31 15:00:00,2026-08-31 23:00:00,8,2026-08-31 15:00:00,2026-08-31 23:00:00,8.0,Completed,2026-08-31
2339,456,127,2026-08-31,2026-08-31 15:00:00,2026-08-31 21:00:00,6,,,0.0,No-Show,2026-08-31
2340,509,79,2026-08-31,2026-08-31 09:00:00,2026-08-31 13:00:00,4,,,0.0,No-Show,2026-08-31
2341,613,90,2026-08-31,2026-08-31 08:00:00,2026-08-31 14:00:00,6,2026-08-31 08:00:00,2026-08-31 14:00:00,6.0,Completed,2026-08-31
2342,653,93,2026-08-31,2026-08-31 06:00:00,2026-08-31 12:00:00,6,2026-08-31 06:00:00,2026-08-31 12:00:00,6.0,Completed,2026-08-31
2343,602,81,2026-08-31,2026-08-31 14:00:00,2026-08-31 22:00:00,8,2026-08-31 14:00:00,2026-08-31 22:00:00,8.0,Completed,2026-08-31
2344,576,119,2026-09-01,2026-09-01 15:00:00,2026-09-01 19:00:00,4,,,0.0,No-Show,2026-09-01
2345,646,6,2026-09-01,2026-09-01 06:00:00,2026-09-01 12:00:00,6,,,0.0,Cancelled - Client,2026-09-01
2346,600,45,2026-09-01,2026-09-01 15:00:00,2026-09-02 03:00:00,12,,,0.0,Cancelled - Client,2026-09-01
2347,663,126,2026-09-01,2026-09-01 09:00:00,2026-09-01 17:00:00,8,2026-09-01 09:00:00,2026-09-01 17:00:00,8.0,Completed,2026-09-01
2348,458,111,2026-09-01,2026-09-01 15:00:00,2026-09-02 03:00:00,12,2026-09-01 15:00:00,2026-09-02 03:00:00,12.0,Completed,2026-09-01
2349,597,34,2026-09-01,2026-09-01 22:00:00,2026-09-02 10:00:00,12,2026-09-01 22:00:00,2026-09-02 10:00:00,12.0,Completed,2026-09-01
2350,584,38,2026-09-01,2026-09-01 06:00:00,2026-09-01 10:00:00,4,2026-09-01 06:00:00,2026-09-01 10:00:00,4.0,Completed,2026-09-01
2351,5,22,2026-09-01,2026-09-01 07:00:00,2026-09-01 11:00:00,4,2026-09-01 07:00:00,2026-09-01 11:00:00,4.0,Completed,2026-09-01
2352,668,127,2026-09-01,2026-09-01 14:00:00,2026-09-02 02:00:00,12,2026-09-01 14:00:00,2026-09-02 02:00:00,12.0,Completed,2026-09-01
2353,440,101,2026-09-01,2026-09-01 15:00:00,2026-09-01 23:00:00,8,2026-09-01 15:00:00,2026-09-01 23:00:00,8.0,Completed,2026-09-01
2354,550,1,2026-09-01,2026-09-01 08:00:00,2026-09-01 12:00:00,4,2026-09-01 08:00:00,2026-09-01 12:00:00,4.0,Completed,2026-09-01
2355,15,113,2026-09-01,2026-09-01 08:00:00,2026-09-01 12:00:00,4,2026-09-01 08:00:00,2026-09-01 12:00:00,4.0,Completed,2026-09-01
2356,629,131,2026-09-01,2026-09-01 07:00:00,2026-09-01 15:00:00,8,2026-09-01 07:00:00,2026-09-01 15:00:00,8.0,Completed,2026-09-01
2357,394,5,2026-09-01,2026-09-01 15:00:00,2026-09-01 19:00:00,4,2026-09-01 15:00:00,2026-09-01 19:00:00,4.0,Completed,2026-09-01
2358,665,108,2026-09-01,2026-09-01 08:00:00,2026-09-01 14:00:00,6,2026-09-01 08:00:00,2026-09-01 14:00:00,6.0,Completed,2026-09-01
2359,13,124,2026-09-01,2026-09-01 14:00:00,2026-09-02 02:00:00,12,2026-09-01 14:00:00,2026-09-02 02:00:00,12.0,Completed,2026-09-01
2360,633,85,2026-09-01,2026-09-01 22:00:00,2026-09-02 10:00:00,12,2026-09-01 22:00:00,2026-09-02 10:00:00,12.0,Completed,2026-09-01
2361,661,89,2026-09-01,2026-09-01 06:00:00,2026-09-01 10:00:00,4,2026-09-01 06:00:00,2026-09-01 10:00:00,4.0,Completed,2026-09-01
2362,22,107,2026-09-01,2026-09-01 08:00:00,2026-09-01 16:00:00,8,,,0.0,Cancelled - Client,2026-09-01
2363,672,98,2026-09-01,2026-09-01 07:00:00,2026-09-01 19:00:00,12,2026-09-01 07:00:00,2026-09-01 19:00:00,12.0,Completed,2026-09-01
2364,602,96,2026-09-01,2026-09-01 22:00:00,2026-09-02 04:00:00,6,2026-09-01 22:00:00,2026-09-02 04:00:00,6.0,Completed,2026-09-01
2365,619,112,2026-09-01,2026-09-01 14:00:00,2026-09-01 20:00:00,6,2026-09-01 14:00:00,2026-09-01 20:00:00,6.0,Completed,2026-09-01
2366,607,51,2026-09-01,2026-09-01 15:00:00,2026-09-02 03:00:00,12,2026-09-01 15:00:00,2026-09-02 03:00:00,12.0,Completed,2026-09-01
2367,645,61,2026-09-01,2026-09-01 14:00:00,2026-09-02 02:00:00,12,2026-09-01 14:00:00,2026-09-02 02:00:00,12.0,Completed,2026-09-01
2368,632,104,2026-09-01,2026-09-01 14:00:00,2026-09-02 02:00:00,12,2026-09-01 14:00:00,2026-09-02 02:00:00,12.0,Completed,2026-09-01
2369,648,97,2026-09-01,2026-09-01 08:00:00,2026-09-01 20:00:00,12,2026-09-01 08:00:00,2026-09-01 20:00:00,12.0,Completed,2026-09-01
2370,9,58,2026-09-01,2026-09-01 15:00:00,2026-09-02 03:00:00,12,2026-09-01 15:00:00,2026-09-02 03:00:00,12.0,Completed,2026-09-01
2371,653,49,2026-09-01,2026-09-01 22:00:00,2026-09-02 10:00:00,12,2026-09-01 22:00:00,2026-09-02 10:00:00,12.0,Completed,2026-09-01
2372,17,4,2026-09-01,2026-09-01 06:00:00,2026-09-01 18:00:00,12,2026-09-01 06:00:00,2026-09-01 18:00:00,12.0,Completed,2026-09-01
2373,14,116,2026-09-01,2026-09-01 07:00:00,2026-09-01 15:00:00,8,,,,Scheduled,2026-09-01
2374,662,26,2026-09-01,2026-09-01 22:00:00,2026-09-02 02:00:00,4,2026-09-01 22:00:00,2026-09-02 02:00:00,4.0,Completed,2026-09-01
2375,509,75,2026-09-01,2026-09-01 09:00:00,2026-09-01 21:00:00,12,,,0.0,Cancelled - Client,2026-09-01
2376,536,33,2026-09-01,2026-09-01 15:00:00,2026-09-02 03:00:00,12,2026-09-01 15:00:00,2026-09-02 03:00:00,12.0,Completed,2026-09-01
2377,358,118,2026-09-01,2026-09-01 06:00:00,2026-09-01 18:00:00,12,2026-09-01 06:00:00,2026-09-01 18:00:00,12.0,Completed,2026-09-01
2378,506,129,2026-09-01,2026-09-01 08:00:00,2026-09-01 14:00:00,6,,,0.0,No-Show,2026-09-01
2379,395,86,2026-09-01,2026-09-01 14:00:00,2026-09-02 02:00:00,12,,,0.0,Cancelled - Client,2026-09-01
2380,612,130,2026-09-01,2026-09-01 14:00:00,2026-09-01 18:00:00,4,2026-09-01 14:00:00,2026-09-01 18:00:00,4.0,Completed,2026-09-01
2381,670,95,2026-09-01,2026-09-01 14:00:00,2026-09-01 18:00:00,4,,,0.0,Cancelled - Employee,2026-09-01
2382,588,117,2026-09-01,2026-09-01 07:00:00,2026-09-01 11:00:00,4,2026-09-01 07:00:00,2026-09-01 11:00:00,4.0,Completed,2026-09-01
2383,26,109,2026-09-01,2026-09-01 15:00:00,2026-09-01 19:00:00,4,2026-09-01 15:00:00,2026-09-01 19:00:00,4.0,Completed,2026-09-01
2384,643,87,2026-09-01,2026-09-01 14:00:00,2026-09-01 20:00:00,6,2026-09-01 14:00:00,2026-09-01 20:00:00,6.0,Completed,2026-09-01
2385,613,52,2026-09-01,2026-09-01 09:00:00,2026-09-01 13:00:00,4,,,0.0,Cancelled - Client,2026-09-01
2386,493,102,2026-09-01,2026-09-01 15:00:00,2026-09-01 21:00:00,6,2026-09-01 15:00:00,2026-09-01 21:00:00,6.0,Completed,2026-09-01
2387,546,65,2026-09-01,2026-09-01 06:00:00,2026-09-01 12:00:00,6,2026-09-01 06:00:00,2026-09-01 12:00:00,6.0,Completed,2026-09-01
2388,12,100,2026-09-01,2026-09-01 09:00:00,2026-09-01 17:00:00,8,,,0.0,Cancelled - Client,2026-09-01
2389,658,66,2026-09-01,2026-09-01 07:00:00,2026-09-01 13:00:00,6,2026-09-01 07:00:00,2026-09-01 13:00:00,6.0,Completed,2026-09-01
2390,594,125,2026-09-01,2026-09-01 06:00:00,2026-09-01 12:00:00,6,2026-09-01 06:00:00,2026-09-01 12:00:00,6.0,Completed,2026-09-01
2391,555,122,2026-09-01,2026-09-01 09:00:00,2026-09-01 17:00:00,8,,,0.0,Cancelled - Client,2026-09-01
2392,456,37,2026-09-01,2026-09-01 06:00:00,2026-09-01 14:00:00,8,,,0.0,Cancelled - Client,2026-09-01
2393,579,110,2026-09-01,2026-09-01 09:00:00,2026-09-01 15:00:00,6,2026-09-01 09:00:00,2026-09-01 15:00:00,6.0,Completed,2026-09-01
2394,642,72,2026-09-01,2026-09-01 08:00:00,2026-09-01 12:00:00,4,2026-09-01 08:00:00,2026-09-01 12:00:00,4.0,Completed,2026-09-01
2395,520,55,2026-09-01,2026-09-01 06:00:00,2026-09-01 10:00:00,4,2026-09-01 06:00:00,2026-09-01 10:00:00,4.0,Completed,2026-09-01
2396,627,79,2026-09-01,2026-09-01 09:00:00,2026-09-01 17:00:00,8,2026-09-01 09:00:00,2026-09-01 17:00:00,8.0,Completed,2026-09-01
2397,436,19,2026-09-01,2026-09-01 22:00:00,2026-09-02 02:00:00,4,2026-09-01 22:00:00,2026-09-02 02:00:00,4.0,Completed,2026-09-01
2398,537,40,2026-09-01,2026-09-01 22:00:00,2026-09-02 06:00:00,8,2026-09-01 22:00:00,2026-09-02 06:00:00,8.0,Completed,2026-09-01
2399,456,107,2026-09-02,2026-09-02 06:00:00,2026-09-02 12:00:00,6,,,0.0,Cancelled - Employee,2026-09-02
2400,672,118,2026-09-02,2026-09-02 09:00:00,2026-09-02 15:00:00,6,2026-09-02 09:00:00,2026-09-02 15:00:00,6.0,Completed,2026-09-02
2401,560,86,2026-09-02,2026-09-02 09:00:00,2026-09-02 13:00:00,4,2026-09-02 09:00:00,2026-09-02 13:00:00,4.0,Completed,2026-09-02
2402,675,134,2026-09-02,2026-09-02 22:00:00,2026-09-03 06:00:00,8,2026-09-02 22:00:00,2026-09-03 06:00:00,8.0,Completed,2026-09-02
2403,555,5,2026-09-02,2026-09-02 06:00:00,2026-09-02 12:00:00,6,2026-09-02 06:00:00,2026-09-02 12:00:00,6.0,Completed,2026-09-02
2404,648,108,2026-09-02,2026-09-02 07:00:00,2026-09-02 19:00:00,12,2026-09-02 07:00:00,2026-09-02 19:00:00,12.0,Completed,2026-09-02
2405,567,89,2026-09-02,2026-09-02 07:00:00,2026-09-02 13:00:00,6,2026-09-02 07:00:00,2026-09-02 13:00:00,6.0,Completed,2026-09-02
2406,668,83,2026-09-02,2026-09-02 15:00:00,2026-09-02 23:00:00,8,,,0.0,No-Show,2026-09-02
2407,29,131,2026-09-02,2026-09-02 22:00:00,2026-09-03 06:00:00,8,2026-09-02 22:00:00,2026-09-03 06:00:00,8.0,Completed,2026-09-02
2408,493,37,2026-09-02,2026-09-02 07:00:00,2026-09-02 11:00:00,4,2026-09-02 07:00:00,2026-09-02 11:00:00,4.0,Completed,2026-09-02
2409,607,79,2026-09-02,2026-09-02 08:00:00,2026-09-02 14:00:00,6,2026-09-02 08:00:00,2026-09-02 14:00:00,6.0,Completed,2026-09-02
2410,500,90,2026-09-02,2026-09-02 15:00:00,2026-09-02 19:00:00,4,2026-09-02 15:00:00,2026-09-02 19:00:00,4.0,Completed,2026-09-02
2411,662,82,2026-09-02,2026-09-02 09:00:00,2026-09-02 21:00:00,12,2026-09-02 09:00:00,2026-09-02 21:00:00,12.0,Completed,2026-09-02
2412,472,124,2026-09-02,2026-09-02 08:00:00,2026-09-02 20:00:00,12,2026-09-02 08:00:00,2026-09-02 20:00:00,12.0,Completed,2026-09-02
2413,536,109,2026-09-02,2026-09-02 15:00:00,2026-09-02 21:00:00,6,2026-09-02 15:00:00,2026-09-02 21:00:00,6.0,Completed,2026-09-02
2414,509,28,2026-09-02,2026-09-02 07:00:00,2026-09-02 15:00:00,8,2026-09-02 07:00:00,2026-09-02 15:00:00,8.0,Completed,2026-09-02
2415,14,85,2026-09-02,2026-09-02 14:00:00,2026-09-03 02:00:00,12,2026-09-02 14:00:00,2026-09-03 02:00:00,12.0,Completed,2026-09-02
2416,358,61,2026-09-02,2026-09-02 15:00:00,2026-09-02 21:00:00,6,2026-09-02 15:00:00,2026-09-02 21:00:00,6.0,Completed,2026-09-02
2417,626,95,2026-09-02,2026-09-02 15:00:00,2026-09-03 03:00:00,12,2026-09-02 15:00:00,2026-09-03 03:00:00,12.0,Completed,2026-09-02
2418,620,75,2026-09-02,2026-09-02 08:00:00,2026-09-02 14:00:00,6,2026-09-02 08:00:00,2026-09-02 14:00:00,6.0,Completed,2026-09-02
2419,13,58,2026-09-02,2026-09-02 06:00:00,2026-09-02 14:00:00,8,2026-09-02 06:00:00,2026-09-02 14:00:00,8.0,Completed,2026-09-02
2420,676,49,2026-09-02,2026-09-02 15:00:00,2026-09-02 19:00:00,4,2026-09-02 15:00:00,2026-09-02 19:00:00,4.0,Completed,2026-09-02
2421,627,101,2026-09-02,2026-09-02 07:00:00,2026-09-02 15:00:00,8,2026-09-02 07:00:00,2026-09-02 15:00:00,8.0,Completed,2026-09-02
2422,667,132,2026-09-02,2026-09-02 22:00:00,2026-09-03 06:00:00,8,2026-09-02 22:00:00,2026-09-03 06:00:00,8.0,Completed,2026-09-02
2423,582,17,2026-09-02,2026-09-02 15:00:00,2026-09-02 19:00:00,4,2026-09-02 15:00:00,2026-09-02 19:00:00,4.0,Completed,2026-09-02
2424,642,65,2026-09-02,2026-09-02 22:00:00,2026-09-03 06:00:00,8,2026-09-02 22:00:00,2026-09-03 06:00:00,8.0,Completed,2026-09-02
2425,436,19,2026-09-02,2026-09-02 06:00:00,2026-09-02 18:00:00,12,2026-09-02 06:00:00,2026-09-02 18:00:00,12.0,Completed,2026-09-02
2426,602,128,2026-09-02,2026-09-02 09:00:00,2026-09-02 15:00:00,6,2026-09-02 09:00:00,2026-09-02 15:00:00,6.0,Completed,2026-09-02
2427,665,72,2026-09-02,2026-09-02 09:00:00,2026-09-02 21:00:00,12,2026-09-02 09:00:00,2026-09-02 21:00:00,12.0,Completed,2026-09-02
2428,550,4,2026-09-02,2026-09-02 06:00:00,2026-09-02 12:00:00,6,2026-09-02 06:00:00,2026-09-02 12:00:00,6.0,Completed,2026-09-02
2429,519,45,2026-09-02,2026-09-02 14:00:00,2026-09-03 02:00:00,12,2026-09-02 14:00:00,2026-09-03 02:00:00,12.0,Completed,2026-09-02
2430,674,84,2026-09-02,2026-09-02 14:00:00,2026-09-03 02:00:00,12,,,0.0,Cancelled - Client,2026-09-02
2431,461,113,2026-09-02,2026-09-02 14:00:00,2026-09-02 20:00:00,6,2026-09-02 14:00:00,2026-09-02 20:00:00,6.0,Completed,2026-09-02
2432,655,52,2026-09-02,2026-09-02 09:00:00,2026-09-02 15:00:00,6,2026-09-02 09:00:00,2026-09-02 15:00:00,6.0,Completed,2026-09-02
2433,477,127,2026-09-02,2026-09-02 08:00:00,2026-09-02 16:00:00,8,2026-09-02 08:00:00,2026-09-02 16:00:00,8.0,Completed,2026-09-02
2434,664,1,2026-09-02,2026-09-02 06:00:00,2026-09-02 10:00:00,4,2026-09-02 06:00:00,2026-09-02 10:00:00,4.0,Completed,2026-09-02
2435,632,81,2026-09-02,2026-09-02 15:00:00,2026-09-02 23:00:00,8,,,0.0,Cancelled - Client,2026-09-02
2436,640,66,2026-09-02,2026-09-02 07:00:00,2026-09-02 19:00:00,12,2026-09-02 07:00:00,2026-09-02 19:00:00,12.0,Completed,2026-09-02
2437,565,104,2026-09-02,2026-09-02 14:00:00,2026-09-02 18:00:00,4,,,0.0,Cancelled - Employee,2026-09-02
2438,644,69,2026-09-02,2026-09-02 14:00:00,2026-09-03 02:00:00,12,2026-09-02 14:00:00,2026-09-03 02:00:00,12.0,Completed,2026-09-02
2439,579,40,2026-09-02,2026-09-02 08:00:00,2026-09-02 12:00:00,4,2026-09-02 08:00:00,2026-09-02 12:00:00,4.0,Completed,2026-09-02
2440,588,117,2026-09-02,2026-09-02 15:00:00,2026-09-02 19:00:00,4,2026-09-02 15:00:00,2026-09-02 19:00:00,4.0,Completed,2026-09-02
2441,25,133,2026-09-02,2026-09-02 15:00:00,2026-09-03 03:00:00,12,2026-09-02 15:00:00,2026-09-03 03:00:00,12.0,Completed,2026-09-02
2442,666,15,2026-09-02,2026-09-02 09:00:00,2026-09-02 21:00:00,12,2026-09-02 09:00:00,2026-09-02 21:00:00,12.0,Completed,2026-09-02
2443,597,111,2026-09-02,2026-09-02 06:00:00,2026-09-02 12:00:00,6,,,0.0,Cancelled - Employee,2026-09-02
2444,633,43,2026-09-02,2026-09-02 22:00:00,2026-09-03 10:00:00,12,2026-09-02 22:00:00,2026-09-03 10:00:00,12.0,Completed,2026-09-02
2445,535,55,2026-09-02,2026-09-02 08:00:00,2026-09-02 16:00:00,8,2026-09-02 08:00:00,2026-09-02 16:00:00,8.0,Completed,2026-09-02
2446,15,26,2026-09-02,2026-09-02 08:00:00,2026-09-02 16:00:00,8,2026-09-02 08:00:00,2026-09-02 16:00:00,8.0,Completed,2026-09-02
2447,669,73,2026-09-02,2026-09-02 14:00:00,2026-09-02 18:00:00,4,2026-09-02 14:00:00,2026-09-02 18:00:00,4.0,Completed,2026-09-02
2448,348,100,2026-09-02,2026-09-02 09:00:00,2026-09-02 15:00:00,6,,,0.0,Cancelled - Client,2026-09-02
2449,536,78,2026-09-03,2026-09-03 14:00:00,2026-09-03 22:00:00,8,2026-09-03 14:00:00,2026-09-03 22:00:00,8.0,Completed,2026-09-03
2450,667,115,2026-09-03,2026-09-03 08:00:00,2026-09-03 12:00:00,4,2026-09-03 08:00:00,2026-09-03 12:00:00,4.0,Completed,2026-09-03
2451,472,100,2026-09-03,2026-09-03 22:00:00,2026-09-04 02:00:00,4,2026-09-03 22:00:00,2026-09-04 02:00:00,4.0,Completed,2026-09-03
2452,493,26,2026-09-03,2026-09-03 06:00:00,2026-09-03 10:00:00,4,2026-09-03 06:00:00,2026-09-03 10:00:00,4.0,Completed,2026-09-03
2453,627,79,2026-09-03,2026-09-03 22:00:00,2026-09-04 06:00:00,8,2026-09-03 22:00:00,2026-09-04 06:00:00,8.0,Completed,2026-09-03
2454,428,61,2026-09-03,2026-09-03 07:00:00,2026-09-03 13:00:00,6,2026-09-03 07:00:00,2026-09-03 13:00:00,6.0,Completed,2026-09-03
2455,348,84,2026-09-03,2026-09-03 06:00:00,2026-09-03 14:00:00,8,,,0.0,Cancelled - Client,2026-09-03
2456,672,65,2026-09-03,2026-09-03 22:00:00,2026-09-04 04:00:00,6,2026-09-03 22:00:00,2026-09-04 04:00:00,6.0,Completed,2026-09-03
2457,487,52,2026-09-03,2026-09-03 14:00:00,2026-09-03 22:00:00,8,2026-09-03 14:00:00,2026-09-03 22:00:00,8.0,Completed,2026-09-03
2458,546,19,2026-09-03,2026-09-03 06:00:00,2026-09-03 14:00:00,8,2026-09-03 06:00:00,2026-09-03 14:00:00,8.0,Completed,2026-09-03
2459,477,87,2026-09-03,2026-09-03 15:00:00,2026-09-04 03:00:00,12,2026-09-03 15:00:00,2026-09-04 03:00:00,12.0,Completed,2026-09-03
2460,678,66,2026-09-03,2026-09-03 08:00:00,2026-09-03 20:00:00,12,2026-09-03 08:00:00,2026-09-03 20:00:00,12.0,Completed,2026-09-03
2461,491,132,2026-09-03,2026-09-03 06:00:00,2026-09-03 14:00:00,8,2026-09-03 06:00:00,2026-09-03 14:00:00,8.0,Completed,2026-09-03
2462,9,99,2026-09-03,2026-09-03 08:00:00,2026-09-03 16:00:00,8,2026-09-03 08:00:00,2026-09-03 16:00:00,8.0,Completed,2026-09-03
2463,15,125,2026-09-03,2026-09-03 08:00:00,2026-09-03 16:00:00,8,,,0.0,Cancelled - Employee,2026-09-03
2464,567,90,2026-09-03,2026-09-03 14:00:00,2026-09-03 18:00:00,4,2026-09-03 14:00:00,2026-09-03 18:00:00,4.0,Completed,2026-09-03
2465,668,124,2026-09-03,2026-09-03 06:00:00,2026-09-03 18:00:00,12,2026-09-03 06:00:00,2026-09-03 18:00:00,12.0,Completed,2026-09-03
2466,14,57,2026-09-03,2026-09-03 08:00:00,2026-09-03 12:00:00,4,,,0.0,No-Show,2026-09-03
2467,500,89,2026-09-03,2026-09-03 06:00:00,2026-09-03 12:00:00,6,2026-09-03 06:00:00,2026-09-03 12:00:00,6.0,Completed,2026-09-03
2468,619,102,2026-09-03,2026-09-03 15:00:00,2026-09-04 03:00:00,12,2026-09-03 15:00:00,2026-09-04 03:00:00,12.0,Completed,2026-09-03
2469,20,126,2026-09-03,2026-09-03 14:00:00,2026-09-03 18:00:00,4,2026-09-03 14:00:00,2026-09-03 18:00:00,4.0,Completed,2026-09-03
2470,358,131,2026-09-03,2026-09-03 08:00:00,2026-09-03 20:00:00,12,2026-09-03 08:00:00,2026-09-03 20:00:00,12.0,Completed,2026-09-03
2471,620,28,2026-09-03,2026-09-03 09:00:00,2026-09-03 15:00:00,6,2026-09-03 09:00:00,2026-09-03 15:00:00,6.0,Completed,2026-09-03
2472,659,67,2026-09-03,2026-09-03 07:00:00,2026-09-03 13:00:00,6,,,0.0,No-Show,2026-09-03
2473,626,133,2026-09-03,2026-09-03 14:00:00,2026-09-03 20:00:00,6,2026-09-03 14:00:00,2026-09-03 20:00:00,6.0,Completed,2026-09-03
2474,27,72,2026-09-03,2026-09-03 14:00:00,2026-09-03 20:00:00,6,2026-09-03 14:00:00,2026-09-03 20:00:00,6.0,Completed,2026-09-03
2475,582,104,2026-09-03,2026-09-03 22:00:00,2026-09-04 06:00:00,8,2026-09-03 22:00:00,2026-09-04 06:00:00,8.0,Completed,2026-09-03
2476,625,1,2026-09-03,2026-09-03 14:00:00,2026-09-03 18:00:00,4,2026-09-03 14:00:00,2026-09-03 18:00:00,4.0,Completed,2026-09-03
2477,26,96,2026-09-03,2026-09-03 14:00:00,2026-09-03 22:00:00,8,2026-09-03 14:00:00,2026-09-03 22:00:00,8.0,Completed,2026-09-03
2478,440,17,2026-09-03,2026-09-03 07:00:00,2026-09-03 11:00:00,4,2026-09-03 07:00:00,2026-09-03 11:00:00,4.0,Completed,2026-09-03
2479,629,116,2026-09-03,2026-09-03 15:00:00,2026-09-03 19:00:00,4,2026-09-03 15:00:00,2026-09-03 19:00:00,4.0,Completed,2026-09-03
2480,646,38,2026-09-03,2026-09-03 09:00:00,2026-09-03 15:00:00,6,2026-09-03 09:00:00,2026-09-03 15:00:00,6.0,Completed,2026-09-03
2481,594,127,2026-09-03,2026-09-03 08:00:00,2026-09-03 12:00:00,4,2026-09-03 08:00:00,2026-09-03 12:00:00,4.0,Completed,2026-09-03
2482,663,73,2026-09-03,2026-09-03 07:00:00,2026-09-03 15:00:00,8,2026-09-03 07:00:00,2026-09-03 15:00:00,8.0,Completed,2026-09-03
2483,676,5,2026-09-03,2026-09-03 15:00:00,2026-09-04 03:00:00,12,2026-09-03 15:00:00,2026-09-04 03:00:00,12.0,Completed,2026-09-03
2484,600,53,2026-09-03,2026-09-03 07:00:00,2026-09-03 11:00:00,4,,,,Scheduled,2026-09-03
2485,679,45,2026-09-03,2026-09-03 07:00:00,2026-09-03 13:00:00,6,,,0.0,No-Show,2026-09-03
2486,12,58,2026-09-03,2026-09-03 09:00:00,2026-09-03 15:00:00,6,2026-09-03 09:00:00,2026-09-03 15:00:00,6.0,Completed,2026-09-03
2487,612,118,2026-09-03,2026-09-03 14:00:00,2026-09-03 18:00:00,4,2026-09-03 14:00:00,2026-09-03 18:00:00,4.0,Completed,2026-09-03
2488,585,134,2026-09-03,2026-09-03 22:00:00,2026-09-04 10:00:00,12,2026-09-03 22:00:00,2026-09-04 10:00:00,12.0,Completed,2026-09-03
2489,654,107,2026-09-03,2026-09-03 07:00:00,2026-09-03 19:00:00,12,2026-09-03 07:00:00,2026-09-03 19:00:00,12.0,Completed,2026-09-03
2490,641,110,2026-09-03,2026-09-03 22:00:00,2026-09-04 06:00:00,8,2026-09-03 22:00:00,2026-09-04 06:00:00,8.0,Completed,2026-09-03
2491,669,56,2026-09-03,2026-09-03 07:00:00,2026-09-03 19:00:00,12,2026-09-03 07:00:00,2026-09-03 19:00:00,12.0,Completed,2026-09-03
2492,576,85,2026-09-03,2026-09-03 07:00:00,2026-09-03 19:00:00,12,,,0.0,Cancelled - Client,2026-09-03
2493,394,54,2026-09-03,2026-09-03 15:00:00,2026-09-03 19:00:00,4,2026-09-03 15:00:00,2026-09-03 19:00:00,4.0,Completed,2026-09-03
2494,565,128,2026-09-03,2026-09-03 06:00:00,2026-09-03 10:00:00,4,,,0.0,Cancelled - Employee,2026-09-03
2495,602,101,2026-09-03,2026-09-03 09:00:00,2026-09-03 15:00:00,6,2026-09-03 09:00:00,2026-09-03 15:00:00,6.0,Completed,2026-09-03
2496,645,120,2026-09-03,2026-09-03 15:00:00,2026-09-04 03:00:00,12,2026-09-03 15:00:00,2026-09-04 03:00:00,12.0,Completed,2026-09-03
2497,433,86,2026-09-03,2026-09-03 22:00:00,2026-09-04 10:00:00,12,2026-09-03 22:00:00,2026-09-04 10:00:00,12.0,Completed,2026-09-03
2498,657,40,2026-09-03,2026-09-03 22:00:00,2026-09-04 06:00:00,8,,,0.0,Cancelled - Client,2026-09-03
2499,671,55,2026-09-03,2026-09-03 09:00:00,2026-09-03 21:00:00,12,2026-09-03 09:00:00,2026-09-03 21:00:00,12.0,Completed,2026-09-03
2500,428,65,2026-09-04,2026-09-04 06:00:00,2026-09-04 10:00:00,4,2026-09-04 06:00:00,2026-09-04 10:00:00,4.0,Completed,2026-09-04
2501,623,89,2026-09-04,2026-09-04 22:00:00,2026-09-05 02:00:00,4,,,,Scheduled,2026-09-04
2502,683,124,2026-09-04,2026-09-04 09:00:00,2026-09-04 17:00:00,8,2026-09-04 09:00:00,2026-09-04 17:00:00,8.0,Completed,2026-09-04
2503,536,79,2026-09-04,2026-09-04 08:00:00,2026-09-04 12:00:00,4,2026-09-04 08:00:00,2026-09-04 12:00:00,4.0,Completed,2026-09-04
2504,612,43,2026-09-04,2026-09-04 09:00:00,2026-09-04 13:00:00,4,2026-09-04 09:00:00,2026-09-04 13:00:00,4.0,Completed,2026-09-04
2505,645,119,2026-09-04,2026-09-04 06:00:00,2026-09-04 14:00:00,8,2026-09-04 06:00:00,2026-09-04 14:00:00,8.0,Completed,2026-09-04
2506,456,26,2026-09-04,2026-09-04 08:00:00,2026-09-04 14:00:00,6,2026-09-04 08:00:00,2026-09-04 14:00:00,6.0,Completed,2026-09-04
2507,27,118,2026-09-04,2026-09-04 06:00:00,2026-09-04 14:00:00,8,2026-09-04 06:00:00,2026-09-04 14:00:00,8.0,Completed,2026-09-04
2508,358,61,2026-09-04,2026-09-04 07:00:00,2026-09-04 11:00:00,4,2026-09-04 07:00:00,2026-09-04 11:00:00,4.0,Completed,2026-09-04
2509,20,5,2026-09-04,2026-09-04 22:00:00,2026-09-05 02:00:00,4,2026-09-04 22:00:00,2026-09-05 02:00:00,4.0,Completed,2026-09-04
2510,602,96,2026-09-04,2026-09-04 22:00:00,2026-09-05 04:00:00,6,2026-09-04 22:00:00,2026-09-05 04:00:00,6.0,Completed,2026-09-04
2511,29,62,2026-09-04,2026-09-04 09:00:00,2026-09-04 17:00:00,8,2026-09-04 09:00:00,2026-09-04 17:00:00,8.0,Completed,2026-09-04
2512,616,19,2026-09-04,2026-09-04 15:00:00,2026-09-04 21:00:00,6,,,0.0,Cancelled - Employee,2026-09-04
2513,664,134,2026-09-04,2026-09-04 08:00:00,2026-09-04 12:00:00,4,2026-09-04 08:00:00,2026-09-04 12:00:00,4.0,Completed,2026-09-04
2514,560,86,2026-09-04,2026-09-04 06:00:00,2026-09-04 10:00:00,4,2026-09-04 06:00:00,2026-09-04 10:00:00,4.0,Completed,2026-09-04
2515,654,107,2026-09-04,2026-09-04 08:00:00,2026-09-04 20:00:00,12,2026-09-04 08:00:00,2026-09-04 20:00:00,12.0,Completed,2026-09-04
2516,491,45,2026-09-04,2026-09-04 22:00:00,2026-09-05 02:00:00,4,2026-09-04 22:00:00,2026-09-05 02:00:00,4.0,Completed,2026-09-04
2517,567,137,2026-09-04,2026-09-04 07:00:00,2026-09-04 19:00:00,12,2026-09-04 07:00:00,2026-09-04 19:00:00,12.0,Completed,2026-09-04
2518,638,106,2026-09-04,2026-09-04 22:00:00,2026-09-05 06:00:00,8,,,0.0,Cancelled - Employee,2026-09-04
2519,30,90,2026-09-04,2026-09-04 14:00:00,2026-09-05 02:00:00,12,,,0.0,No-Show,2026-09-04
2520,582,81,2026-09-04,2026-09-04 22:00:00,2026-09-05 02:00:00,4,2026-09-04 22:00:00,2026-09-05 02:00:00,4.0,Completed,2026-09-04
2521,338,129,2026-09-04,2026-09-04 07:00:00,2026-09-04 19:00:00,12,2026-09-04 07:00:00,2026-09-04 19:00:00,12.0,Completed,2026-09-04
2522,487,52,2026-09-04,2026-09-04 22:00:00,2026-09-05 02:00:00,4,2026-09-04 22:00:00,2026-09-05 02:00:00,4.0,Completed,2026-09-04
2523,629,85,2026-09-04,2026-09-04 14:00:00,2026-09-04 22:00:00,8,2026-09-04 14:00:00,2026-09-04 22:00:00,8.0,Completed,2026-09-04
2524,472,37,2026-09-04,2026-09-04 07:00:00,2026-09-04 13:00:00,6,2026-09-04 07:00:00,2026-09-04 13:00:00,6.0,Completed,2026-09-04
2525,607,117,2026-09-04,2026-09-04 09:00:00,2026-09-04 13:00:00,4,2026-09-04 09:00:00,2026-09-04 13:00:00,4.0,Completed,2026-09-04
2526,678,55,2026-09-04,2026-09-04 22:00:00,2026-09-05 04:00:00,6,2026-09-04 22:00:00,2026-09-05 04:00:00,6.0,Completed,2026-09-04
2527,661,111,2026-09-04,2026-09-04 07:00:00,2026-09-04 11:00:00,4,2026-09-04 07:00:00,2026-09-04 11:00:00,4.0,Completed,2026-09-04
2528,667,123,2026-09-04,2026-09-04 15:00:00,2026-09-05 03:00:00,12,2026-09-04 15:00:00,2026-09-05 03:00:00,12.0,Completed,2026-09-04
2529,619,113,2026-09-04,2026-09-04 06:00:00,2026-09-04 10:00:00,4,2026-09-04 06:00:00,2026-09-04 10:00:00,4.0,Completed,2026-09-04
2530,648,108,2026-09-04,2026-09-04 15:00:00,2026-09-04 21:00:00,6,2026-09-04 15:00:00,2026-09-04 21:00:00,6.0,Completed,2026-09-04
2531,632,104,2026-09-04,2026-09-04 07:00:00,2026-09-04 13:00:00,6,2026-09-04 07:00:00,2026-09-04 13:00:00,6.0,Completed,2026-09-04
2532,625,54,2026-09-04,2026-09-04 08:00:00,2026-09-04 14:00:00,6,2026-09-04 08:00:00,2026-09-04 14:00:00,6.0,Completed,2026-09-04
2533,672,131,2026-09-04,2026-09-04 22:00:00,2026-09-05 10:00:00,12,2026-09-04 22:00:00,2026-09-05 10:00:00,12.0,Completed,2026-09-04
2534,565,128,2026-09-04,2026-09-04 06:00:00,2026-09-04 18:00:00,12,2026-09-04 06:00:00,2026-09-04 18:00:00,12.0,Completed,2026-09-04
2535,620,74,2026-09-04,2026-09-04 09:00:00,2026-09-04 15:00:00,6,2026-09-04 09:00:00,2026-09-04 15:00:00,6.0,Completed,2026-09-04
2536,682,58,2026-09-04,2026-09-04 06:00:00,2026-09-04 14:00:00,8,2026-09-04 06:00:00,2026-09-04 14:00:00,8.0,Completed,2026-09-04
2537,15,135,2026-09-04,2026-09-04 22:00:00,2026-09-05 02:00:00,4,2026-09-04 22:00:00,2026-09-05 02:00:00,4.0,Completed,2026-09-04
2538,665,130,2026-09-04,2026-09-04 15:00:00,2026-09-04 19:00:00,4,2026-09-04 15:00:00,2026-09-04 19:00:00,4.0,Completed,2026-09-04
2539,500,40,2026-09-04,2026-09-04 14:00:00,2026-09-05 02:00:00,12,2026-09-04 14:00:00,2026-09-05 02:00:00,12.0,Completed,2026-09-04
2540,509,17,2026-09-04,2026-09-04 08:00:00,2026-09-04 14:00:00,6,2026-09-04 08:00:00,2026-09-04 14:00:00,6.0,Completed,2026-09-04
2541,642,72,2026-09-04,2026-09-04 06:00:00,2026-09-04 18:00:00,12,2026-09-04 06:00:00,2026-09-04 18:00:00,12.0,Completed,2026-09-04
2542,588,33,2026-09-04,2026-09-04 14:00:00,2026-09-04 20:00:00,6,2026-09-04 14:00:00,2026-09-04 20:00:00,6.0,Completed,2026-09-04
2543,627,109,2026-09-04,2026-09-04 06:00:00,2026-09-04 10:00:00,4,,,0.0,Cancelled - Client,2026-09-04
2544,659,28,2026-09-04,2026-09-04 14:00:00,2026-09-05 02:00:00,12,2026-09-04 14:00:00,2026-09-05 02:00:00,12.0,Completed,2026-09-04
2545,18,102,2026-09-04,2026-09-04 08:00:00,2026-09-04 16:00:00,8,2026-09-04 08:00:00,2026-09-04 16:00:00,8.0,Completed,2026-09-04
2546,662,127,2026-09-04,2026-09-04 22:00:00,2026-09-05 02:00:00,4,,,,Scheduled,2026-09-04
2547,614,1,2026-09-04,2026-09-04 08:00:00,2026-09-04 12:00:00,4,2026-09-04 08:00:00,2026-09-04 12:00:00,4.0,Completed,2026-09-04
2548,663,126,2026-09-04,2026-09-04 22:00:00,2026-09-05 10:00:00,12,2026-09-04 22:00:00,2026-09-05 10:00:00,12.0,Completed,2026-09-04
2549,5,133,2026-09-04,2026-09-04 07:00:00,2026-09-04 15:00:00,8,2026-09-04 07:00:00,2026-09-04 15:00:00,8.0,Completed,2026-09-04
2550,658,15,2026-09-04,2026-09-04 09:00:00,2026-09-04 21:00:00,12,2026-09-04 09:00:00,2026-09-04 21:00:00,12.0,Completed,2026-09-04
2551,440,101,2026-09-04,2026-09-04 09:00:00,2026-09-04 15:00:00,6,2026-09-04 09:00:00,2026-09-04 15:00:00,6.0,Completed,2026-09-04
2552,436,10,2026-09-04,2026-09-04 15:00:00,2026-09-05 03:00:00,12,2026-09-04 15:00:00,2026-09-05 03:00:00,12.0,Completed,2026-09-04
2553,519,132,2026-09-04,2026-09-04 15:00:00,2026-09-04 23:00:00,8,2026-09-04 15:00:00,2026-09-04 23:00:00,8.0,Completed,2026-09-04
2554,17,66,2026-09-04,2026-09-04 07:00:00,2026-09-04 13:00:00,6,,,0.0,Cancelled - Employee,2026-09-04
2555,584,100,2026-09-04,2026-09-04 06:00:00,2026-09-04 14:00:00,8,2026-09-04 06:00:00,2026-09-04 14:00:00,8.0,Completed,2026-09-04
2556,20,73,2026-09-05,2026-09-05 15:00:00,2026-09-05 19:00:00,4,,,0.0,Cancelled - Client,2026-09-05
2557,9,6,2026-09-05,2026-09-05 15:00:00,2026-09-05 21:00:00,6,2026-09-05 15:00:00,2026-09-05 21:00:00,6.0,Completed,2026-09-05
2558,596,89,2026-09-05,2026-09-05 08:00:00,2026-09-05 16:00:00,8,2026-09-05 08:00:00,2026-09-05 16:00:00,8.0,Completed,2026-09-05
2559,642,61,2026-09-05,2026-09-05 14:00:00,2026-09-06 02:00:00,12,2026-09-05 14:00:00,2026-09-06 02:00:00,12.0,Completed,2026-09-05
2560,436,10,2026-09-05,2026-09-05 09:00:00,2026-09-05 15:00:00,6,2026-09-05 09:00:00,2026-09-05 15:00:00,6.0,Completed,2026-09-05
2561,671,66,2026-09-05,2026-09-05 14:00:00,2026-09-05 18:00:00,4,2026-09-05 14:00:00,2026-09-05 18:00:00,4.0,Completed,2026-09-05
2562,440,109,2026-09-05,2026-09-05 08:00:00,2026-09-05 12:00:00,4,,,0.0,Cancelled - Employee,2026-09-05
2563,619,135,2026-09-05,2026-09-05 22:00:00,2026-09-06 06:00:00,8,2026-09-05 22:00:00,2026-09-06 06:00:00,8.0,Completed,2026-09-05
2564,565,17,2026-09-05,2026-09-05 08:00:00,2026-09-05 12:00:00,4,2026-09-05 08:00:00,2026-09-05 12:00:00,4.0,Completed,2026-09-05
2565,29,19,2026-09-05,2026-09-05 09:00:00,2026-09-05 15:00:00,6,2026-09-05 09:00:00,2026-09-05 15:00:00,6.0,Completed,2026-09-05
2566,10,52,2026-09-05,2026-09-05 07:00:00,2026-09-05 13:00:00,6,2026-09-05 07:00:00,2026-09-05 13:00:00,6.0,Completed,2026-09-05
2567,670,55,2026-09-05,2026-09-05 15:00:00,2026-09-05 21:00:00,6,2026-09-05 15:00:00,2026-09-05 21:00:00,6.0,Completed,2026-09-05
2568,588,104,2026-09-05,2026-09-05 07:00:00,2026-09-05 19:00:00,12,2026-09-05 07:00:00,2026-09-05 19:00:00,12.0,Completed,2026-09-05
2569,458,132,2026-09-05,2026-09-05 15:00:00,2026-09-05 21:00:00,6,2026-09-05 15:00:00,2026-09-05 21:00:00,6.0,Completed,2026-09-05
2570,550,56,2026-09-05,2026-09-05 15:00:00,2026-09-05 23:00:00,8,,,0.0,No-Show,2026-09-05
2571,666,134,2026-09-05,2026-09-05 14:00:00,2026-09-05 22:00:00,8,2026-09-05 14:00:00,2026-09-05 22:00:00,8.0,Completed,2026-09-05
2572,663,49,2026-09-05,2026-09-05 07:00:00,2026-09-05 15:00:00,8,2026-09-05 07:00:00,2026-09-05 15:00:00,8.0,Completed,2026-09-05
2573,616,97,2026-09-05,2026-09-05 06:00:00,2026-09-05 12:00:00,6,2026-09-05 06:00:00,2026-09-05 12:00:00,6.0,Completed,2026-09-05
2574,659,28,2026-09-05,2026-09-05 15:00:00,2026-09-05 21:00:00,6,2026-09-05 15:00:00,2026-09-05 21:00:00,6.0,Completed,2026-09-05
2575,509,79,2026-09-05,2026-09-05 15:00:00,2026-09-05 21:00:00,6,2026-09-05 15:00:00,2026-09-05 21:00:00,6.0,Completed,2026-09-05
2576,576,120,2026-09-05,2026-09-05 22:00:00,2026-09-06 04:00:00,6,2026-09-05 22:00:00,2026-09-06 04:00:00,6.0,Completed,2026-09-05
2577,594,127,2026-09-05,2026-09-05 22:00:00,2026-09-06 06:00:00,8,,,0.0,Cancelled - Client,2026-09-05
2578,668,58,2026-09-05,2026-09-05 14:00:00,2026-09-05 18:00:00,4,2026-09-05 14:00:00,2026-09-05 18:00:00,4.0,Completed,2026-09-05
2579,665,118,2026-09-05,2026-09-05 09:00:00,2026-09-05 13:00:00,4,2026-09-05 09:00:00,2026-09-05 13:00:00,4.0,Completed,2026-09-05
2580,15,37,2026-09-05,2026-09-05 06:00:00,2026-09-05 18:00:00,12,2026-09-05 06:00:00,2026-09-05 18:00:00,12.0,Completed,2026-09-05
2581,675,5,2026-09-05,2026-09-05 22:00:00,2026-09-06 10:00:00,12,,,0.0,Cancelled - Client,2026-09-05
2582,625,15,2026-09-05,2026-09-05 09:00:00,2026-09-05 21:00:00,12,2026-09-05 09:00:00,2026-09-05 21:00:00,12.0,Completed,2026-09-05
2583,612,72,2026-09-05,2026-09-05 08:00:00,2026-09-05 12:00:00,4,2026-09-05 08:00:00,2026-09-05 12:00:00,4.0,Completed,2026-09-05
2584,685,74,2026-09-05,2026-09-05 07:00:00,2026-09-05 11:00:00,4,,,0.0,Cancelled - Employee,2026-09-05
2585,662,84,2026-09-05,2026-09-05 08:00:00,2026-09-05 20:00:00,12,2026-09-05 08:00:00,2026-09-05 20:00:00,12.0,Completed,2026-09-05
2586,614,64,2026-09-05,2026-09-05 09:00:00,2026-09-05 15:00:00,6,2026-09-05 09:00:00,2026-09-05 15:00:00,6.0,Completed,2026-09-05
2587,643,107,2026-09-05,2026-09-05 15:00:00,2026-09-05 19:00:00,4,2026-09-05 15:00:00,2026-09-05 19:00:00,4.0,Completed,2026-09-05
2588,620,128,2026-09-05,2026-09-05 14:00:00,2026-09-05 18:00:00,4,2026-09-05 14:00:00,2026-09-05 18:00:00,4.0,Completed,2026-09-05
2589,676,139,2026-09-05,2026-09-05 08:00:00,2026-09-05 14:00:00,6,2026-09-05 08:00:00,2026-09-05 14:00:00,6.0,Completed,2026-09-05
2590,555,1,2026-09-05,2026-09-05 09:00:00,2026-09-05 17:00:00,8,,,0.0,Cancelled - Employee,2026-09-05
2591,14,131,2026-09-05,2026-09-05 14:00:00,2026-09-06 02:00:00,12,2026-09-05 14:00:00,2026-09-06 02:00:00,12.0,Completed,2026-09-05
2592,638,123,2026-09-05,2026-09-05 07:00:00,2026-09-05 15:00:00,8,2026-09-05 07:00:00,2026-09-05 15:00:00,8.0,Completed,2026-09-05
2593,394,126,2026-09-05,2026-09-05 06:00:00,2026-09-05 10:00:00,4,2026-09-05 06:00:00,2026-09-05 10:00:00,4.0,Completed,2026-09-05
2594,598,40,2026-09-05,2026-09-05 14:00:00,2026-09-05 18:00:00,4,2026-09-05 14:00:00,2026-09-05 18:00:00,4.0,Completed,2026-09-05
2595,678,95,2026-09-05,2026-09-05 07:00:00,2026-09-05 15:00:00,8,2026-09-05 07:00:00,2026-09-05 15:00:00,8.0,Completed,2026-09-05
2596,648,62,2026-09-05,2026-09-05 15:00:00,2026-09-05 19:00:00,4,2026-09-05 15:00:00,2026-09-05 19:00:00,4.0,Completed,2026-09-05
2597,584,26,2026-09-05,2026-09-05 15:00:00,2026-09-05 23:00:00,8,2026-09-05 15:00:00,2026-09-05 23:00:00,8.0,Completed,2026-09-05
2598,535,133,2026-09-05,2026-09-05 09:00:00,2026-09-05 15:00:00,6,2026-09-05 09:00:00,2026-09-05 15:00:00,6.0,Completed,2026-09-05
2599,646,124,2026-09-05,2026-09-05 08:00:00,2026-09-05 12:00:00,4,2026-09-05 08:00:00,2026-09-05 12:00:00,4.0,Completed,2026-09-05
2600,672,43,2026-09-05,2026-09-05 22:00:00,2026-09-06 06:00:00,8,2026-09-05 22:00:00,2026-09-06 06:00:00,8.0,Completed,2026-09-05
2601,536,78,2026-09-05,2026-09-05 08:00:00,2026-09-05 16:00:00,8,2026-09-05 08:00:00,2026-09-05 16:00:00,8.0,Completed,2026-09-05
2602,18,113,2026-09-05,2026-09-05 09:00:00,2026-09-05 13:00:00,4,,,0.0,No-Show,2026-09-05
2603,560,111,2026-09-05,2026-09-05 07:00:00,2026-09-05 15:00:00,8,,,0.0,Cancelled - Employee,2026-09-05
2604,597,137,2026-09-05,2026-09-05 07:00:00,2026-09-05 19:00:00,12,,,0.0,No-Show,2026-09-05
2605,338,86,2026-09-05,2026-09-05 06:00:00,2026-09-05 18:00:00,12,,,0.0,Cancelled - Employee,2026-09-05
2606,645,57,2026-09-05,2026-09-05 22:00:00,2026-09-06 10:00:00,12,,,0.0,No-Show,2026-09-05
2607,27,85,2026-09-05,2026-09-05 22:00:00,2026-09-06 02:00:00,4,2026-09-05 22:00:00,2026-09-06 02:00:00,4.0,Completed,2026-09-05
2608,582,101,2026-09-05,2026-09-05 22:00:00,2026-09-06 10:00:00,12,2026-09-05 22:00:00,2026-09-06 10:00:00,12.0,Completed,2026-09-05
2609,642,19,2026-09-06,2026-09-06 07:00:00,2026-09-06 13:00:00,6,2026-09-06 07:00:00,2026-09-06 13:00:00,6.0,Completed,2026-09-06
2610,681,83,2026-09-06,2026-09-06 09:00:00,2026-09-06 21:00:00,12,2026-09-06 09:00:00,2026-09-06 21:00:00,12.0,Completed,2026-09-06
2611,588,128,2026-09-06,2026-09-06 07:00:00,2026-09-06 13:00:00,6,2026-09-06 07:00:00,2026-09-06 13:00:00,6.0,Completed,2026-09-06
2612,9,107,2026-09-06,2026-09-06 09:00:00,2026-09-06 17:00:00,8,2026-09-06 09:00:00,2026-09-06 17:00:00,8.0,Completed,2026-09-06
2613,14,131,2026-09-06,2026-09-06 15:00:00,2026-09-07 03:00:00,12,2026-09-06 15:00:00,2026-09-07 03:00:00,12.0,Completed,2026-09-06
2614,658,134,2026-09-06,2026-09-06 06:00:00,2026-09-06 12:00:00,6,2026-09-06 06:00:00,2026-09-06 12:00:00,6.0,Completed,2026-09-06
2615,25,139,2026-09-06,2026-09-06 22:00:00,2026-09-07 10:00:00,12,2026-09-06 22:00:00,2026-09-07 10:00:00,12.0,Completed,2026-09-06
2616,27,97,2026-09-06,2026-09-06 08:00:00,2026-09-06 20:00:00,12,2026-09-06 08:00:00,2026-09-06 20:00:00,12.0,Completed,2026-09-06
2617,623,132,2026-09-06,2026-09-06 07:00:00,2026-09-06 15:00:00,8,2026-09-06 07:00:00,2026-09-06 15:00:00,8.0,Completed,2026-09-06
2618,461,124,2026-09-06,2026-09-06 14:00:00,2026-09-06 20:00:00,6,2026-09-06 14:00:00,2026-09-06 20:00:00,6.0,Completed,2026-09-06
2619,597,40,2026-09-06,2026-09-06 14:00:00,2026-09-06 22:00:00,8,2026-09-06 14:00:00,2026-09-06 22:00:00,8.0,Completed,2026-09-06
2620,665,85,2026-09-06,2026-09-06 22:00:00,2026-09-07 10:00:00,12,,,,Scheduled,2026-09-06
2621,671,114,2026-09-06,2026-09-06 08:00:00,2026-09-06 14:00:00,6,2026-09-06 08:00:00,2026-09-06 14:00:00,6.0,Completed,2026-09-06
2622,669,64,2026-09-06,2026-09-06 09:00:00,2026-09-06 13:00:00,4,2026-09-06 09:00:00,2026-09-06 13:00:00,4.0,Completed,2026-09-06
2623,18,113,2026-09-06,2026-09-06 22:00:00,2026-09-07 02:00:00,4,2026-09-06 22:00:00,2026-09-07 02:00:00,4.0,Completed,2026-09-06
2624,506,140,2026-09-06,2026-09-06 15:00:00,2026-09-06 23:00:00,8,2026-09-06 15:00:00,2026-09-06 23:00:00,8.0,Completed,2026-09-06
2625,632,17,2026-09-06,2026-09-06 06:00:00,2026-09-06 12:00:00,6,2026-09-06 06:00:00,2026-09-06 12:00:00,6.0,Completed,2026-09-06
2626,602,28,2026-09-06,2026-09-06 06:00:00,2026-09-06 10:00:00,4,,,0.0,Cancelled - Client,2026-09-06
2627,585,4,2026-09-06,2026-09-06 08:00:00,2026-09-06 16:00:00,8,,,0.0,Cancelled - Employee,2026-09-06
2628,582,104,2026-09-06,2026-09-06 22:00:00,2026-09-07 04:00:00,6,2026-09-06 22:00:00,2026-09-07 04:00:00,6.0,Completed,2026-09-06
2629,594,135,2026-09-06,2026-09-06 06:00:00,2026-09-06 10:00:00,4,2026-09-06 06:00:00,2026-09-06 10:00:00,4.0,Completed,2026-09-06
2630,536,101,2026-09-06,2026-09-06 22:00:00,2026-09-07 04:00:00,6,2026-09-06 22:00:00,2026-09-07 04:00:00,6.0,Completed,2026-09-06
2631,487,106,2026-09-06,2026-09-06 22:00:00,2026-09-07 06:00:00,8,,,0.0,Cancelled - Client,2026-09-06
2632,625,55,2026-09-06,2026-09-06 07:00:00,2026-09-06 19:00:00,12,2026-09-06 07:00:00,2026-09-06 19:00:00,12.0,Completed,2026-09-06
2633,598,111,2026-09-06,2026-09-06 22:00:00,2026-09-07 10:00:00,12,2026-09-06 22:00:00,2026-09-07 10:00:00,12.0,Completed,2026-09-06
2634,645,57,2026-09-06,2026-09-06 07:00:00,2026-09-06 15:00:00,8,2026-09-06 07:00:00,2026-09-06 15:00:00,8.0,Completed,2026-09-06
2635,663,15,2026-09-06,2026-09-06 14:00:00,2026-09-07 02:00:00,12,2026-09-06 14:00:00,2026-09-07 02:00:00,12.0,Completed,2026-09-06
2636,626,5,2026-09-06,2026-09-06 14:00:00,2026-09-06 22:00:00,8,2026-09-06 14:00:00,2026-09-06 22:00:00,8.0,Completed,2026-09-06
2637,26,103,2026-09-06,2026-09-06 06:00:00,2026-09-06 18:00:00,12,2026-09-06 06:00:00,2026-09-06 18:00:00,12.0,Completed,2026-09-06
2638,607,141,2026-09-06,2026-09-06 14:00:00,2026-09-06 18:00:00,4,2026-09-06 14:00:00,2026-09-06 18:00:00,4.0,Completed,2026-09-06
2639,672,61,2026-09-06,2026-09-06 09:00:00,2026-09-06 15:00:00,6,2026-09-06 09:00:00,2026-09-06 15:00:00,6.0,Completed,2026-09-06
2640,620,96,2026-09-06,2026-09-06 06:00:00,2026-09-06 12:00:00,6,2026-09-06 06:00:00,2026-09-06 12:00:00,6.0,Completed,2026-09-06
2641,579,52,2026-09-06,2026-09-06 15:00:00,2026-09-06 21:00:00,6,2026-09-06 15:00:00,2026-09-06 21:00:00,6.0,Completed,2026-09-06
2642,648,118,2026-09-06,2026-09-06 22:00:00,2026-09-07 04:00:00,6,2026-09-06 22:00:00,2026-09-07 04:00:00,6.0,Completed,2026-09-06
2643,394,95,2026-09-06,2026-09-06 22:00:00,2026-09-07 02:00:00,4,2026-09-06 22:00:00,2026-09-07 02:00:00,4.0,Completed,2026-09-06
2644,688,112,2026-09-06,2026-09-06 09:00:00,2026-09-06 13:00:00,4,2026-09-06 09:00:00,2026-09-06 13:00:00,4.0,Completed,2026-09-06
2645,674,26,2026-09-06,2026-09-06 07:00:00,2026-09-06 15:00:00,8,,,0.0,Cancelled - Client,2026-09-06
2646,687,73,2026-09-06,2026-09-06 22:00:00,2026-09-07 10:00:00,12,2026-09-06 22:00:00,2026-09-07 10:00:00,12.0,Completed,2026-09-06
2647,673,127,2026-09-06,2026-09-06 08:00:00,2026-09-06 12:00:00,4,2026-09-06 08:00:00,2026-09-06 12:00:00,4.0,Completed,2026-09-06
2648,15,87,2026-09-06,2026-09-06 08:00:00,2026-09-06 16:00:00,8,2026-09-06 08:00:00,2026-09-06 16:00:00,8.0,Completed,2026-09-06
2649,30,45,2026-09-06,2026-09-06 15:00:00,2026-09-06 19:00:00,4,,,0.0,Cancelled - Employee,2026-09-06
2650,657,89,2026-09-06,2026-09-06 15:00:00,2026-09-07 03:00:00,12,2026-09-06 15:00:00,2026-09-07 03:00:00,12.0,Completed,2026-09-06
2651,436,119,2026-09-06,2026-09-06 08:00:00,2026-09-06 14:00:00,6,2026-09-06 08:00:00,2026-09-06 14:00:00,6.0,Completed,2026-09-06
2652,629,65,2026-09-06,2026-09-06 06:00:00,2026-09-06 18:00:00,12,2026-09-06 06:00:00,2026-09-06 18:00:00,12.0,Completed,2026-09-06
2653,12,58,2026-09-06,2026-09-06 06:00:00,2026-09-06 12:00:00,6,,,0.0,Cancelled - Client,2026-09-06
2654,472,6,2026-09-06,2026-09-06 14:00:00,2026-09-06 18:00:00,4,2026-09-06 14:00:00,2026-09-06 18:00:00,4.0,Completed,2026-09-06
2655,633,62,2026-09-06,2026-09-06 09:00:00,2026-09-06 15:00:00,6,2026-09-06 09:00:00,2026-09-06 15:00:00,6.0,Completed,2026-09-06
2656,676,126,2026-09-06,2026-09-06 15:00:00,2026-09-06 23:00:00,8,,,0.0,Cancelled - Client,2026-09-06
2657,614,133,2026-09-06,2026-09-06 06:00:00,2026-09-06 14:00:00,8,2026-09-06 06:00:00,2026-09-06 14:00:00,8.0,Completed,2026-09-06
2658,477,84,2026-09-06,2026-09-06 09:00:00,2026-09-06 15:00:00,6,2026-09-06 09:00:00,2026-09-06 15:00:00,6.0,Completed,2026-09-06
2659,627,79,2026-09-06,2026-09-06 06:00:00,2026-09-06 14:00:00,8,2026-09-06 06:00:00,2026-09-06 14:00:00,8.0,Completed,2026-09-06
2660,685,33,2026-09-06,2026-09-06 08:00:00,2026-09-06 12:00:00,4,2026-09-06 08:00:00,2026-09-06 12:00:00,4.0,Completed,2026-09-06
2661,493,102,2026-09-06,2026-09-06 22:00:00,2026-09-07 04:00:00,6,2026-09-06 22:00:00,2026-09-07 04:00:00,6.0,Completed,2026-09-06
2662,662,136,2026-09-06,2026-09-06 07:00:00,2026-09-06 15:00:00,8,2026-09-06 07:00:00,2026-09-06 15:00:00,8.0,Completed,2026-09-06
2663,358,130,2026-09-06,2026-09-06 09:00:00,2026-09-06 13:00:00,4,2026-09-06 09:00:00,2026-09-06 13:00:00,4.0,Completed,2026-09-06
2664,659,109,2026-09-06,2026-09-06 06:00:00,2026-09-06 18:00:00,12,2026-09-06 06:00:00,2026-09-06 18:00:00,12.0,Completed,2026-09-06
2665,5,93,2026-09-06,2026-09-06 15:00:00,2026-09-06 19:00:00,4,2026-09-06 15:00:00,2026-09-06 19:00:00,4.0,Completed,2026-09-06
2666,576,72,2026-09-06,2026-09-06 06:00:00,2026-09-06 14:00:00,8,2026-09-06 06:00:00,2026-09-06 14:00:00,8.0,Completed,2026-09-06
2667,675,66,2026-09-06,2026-09-06 08:00:00,2026-09-06 20:00:00,12,,,0.0,Cancelled - Employee,2026-09-06
2668,555,1,2026-09-06,2026-09-06 09:00:00,2026-09-06 15:00:00,6,2026-09-06 09:00:00,2026-09-06 15:00:00,6.0,Completed,2026-09-06
2669,550,114,2026-09-07,2026-09-07 22:00:00,2026-09-08 02:00:00,4,2026-09-07 22:00:00,2026-09-08 02:00:00,4.0,Completed,2026-09-07
2670,585,66,2026-09-07,2026-09-07 15:00:00,2026-09-07 19:00:00,4,2026-09-07 15:00:00,2026-09-07 19:00:00,4.0,Completed,2026-09-07
2671,17,95,2026-09-07,2026-09-07 15:00:00,2026-09-08 03:00:00,12,2026-09-07 15:00:00,2026-09-08 03:00:00,12.0,Completed,2026-09-07
2672,692,119,2026-09-07,2026-09-07 15:00:00,2026-09-07 21:00:00,6,2026-09-07 15:00:00,2026-09-07 21:00:00,6.0,Completed,2026-09-07
2673,645,43,2026-09-07,2026-09-07 09:00:00,2026-09-07 13:00:00,4,2026-09-07 09:00:00,2026-09-07 13:00:00,4.0,Completed,2026-09-07
2674,682,113,2026-09-07,2026-09-07 08:00:00,2026-09-07 20:00:00,12,2026-09-07 08:00:00,2026-09-07 20:00:00,12.0,Completed,2026-09-07
2675,509,33,2026-09-07,2026-09-07 07:00:00,2026-09-07 11:00:00,4,,,0.0,Cancelled - Employee,2026-09-07
2676,646,58,2026-09-07,2026-09-07 06:00:00,2026-09-07 14:00:00,8,2026-09-07 06:00:00,2026-09-07 14:00:00,8.0,Completed,2026-09-07
2677,536,101,2026-09-07,2026-09-07 08:00:00,2026-09-07 12:00:00,4,2026-09-07 08:00:00,2026-09-07 12:00:00,4.0,Completed,2026-09-07
2678,491,144,2026-09-07,2026-09-07 14:00:00,2026-09-07 18:00:00,4,,,0.0,No-Show,2026-09-07
2679,502,124,2026-09-07,2026-09-07 14:00:00,2026-09-07 22:00:00,8,2026-09-07 14:00:00,2026-09-07 22:00:00,8.0,Completed,2026-09-07
2680,620,141,2026-09-07,2026-09-07 15:00:00,2026-09-07 23:00:00,8,2026-09-07 15:00:00,2026-09-07 23:00:00,8.0,Completed,2026-09-07
2681,440,104,2026-09-07,2026-09-07 22:00:00,2026-09-08 02:00:00,4,2026-09-07 22:00:00,2026-09-08 02:00:00,4.0,Completed,2026-09-07
2682,584,80,2026-09-07,2026-09-07 06:00:00,2026-09-07 18:00:00,12,2026-09-07 06:00:00,2026-09-07 18:00:00,12.0,Completed,2026-09-07
2683,596,52,2026-09-07,2026-09-07 09:00:00,2026-09-07 21:00:00,12,2026-09-07 09:00:00,2026-09-07 21:00:00,12.0,Completed,2026-09-07
2684,685,79,2026-09-07,2026-09-07 15:00:00,2026-09-07 23:00:00,8,2026-09-07 15:00:00,2026-09-07 23:00:00,8.0,Completed,2026-09-07
2685,667,40,2026-09-07,2026-09-07 07:00:00,2026-09-07 13:00:00,6,,,,Scheduled,2026-09-07
2686,614,139,2026-09-07,2026-09-07 09:00:00,2026-09-07 15:00:00,6,2026-09-07 09:00:00,2026-09-07 15:00:00,6.0,Completed,2026-09-07
2687,576,131,2026-09-07,2026-09-07 15:00:00,2026-09-07 21:00:00,6,2026-09-07 15:00:00,2026-09-07 21:00:00,6.0,Completed,2026-09-07
2688,461,127,2026-09-07,2026-09-07 15:00:00,2026-09-07 21:00:00,6,2026-09-07 15:00:00,2026-09-07 21:00:00,6.0,Completed,2026-09-07
2689,602,109,2026-09-07,2026-09-07 14:00:00,2026-09-08 02:00:00,12,,,0.0,Cancelled - Employee,2026-09-07
2690,506,132,2026-09-07,2026-09-07 06:00:00,2026-09-07 18:00:00,12,2026-09-07 06:00:00,2026-09-07 18:00:00,12.0,Completed,2026-09-07
2691,428,61,2026-09-07,2026-09-07 07:00:00,2026-09-07 19:00:00,12,2026-09-07 07:00:00,2026-09-07 19:00:00,12.0,Completed,2026-09-07
2692,675,134,2026-09-07,2026-09-07 22:00:00,2026-09-08 06:00:00,8,2026-09-07 22:00:00,2026-09-08 06:00:00,8.0,Completed,2026-09-07
2693,669,54,2026-09-07,2026-09-07 14:00:00,2026-09-07 20:00:00,6,2026-09-07 14:00:00,2026-09-07 20:00:00,6.0,Completed,2026-09-07
2694,658,49,2026-09-07,2026-09-07 08:00:00,2026-09-07 20:00:00,12,2026-09-07 08:00:00,2026-09-07 20:00:00,12.0,Completed,2026-09-07
2695,25,126,2026-09-07,2026-09-07 15:00:00,2026-09-07 21:00:00,6,2026-09-07 15:00:00,2026-09-07 21:00:00,6.0,Completed,2026-09-07
2696,625,15,2026-09-07,2026-09-07 14:00:00,2026-09-07 20:00:00,6,,,0.0,Cancelled - Employee,2026-09-07
2697,659,17,2026-09-07,2026-09-07 09:00:00,2026-09-07 17:00:00,8,2026-09-07 09:00:00,2026-09-07 17:00:00,8.0,Completed,2026-09-07
2698,29,118,2026-09-07,2026-09-07 08:00:00,2026-09-07 14:00:00,6,2026-09-07 08:00:00,2026-09-07 14:00:00,6.0,Completed,2026-09-07
2699,27,108,2026-09-07,2026-09-07 15:00:00,2026-09-07 21:00:00,6,2026-09-07 15:00:00,2026-09-07 21:00:00,6.0,Completed,2026-09-07
2700,687,56,2026-09-07,2026-09-07 14:00:00,2026-09-07 22:00:00,8,2026-09-07 14:00:00,2026-09-07 22:00:00,8.0,Completed,2026-09-07
2701,674,100,2026-09-07,2026-09-07 06:00:00,2026-09-07 14:00:00,8,2026-09-07 06:00:00,2026-09-07 14:00:00,8.0,Completed,2026-09-07
2702,641,45,2026-09-07,2026-09-07 07:00:00,2026-09-07 15:00:00,8,2026-09-07 07:00:00,2026-09-07 15:00:00,8.0,Completed,2026-09-07
2703,500,129,2026-09-07,2026-09-07 06:00:00,2026-09-07 12:00:00,6,,,0.0,Cancelled - Client,2026-09-07
2704,663,1,2026-09-07,2026-09-07 15:00:00,2026-09-07 19:00:00,4,2026-09-07 15:00:00,2026-09-07 19:00:00,4.0,Completed,2026-09-07
2705,662,99,2026-09-07,2026-09-07 07:00:00,2026-09-07 11:00:00,4,2026-09-07 07:00:00,2026-09-07 11:00:00,4.0,Completed,2026-09-07
2706,638,111,2026-09-07,2026-09-07 08:00:00,2026-09-07 20:00:00,12,2026-09-07 08:00:00,2026-09-07 20:00:00,12.0,Completed,2026-09-07
2707,673,107,2026-09-07,2026-09-07 07:00:00,2026-09-07 13:00:00,6,,,0.0,Cancelled - Employee,2026-09-07
2708,607,128,2026-09-07,2026-09-07 08:00:00,2026-09-07 16:00:00,8,2026-09-07 08:00:00,2026-09-07 16:00:00,8.0,Completed,2026-09-07
2709,665,85,2026-09-07,2026-09-07 08:00:00,2026-09-07 12:00:00,4,2026-09-07 08:00:00,2026-09-07 12:00:00,4.0,Completed,2026-09-07
2710,519,123,2026-09-07,2026-09-07 06:00:00,2026-09-07 14:00:00,8,2026-09-07 06:00:00,2026-09-07 14:00:00,8.0,Completed,2026-09-07
2711,616,65,2026-09-07,2026-09-07 06:00:00,2026-09-07 12:00:00,6,2026-09-07 06:00:00,2026-09-07 12:00:00,6.0,Completed,2026-09-07
2712,655,89,2026-09-07,2026-09-07 14:00:00,2026-09-07 22:00:00,8,2026-09-07 14:00:00,2026-09-07 22:00:00,8.0,Completed,2026-09-07
2713,433,137,2026-09-07,2026-09-07 08:00:00,2026-09-07 14:00:00,6,2026-09-07 08:00:00,2026-09-07 14:00:00,6.0,Completed,2026-09-07
2714,436,120,2026-09-07,2026-09-07 22:00:00,2026-09-08 02:00:00,4,2026-09-07 22:00:00,2026-09-08 02:00:00,4.0,Completed,2026-09-07
2715,648,19,2026-09-07,2026-09-07 07:00:00,2026-09-07 13:00:00,6,2026-09-07 07:00:00,2026-09-07 13:00:00,6.0,Completed,2026-09-07
2716,643,102,2026-09-07,2026-09-07 14:00:00,2026-09-08 02:00:00,12,2026-09-07 14:00:00,2026-09-08 02:00:00,12.0,Completed,2026-09-07
2717,456,135,2026-09-07,2026-09-07 14:00:00,2026-09-07 22:00:00,8,2026-09-07 14:00:00,2026-09-07 22:00:00,8.0,Completed,2026-09-07
2718,358,72,2026-09-07,2026-09-07 06:00:00,2026-09-07 18:00:00,12,2026-09-07 06:00:00,2026-09-07 18:00:00,12.0,Completed,2026-09-07
2719,5,5,2026-09-07,2026-09-07 08:00:00,2026-09-07 16:00:00,8,2026-09-07 08:00:00,2026-09-07 16:00:00,8.0,Completed,2026-09-07
2720,666,73,2026-09-07,2026-09-07 15:00:00,2026-09-08 03:00:00,12,,,0.0,No-Show,2026-09-07
